user_id,gig_type,city,vehicle_class,monthly_avg_income,raw_income_cv,cohort_adjusted_volatility,income_trend_slope,income_floor_ratio,earning_gap_irregularity,upi_monthly_txns,utility_on_time_ratio,platform_tenure_months,avg_savings_ratio,avg_platform_rating,rating_trend,data_completeness,trust_score
GIG_0001,food_delivery,pune,bike,15305.47,0.2923,0.0292,0.00098,0.4064,0.6484,92.0,0.7148,38,0.3058,3.61,-0.101,1.0,585
GIG_0002,ride_hailing,mumbai,car,22457.17,0.266,0.014,-0.01377,0.1296,0.6938,96.0,0.7617,32,0.2623,3.29,-0.421,1.0,398
GIG_0003,food_delivery,pune,scooter,13148.2,0.2132,-0.0494,0.00287,0.2529,0.4718,56.0,0.5736,8,0.1328,2.63,0.114,1.0,368
GIG_0004,home_services,hyderabad,car,21098.96,0.278,0.0426,0.00472,0.2696,0.3796,96.0,0.9007,37,0.3223,3.81,0.254,1.0,755
GIG_0005,food_delivery,pune,bike,53726.54,0.228,-0.0351,-0.0036,0.3945,0.7352,97.0,,21,0.209,3.27,-0.33,0.6667,596
GIG_0006,ride_hailing,pune,scooter,38111.01,0.2537,0.0041,0.00795,0.2707,0.4826,94.0,0.8186,25,0.2671,3.37,0.137,1.0,469
GIG_0007,courier,hyderabad,scooter,24535.66,0.2656,0.03075,0.00129,0.1488,0.3353,105.0,0.8338,30,0.2625,3.2,0.174,1.0,543
GIG_0008,courier,delhi,car,38913.05,0.2286,0.00315,-0.00321,0.3578,0.2976,142.0,,31,0.3264,3.92,-0.084,0.6667,595
GIG_0009,food_delivery,delhi,bike,17120.72,0.15,-0.11155,0.00122,0.6622,0.6246,70.0,0.8275,18,0.2623,,,0.6667,709
GIG_0010,food_delivery,bengaluru,scooter,11793.49,0.3259,0.0631,-0.01632,0.3987,1.4477,49.0,0.6355,12,0.1719,3.63,-0.482,1.0,532
GIG_0011,food_delivery,hyderabad,bike,52087.47,0.2537,-0.0168,0.00183,0.3115,0.5099,118.0,0.9108,32,0.3292,4.74,-0.032,1.0,611
GIG_0012,courier,bengaluru,car,18320.81,0.3136,0.0676,0.00496,0.2207,0.7518,84.0,0.8787,38,0.3012,3.87,-0.005,1.0,596
GIG_0013,food_delivery,delhi,scooter,39694.04,0.4055,0.1379,0.01507,0.1306,0.6534,105.0,0.5775,32,0.2317,3.0,0.082,1.0,561
GIG_0014,courier,mumbai,bike,24599.46,0.3057,0.0872,-0.00601,0.2993,0.6929,64.0,0.5,13,0.1604,2.93,-0.268,1.0,322
GIG_0015,ride_hailing,delhi,car,13277.71,0.3066,0.0664,0.00947,0.3702,0.4914,84.0,0.6633,21,0.2692,3.09,0.562,1.0,611
GIG_0016,ride_hailing,hyderabad,car,44830.12,0.251,0.0108,0.00693,0.3307,0.6526,95.0,0.5976,17,0.2096,3.26,0.35,1.0,726
GIG_0017,food_delivery,pune,scooter,45787.95,0.2087,-0.0539,-0.00021,0.4846,0.7107,,0.8626,30,0.2147,3.77,-0.052,0.6667,546
GIG_0018,home_services,bengaluru,none,13770.2,0.202,-0.02735,0.0047,0.3939,0.2691,106.0,0.8945,41,0.3557,,,0.6667,809
GIG_0019,home_services,bengaluru,none,35686.77,0.2861,0.05675,0.00303,0.3106,0.8175,100.0,0.9099,18,0.2436,3.59,0.061,1.0,448
GIG_0020,food_delivery,delhi,bike,29722.62,0.275,0.01345,-0.01047,0.4365,0.6693,,0.7952,30,0.263,3.59,-0.296,0.6667,324
GIG_0021,home_services,hyderabad,car,18268.18,0.2219,-0.0135,0.00191,0.3734,0.4528,87.0,0.7756,35,0.2793,4.09,0.145,1.0,613
GIG_0022,courier,hyderabad,scooter,19819.66,0.2806,0.04575,0.00022,0.1514,0.4882,59.0,0.8374,13,0.1611,3.34,0.139,1.0,479
GIG_0023,home_services,pune,none,49146.25,0.2157,-0.0203,-0.0007,0.3581,0.4947,140.0,0.8895,33,0.2773,3.66,-0.041,1.0,588
GIG_0024,courier,bengaluru,scooter,31610.73,0.2067,-0.0248,-0.00377,0.2016,0.1962,94.0,0.6328,32,0.2401,2.62,-0.287,1.0,489
GIG_0025,courier,pune,bike,16497.53,0.2915,0.0589,-0.01425,0.29,0.2929,84.0,0.8068,29,0.2427,3.57,-0.487,1.0,452
GIG_0026,ride_hailing,pune,car,42257.65,0.3359,0.0861,-0.01924,0.1734,0.2785,118.0,,22,0.2475,2.97,-0.321,0.6667,408
GIG_0027,ride_hailing,pune,car,23984.6,0.2083,-0.0415,0.00627,0.3495,0.5127,,0.8762,38,0.2985,,,0.3333,564
GIG_0028,food_delivery,bengaluru,scooter,15298.67,0.365,0.1022,-0.00042,0.175,0.6709,95.0,0.7887,37,0.3224,3.11,-0.137,1.0,573
GIG_0029,food_delivery,pune,bike,18856.14,0.2525,-0.0106,-0.01191,0.4785,0.4651,53.0,0.5794,7,0.1744,3.03,-0.406,1.0,388
GIG_0030,home_services,delhi,car,54749.41,0.1439,-0.0589,-0.00122,0.6894,0.457,108.0,,27,0.2829,3.72,0.078,0.6667,588
GIG_0031,courier,hyderabad,car,32452.45,0.3386,0.1071,-0.01086,0.2345,0.311,137.0,0.7527,32,0.3213,3.99,-0.43,1.0,453
GIG_0032,courier,bengaluru,scooter,25954.87,0.2264,-0.0051,0.00011,0.3904,0.6382,102.0,0.7377,22,0.2892,3.07,-0.084,1.0,610
GIG_0033,home_services,pune,car,45788.77,0.2654,0.0348,-0.00217,0.302,0.4582,115.0,0.5,38,0.2416,3.21,-0.261,1.0,343
GIG_0034,courier,mumbai,car,21443.83,0.1319,-0.0849,0.00049,0.4186,0.4626,92.0,0.7365,30,0.2697,3.61,-0.079,1.0,511
GIG_0035,home_services,pune,none,56768.3,0.2558,0.0198,0.0142,0.5273,0.4559,119.0,0.8713,19,0.2171,4.18,0.309,1.0,813
GIG_0036,home_services,mumbai,bike,25831.41,0.2053,-0.013,-0.00322,0.4302,0.5023,111.0,0.9315,18,0.2369,4.22,-0.082,1.0,538
GIG_0037,food_delivery,mumbai,scooter,39902.06,0.1821,-0.0789,0.00014,0.5296,0.5397,,0.6065,11,0.1868,3.53,-0.073,0.6667,675
GIG_0038,courier,delhi,scooter,34543.63,0.3089,0.05745,-0.00015,0.1034,0.9615,85.0,,13,0.1492,2.05,-0.114,0.6667,300
GIG_0039,food_delivery,hyderabad,bike,26162.05,0.2079,-0.0626,-0.00057,0.3471,0.8671,118.0,0.6919,38,0.2826,4.0,-0.08,1.0,637
GIG_0040,ride_hailing,bengaluru,car,32209.92,0.3668,0.1103,-0.01846,0.2155,0.5505,106.0,0.8843,21,0.2591,3.36,-0.44,1.0,300
GIG_0041,ride_hailing,hyderabad,bike,25763.21,0.2735,0.0466,-0.01517,0.362,0.7965,82.0,0.7545,26,0.2013,,,0.6667,448
GIG_0042,ride_hailing,pune,car,50290.03,0.3791,0.1293,-0.01961,0.1324,0.7042,138.0,0.8048,32,0.3121,3.65,-0.528,1.0,474
GIG_0043,home_services,pune,car,21794.19,0.2513,0.0207,-0.00893,0.4993,1.0048,,0.5771,17,0.1298,2.82,-0.537,0.6667,300
GIG_0044,courier,hyderabad,scooter,37473.48,0.1654,-0.06945,-0.00187,0.2919,0.6024,89.0,0.8678,20,0.1976,3.6,-0.055,1.0,604
GIG_0045,home_services,pune,none,10542.85,0.2365,0.0005,-0.00467,0.4632,0.5999,112.0,1.0,45,0.332,4.77,-0.329,1.0,500
GIG_0046,courier,mumbai,scooter,39395.15,0.257,0.0237,-0.00452,0.3318,0.5391,96.0,,17,0.2377,,,0.3333,550
GIG_0047,ride_hailing,mumbai,car,47048.14,0.2595,0.0075,0.00094,0.1301,0.6696,109.0,,16,0.204,2.54,-0.011,0.6667,376
GIG_0048,courier,delhi,bike,12095.37,0.2483,-0.0137,0.00468,0.2868,0.943,74.0,0.7961,23,0.2195,3.21,0.377,1.0,644
GIG_0049,ride_hailing,mumbai,car,33894.03,0.2812,0.0292,0.00023,0.3231,0.6436,128.0,,36,0.2947,3.71,0.066,0.6667,599
GIG_0050,food_delivery,delhi,scooter,40250.87,0.2878,0.0202,-0.01329,0.2578,0.4758,97.0,,20,0.2409,3.62,-0.352,0.6667,396
GIG_0051,home_services,mumbai,car,52346.11,0.3357,0.1072,0.01157,0.2333,0.3965,102.0,0.7947,31,0.2389,3.23,0.537,1.0,760
GIG_0052,food_delivery,hyderabad,bike,19017.15,0.1535,-0.117,-0.00164,0.6108,0.429,98.0,0.9119,30,0.3082,4.71,-0.148,1.0,654
GIG_0053,courier,bengaluru,scooter,19946.32,0.2315,0.0,0.00957,0.5451,0.3998,87.0,0.5607,23,0.2226,3.2,0.303,1.0,688
GIG_0054,ride_hailing,hyderabad,car,38686.78,0.1991,-0.0411,0.00113,0.4526,0.5925,96.0,0.5019,30,0.2537,3.67,-0.084,1.0,497
GIG_0055,courier,hyderabad,scooter,44084.05,0.211,-0.02385,-0.00058,0.3002,0.2816,110.0,0.8593,28,0.224,3.03,-0.118,1.0,433
GIG_0056,courier,bengaluru,bike,11328.47,0.3491,0.1077,-0.02023,0.3156,0.7345,,0.836,23,0.2125,3.33,-0.375,0.6667,404
GIG_0057,home_services,hyderabad,none,41057.37,0.2515,0.015,0.00668,0.3878,0.7776,,0.561,20,0.1689,,,0.3333,662
GIG_0058,home_services,bengaluru,none,28566.91,0.2199,-0.00945,-0.00013,0.3239,0.8878,87.0,0.7768,14,0.2291,2.61,-0.277,1.0,648
GIG_0059,food_delivery,mumbai,scooter,40896.14,0.2645,0.0035,-0.01109,0.2126,0.5527,85.0,0.9108,19,0.2547,3.5,-0.373,1.0,447
GIG_0060,ride_hailing,hyderabad,car,32666.19,0.1491,-0.0911,9e-05,0.6474,0.8978,90.0,0.8949,18,0.2255,3.46,0.01,1.0,547
GIG_0061,food_delivery,bengaluru,bike,32994.17,0.1363,-0.1085,-1e-05,0.6847,0.4783,84.0,0.8419,11,0.2006,3.13,0.137,1.0,605
GIG_0062,courier,bengaluru,scooter,17459.49,0.3894,0.1579,-0.01825,0.1052,0.9907,69.0,,11,0.1678,2.67,-0.404,0.6667,300
GIG_0063,ride_hailing,delhi,car,41369.14,0.2459,0.0057,-0.00261,0.3014,0.7786,66.0,0.5902,7,0.1148,2.45,0.162,1.0,436
GIG_0064,courier,pune,bike,17838.54,0.2051,-0.0275,0.00545,0.4675,0.6411,94.0,0.6942,33,0.2404,3.5,0.394,1.0,670
GIG_0065,courier,delhi,bike,23328.43,0.2883,0.0263,-0.01345,0.3837,0.5042,95.0,0.5339,26,0.2816,3.22,-0.359,1.0,586
GIG_0066,food_delivery,bengaluru,bike,38810.84,0.2529,0.0081,-0.0107,0.5452,0.8955,86.0,0.6892,12,0.1972,3.76,-0.628,1.0,499
GIG_0067,ride_hailing,pune,car,26917.66,0.3599,0.1101,-0.00988,0.1862,0.4899,71.0,0.6524,17,0.2299,2.39,-0.349,1.0,345
GIG_0068,home_services,delhi,none,23793.25,0.2044,-0.0372,0.00054,0.4595,0.8728,93.0,,22,0.2401,,,0.3333,508
GIG_0069,food_delivery,hyderabad,bike,22027.6,0.3087,0.0382,0.0044,0.2104,0.7036,82.0,,18,0.2539,2.99,0.163,0.6667,402
GIG_0070,home_services,bengaluru,car,47002.54,0.1865,-0.0564,-0.00408,0.5296,1.3305,,0.5,24,0.2645,4.08,-0.03,0.6667,590
GIG_0071,ride_hailing,pune,car,34331.28,0.2969,0.0471,-0.01538,0.4899,1.3536,143.0,,38,0.2909,3.9,-0.457,0.6667,456
GIG_0072,food_delivery,delhi,bike,41371.65,0.1775,-0.08405,0.00057,0.437,0.2785,117.0,0.7161,38,0.3565,4.34,0.063,1.0,686
GIG_0073,home_services,bengaluru,none,22746.85,0.3487,0.11935,-0.01575,0.3091,0.469,97.0,0.5644,27,0.2661,3.65,-0.482,1.0,392
GIG_0074,ride_hailing,delhi,car,46062.2,0.2496,0.0094,0.00069,0.133,0.507,131.0,0.6553,19,0.1969,2.64,-0.029,1.0,459
GIG_0075,ride_hailing,delhi,car,48392.42,0.3173,0.0771,-0.01499,0.3404,1.1966,135.0,0.5657,37,0.2733,3.45,-0.463,1.0,363
GIG_0076,food_delivery,bengaluru,bike,47418.24,0.1694,-0.0754,0.00327,0.3326,0.385,93.0,0.8279,13,0.1984,3.04,-0.075,1.0,602
GIG_0077,food_delivery,bengaluru,scooter,27961.81,0.2116,-0.0512,0.00592,0.5052,0.3011,97.0,0.5,31,0.2289,3.14,0.244,1.0,671
GIG_0078,ride_hailing,hyderabad,bike,17213.78,0.2824,0.0555,-0.01504,0.5987,0.6462,106.0,0.5136,29,0.3124,3.82,-0.612,1.0,454
GIG_0079,food_delivery,bengaluru,car,33637.0,0.2752,0.0148,0.0086,0.1321,0.4992,130.0,0.7363,38,0.3193,3.58,0.446,1.0,665
GIG_0080,home_services,delhi,none,32764.73,0.2856,0.044,0.01237,0.4492,0.7929,87.0,0.5449,9,0.1309,2.46,0.539,1.0,579
GIG_0081,food_delivery,bengaluru,scooter,28569.71,0.3591,0.0963,0.00297,0.1203,0.5765,71.0,0.6206,25,0.2475,3.31,0.029,1.0,547
GIG_0082,ride_hailing,delhi,bike,15885.17,0.2406,-0.0017,-0.00075,0.2519,0.4694,,0.7731,25,0.3041,,,0.3333,548
GIG_0083,ride_hailing,hyderabad,car,34322.56,0.2577,0.0175,0.00698,0.2904,0.4508,114.0,0.8566,23,0.2991,3.48,0.439,1.0,811
GIG_0084,home_services,bengaluru,none,52365.98,0.2074,-0.02195,-0.00031,0.4628,0.6348,92.0,0.7358,19,0.2258,3.56,-0.062,1.0,479
GIG_0085,food_delivery,pune,scooter,24159.41,0.1849,-0.0777,0.00086,0.4591,0.772,58.0,0.6225,11,0.1913,3.27,0.011,1.0,595
GIG_0086,food_delivery,bengaluru,bike,46359.18,0.2925,0.0477,0.00874,0.286,0.5556,99.0,0.8854,19,0.1657,2.98,0.385,1.0,611
GIG_0087,food_delivery,mumbai,bike,39581.1,0.3188,0.0667,-0.00843,0.1648,0.8125,116.0,0.7792,30,0.2631,3.14,-0.146,1.0,347
GIG_0088,home_services,bengaluru,none,23517.21,0.1968,-0.03255,-0.00254,0.4703,0.8406,80.0,0.7391,24,0.1992,3.56,-0.059,1.0,499
GIG_0089,courier,hyderabad,bike,47508.06,0.2989,0.0601,-0.01434,0.2772,0.5335,135.0,0.9222,32,0.2928,4.34,-0.393,1.0,480
GIG_0090,courier,mumbai,scooter,29558.19,0.1387,-0.0946,0.00416,0.6353,0.5426,104.0,0.8042,18,0.245,3.96,0.398,1.0,708
GIG_0091,ride_hailing,delhi,car,13190.36,0.256,0.0158,-0.00101,0.313,0.8622,94.0,0.6741,21,0.2381,2.9,0.023,1.0,530
GIG_0092,ride_hailing,bengaluru,car,18020.91,0.3015,0.045,-0.01159,0.4196,1.2133,71.0,0.875,20,0.2771,3.84,-0.528,1.0,473
GIG_0093,ride_hailing,bengaluru,car,49334.9,0.2461,-0.0104,-0.0021,0.1322,0.6458,114.0,0.5088,42,0.2618,3.52,-0.031,1.0,524
GIG_0094,ride_hailing,bengaluru,car,46274.91,0.3317,0.0752,0.00821,0.2926,0.737,83.0,0.6982,13,0.1678,2.46,0.202,1.0,553
GIG_0095,home_services,bengaluru,bike,21599.8,0.2599,0.0246,0.00821,0.2847,0.7608,93.0,0.6317,30,0.2609,3.63,0.277,1.0,593
GIG_0096,ride_hailing,hyderabad,car,15727.09,0.3314,0.0912,0.01733,0.2986,0.8988,82.0,,26,0.2184,3.05,0.394,0.6667,583
GIG_0097,ride_hailing,mumbai,car,33144.59,0.223,-0.029,-0.00402,0.4797,0.811,95.0,0.7285,23,0.2792,3.65,-0.087,1.0,602
GIG_0098,ride_hailing,delhi,car,12676.65,0.3306,0.0904,-0.01312,0.284,0.7208,77.0,,27,0.2313,3.45,-0.445,0.6667,338
GIG_0099,food_delivery,hyderabad,bike,43675.17,0.4467,0.1762,-0.02362,0.2188,0.8008,113.0,0.6281,27,0.2251,3.36,-0.47,1.0,473
GIG_0100,food_delivery,delhi,bike,29526.12,0.2233,-0.03825,-0.00812,0.6113,0.5924,126.0,0.848,41,0.3186,4.67,-0.25,1.0,626
GIG_0101,food_delivery,bengaluru,bike,28290.53,0.2321,-0.0127,0.00073,0.4344,0.7695,,0.7331,23,0.2518,3.55,0.095,0.6667,576
GIG_0102,food_delivery,hyderabad,bike,32826.9,0.3188,0.0483,-0.00986,0.2893,0.357,89.0,0.9628,20,0.2227,3.62,-0.334,1.0,373
GIG_0103,food_delivery,mumbai,bike,12689.71,0.3118,0.0597,0.00645,0.3132,0.6807,98.0,0.6829,46,0.3384,3.61,0.499,1.0,670
GIG_0104,food_delivery,hyderabad,bike,11510.5,0.1973,-0.0732,0.00179,0.6134,1.1076,80.0,0.7386,23,0.246,3.7,0.064,1.0,589
GIG_0105,food_delivery,hyderabad,scooter,37030.1,0.3588,0.09645,-0.01626,0.4645,0.5814,111.0,0.7482,31,0.2955,3.75,-0.487,1.0,376
GIG_0106,ride_hailing,hyderabad,car,23636.71,0.1606,-0.0796,-0.00106,0.4367,0.7128,88.0,0.6874,22,0.2591,3.14,0.193,1.0,585
GIG_0107,ride_hailing,mumbai,car,24147.44,0.2894,0.0374,-0.00075,0.2183,0.543,63.0,,25,0.2016,2.85,-0.069,0.6667,386
GIG_0108,home_services,mumbai,none,38054.74,0.2777,0.0379,0.00136,0.2004,0.6321,73.0,0.5,22,0.1683,2.69,0.015,1.0,518
GIG_0109,ride_hailing,pune,car,53880.94,0.2236,-0.0262,0.00351,0.4483,0.3727,124.0,0.9004,28,0.258,3.67,0.052,1.0,809
GIG_0110,courier,bengaluru,bike,35344.68,0.3179,0.0765,-0.01417,0.4861,1.0688,111.0,0.7625,29,0.2785,4.17,-0.403,1.0,388
GIG_0111,home_services,pune,none,47054.32,0.3449,0.1089,-0.01415,0.3231,1.1402,112.0,0.7678,22,0.2322,3.76,-0.552,1.0,354
GIG_0112,courier,mumbai,bike,20475.58,0.1664,-0.0521,-7e-05,0.5482,0.6294,84.0,0.6213,23,0.2543,3.69,-0.048,1.0,577
GIG_0113,food_delivery,mumbai,bike,29253.43,0.2857,0.0336,-0.00428,0.2379,0.957,73.0,,15,0.219,,,0.3333,540
GIG_0114,food_delivery,pune,scooter,42988.11,0.2877,0.0251,-0.00719,0.264,0.6537,96.0,0.889,18,0.2233,3.21,-0.218,1.0,377
GIG_0115,food_delivery,bengaluru,bike,45924.32,0.2344,-0.0104,0.00443,0.5654,0.7635,98.0,0.662,21,0.2003,3.14,0.169,1.0,586
GIG_0116,food_delivery,pune,car,44813.93,0.2783,0.003,-0.00964,0.5005,0.9501,104.0,0.5,28,0.2475,3.65,-0.155,1.0,558
GIG_0117,ride_hailing,hyderabad,car,18705.88,0.2075,-0.0327,0.00443,0.4071,0.7031,90.0,0.7167,26,0.2514,3.59,-0.084,1.0,518
GIG_0118,ride_hailing,bengaluru,car,19799.86,0.2759,0.0194,-0.01411,0.4603,0.6975,111.0,,49,0.3822,3.83,-0.529,0.6667,529
GIG_0119,ride_hailing,pune,car,17538.24,0.2442,-0.0056,-0.00848,0.5101,0.5078,106.0,0.5834,36,0.3131,3.84,-0.465,1.0,595
GIG_0120,food_delivery,pune,scooter,47714.68,0.2556,-0.007,0.00852,0.431,0.3029,137.0,,36,0.3403,3.47,0.38,0.6667,662
GIG_0121,home_services,pune,none,13422.97,0.2086,-0.0274,-0.01077,0.5324,0.3339,87.0,0.8438,25,0.2218,3.91,-0.278,1.0,559
GIG_0122,home_services,bengaluru,none,36082.12,0.2401,0.01075,0.00067,0.3698,0.9272,101.0,,29,0.2574,3.2,0.131,0.6667,510
GIG_0123,food_delivery,mumbai,scooter,17572.92,0.2649,0.0039,-0.00244,0.115,1.0547,62.0,0.5092,12,0.16,2.46,0.021,1.0,319
GIG_0124,food_delivery,mumbai,bike,18921.03,0.2894,0.0373,-0.00395,0.1634,0.9162,,0.7191,22,0.2125,2.96,-0.215,0.6667,445
GIG_0125,food_delivery,bengaluru,bike,47944.86,0.339,0.0942,0.00251,0.1212,0.5455,79.0,0.7271,12,0.1687,2.38,0.028,1.0,407
GIG_0126,home_services,hyderabad,bike,18826.4,0.2749,0.0446,0.01027,0.3266,0.3252,72.0,,14,0.2264,3.59,0.602,0.6667,629
GIG_0127,ride_hailing,mumbai,scooter,35337.2,0.1675,-0.0612,0.00336,0.4448,0.4477,97.0,0.5864,23,0.2335,3.21,0.243,1.0,566
GIG_0128,home_services,pune,none,46811.41,0.3588,0.1228,-0.01554,0.1113,0.8192,102.0,0.776,19,0.1742,2.87,-0.324,1.0,300
GIG_0129,ride_hailing,delhi,car,38735.74,0.1829,-0.0573,-0.00432,0.5243,0.2929,75.0,0.7888,11,0.1947,3.37,-0.258,1.0,580
GIG_0130,food_delivery,hyderabad,bike,18196.62,0.204,-0.0665,-0.00141,0.2972,0.4438,57.0,0.5,15,0.176,2.43,-0.067,1.0,351
GIG_0131,home_services,delhi,none,30041.38,0.2876,0.046,-0.00176,0.1505,0.5326,108.0,0.8595,35,0.3181,3.55,0.013,1.0,506
GIG_0132,food_delivery,bengaluru,bike,24483.71,0.1576,-0.0872,0.0003,0.6499,0.6814,64.0,0.7722,18,0.2688,3.73,-0.13,1.0,682
GIG_0133,ride_hailing,hyderabad,bike,30554.17,0.2065,-0.0204,-0.0012,0.3105,0.8099,113.0,,23,0.3077,4.21,0.222,0.6667,656
GIG_0134,courier,bengaluru,scooter,14422.59,0.3871,0.1556,-0.00359,0.1437,0.7947,49.0,,21,0.1819,2.07,-0.087,0.6667,300
GIG_0135,ride_hailing,pune,car,14211.75,0.1968,-0.053,0.00826,0.4524,0.3388,89.0,0.8658,22,0.258,3.63,0.187,1.0,710
GIG_0136,courier,hyderabad,scooter,37670.55,0.3051,0.07025,0.00815,0.2,1.0238,112.0,0.6605,26,0.3033,3.5,0.396,1.0,608
GIG_0137,food_delivery,bengaluru,scooter,21961.49,0.3074,0.0446,-0.00783,0.3431,0.6306,117.0,0.7503,32,0.312,3.83,-0.343,1.0,372
GIG_0138,food_delivery,delhi,scooter,35465.43,0.1795,-0.0881,-0.00022,0.5639,1.265,124.0,0.7956,32,0.3216,4.1,0.038,1.0,714
GIG_0139,ride_hailing,hyderabad,car,28817.69,0.2642,0.024,-0.00073,0.2794,0.5597,96.0,0.8225,18,0.2053,3.36,-0.112,1.0,469
GIG_0140,ride_hailing,hyderabad,car,43804.94,0.1881,-0.0521,0.00183,0.4571,1.1953,113.0,0.7681,23,0.2793,4.2,-0.149,1.0,718
GIG_0141,ride_hailing,delhi,car,35945.07,0.2228,-0.0174,-0.00072,0.2337,0.3224,123.0,0.6901,27,0.3407,,,0.6667,612
GIG_0142,ride_hailing,pune,car,50087.24,0.2116,-0.0382,0.0011,0.4203,0.4625,113.0,,32,0.2031,3.68,-0.051,0.6667,729
GIG_0143,courier,pune,bike,37123.09,0.2419,0.0093,-0.00432,0.1776,0.5648,109.0,0.8735,38,0.332,3.53,-0.29,1.0,584
GIG_0144,courier,pune,scooter,38480.37,0.2706,0.03925,0.00033,0.22,0.6711,104.0,0.8812,36,0.266,,,0.6667,567
GIG_0145,ride_hailing,bengaluru,car,14611.45,0.178,-0.0785,0.00119,0.6299,1.3264,79.0,0.7308,24,0.2345,3.39,0.014,1.0,530
GIG_0146,ride_hailing,delhi,car,32786.3,0.2381,-0.0021,0.00341,0.3721,1.1389,97.0,0.7938,20,0.2118,3.09,0.122,1.0,593
GIG_0147,home_services,pune,car,14882.34,0.2207,-0.0099,0.00216,0.4272,0.4455,,0.7818,18,0.2852,3.27,-0.016,0.6667,588
GIG_0148,ride_hailing,hyderabad,car,13302.52,0.2033,-0.0369,-0.00434,0.2284,0.9701,114.0,0.679,26,0.2467,3.49,0.155,1.0,653
GIG_0149,courier,delhi,scooter,26865.57,0.2442,-0.00725,0.00476,0.3514,0.4174,97.0,0.9043,20,0.2569,,,0.6667,619
GIG_0150,ride_hailing,delhi,car,45852.68,0.1224,-0.1178,-0.00105,0.7559,0.5071,127.0,1.0,30,0.3335,4.04,-0.304,1.0,576
GIG_0151,courier,pune,bike,22760.25,0.2013,-0.0313,-0.00255,0.3888,0.5159,81.0,0.9001,20,0.2695,3.3,0.015,1.0,632
GIG_0152,courier,hyderabad,car,46188.14,0.2028,-0.0287,-0.0039,0.3104,1.1387,122.0,0.6595,21,0.2641,3.62,-0.191,1.0,399
GIG_0153,courier,pune,scooter,22296.98,0.1719,-0.05945,0.001,0.5949,0.7134,103.0,0.885,25,0.2617,4.08,-0.227,1.0,649
GIG_0154,home_services,delhi,bike,23764.88,0.1725,-0.0439,0.00309,0.5489,0.5512,76.0,,12,0.2146,3.14,0.326,0.6667,683
GIG_0155,food_delivery,mumbai,scooter,47953.75,0.2702,0.0092,0.00386,0.2776,0.4347,119.0,0.6977,26,0.1758,2.36,0.136,1.0,554
GIG_0156,courier,hyderabad,bike,34253.52,0.2628,0.024,0.00157,0.3381,0.5535,,,15,0.2114,2.96,-0.11,0.3333,608
GIG_0157,home_services,hyderabad,none,19343.61,0.2059,-0.0306,0.0073,0.2807,0.531,94.0,0.7303,17,0.2026,3.13,0.334,1.0,631
GIG_0158,ride_hailing,bengaluru,car,25811.56,0.2366,-0.0199,-0.00699,0.2674,0.3856,76.0,0.8414,13,0.2363,3.46,-0.278,1.0,519
GIG_0159,ride_hailing,delhi,car,26066.98,0.2687,0.0285,0.00559,0.1791,0.606,78.0,0.8049,19,0.1601,2.81,-0.03,1.0,424
GIG_0160,ride_hailing,pune,car,26685.94,0.1875,-0.0623,0.00353,0.4683,0.587,80.0,0.7018,17,0.2711,3.73,-0.086,1.0,634
GIG_0161,food_delivery,hyderabad,scooter,22078.45,0.2721,0.00975,0.00975,0.4123,0.5694,89.0,0.6745,21,0.2048,3.51,0.35,1.0,692
GIG_0162,ride_hailing,bengaluru,car,20917.66,0.1937,-0.0628,-0.00199,0.3496,0.4291,80.0,0.8158,20,0.27,3.86,0.091,1.0,633
GIG_0163,home_services,hyderabad,none,45764.6,0.2032,-0.0333,0.00063,0.3594,1.0055,128.0,0.9096,22,0.2809,4.33,0.142,1.0,662
GIG_0164,ride_hailing,delhi,car,37721.59,0.3188,0.0786,0.01668,0.4836,0.6264,80.0,0.7433,6,0.2246,3.4,0.411,1.0,733
GIG_0165,home_services,bengaluru,none,21039.17,0.352,0.12265,-0.01263,0.1659,0.6315,73.0,0.9008,24,0.2565,3.44,-0.275,1.0,345
GIG_0166,food_delivery,mumbai,scooter,51141.81,0.214,-0.047,-0.00071,0.4589,0.3632,149.0,0.8607,26,0.3646,3.94,-0.051,1.0,670
GIG_0167,food_delivery,bengaluru,bike,22526.94,0.3327,0.0879,0.00916,0.1849,0.7335,88.0,0.7488,20,0.2166,3.72,0.19,1.0,647
GIG_0168,food_delivery,pune,scooter,18471.81,0.285,0.0224,0.01195,0.4722,0.4814,85.0,0.9054,19,0.2215,4.1,0.474,1.0,768
GIG_0169,ride_hailing,mumbai,car,44344.24,0.2841,0.0321,0.01412,0.3068,0.8827,122.0,0.6887,39,0.3475,3.72,0.434,1.0,719
GIG_0170,home_services,pune,car,48107.25,0.2217,-0.0089,-0.00515,0.4955,0.2736,96.0,0.617,15,0.1845,2.68,-0.195,1.0,431
GIG_0171,food_delivery,pune,car,38938.76,0.2298,-0.0455,-0.00577,0.382,0.5539,,0.8857,15,0.2773,4.02,-0.217,0.6667,491
GIG_0172,food_delivery,mumbai,bike,32221.38,0.3547,0.1026,0.01396,0.3118,0.6944,101.0,,28,0.2741,3.94,0.262,0.6667,680
GIG_0173,home_services,delhi,none,18707.19,0.2066,-0.035,-0.00928,0.4869,0.3366,89.0,0.6325,24,0.3005,3.85,-0.25,1.0,526
GIG_0174,ride_hailing,mumbai,car,32855.51,0.2786,0.0266,-0.00864,0.2051,0.8178,87.0,0.6662,14,0.1672,2.41,-0.464,1.0,356
GIG_0175,home_services,hyderabad,none,40777.21,0.2479,0.0114,-0.00125,0.2564,0.7963,82.0,0.7007,23,0.1878,3.49,0.08,1.0,412
GIG_0176,food_delivery,hyderabad,bike,17215.34,0.2458,-0.0247,-0.00044,0.3275,0.567,96.0,0.8023,31,0.2682,4.03,0.013,1.0,643
GIG_0177,ride_hailing,mumbai,car,20037.61,0.2628,0.0108,-0.01292,0.5744,0.6608,71.0,0.5217,24,0.2081,2.71,-0.562,1.0,419
GIG_0178,food_delivery,pune,scooter,28379.94,0.3472,0.0846,0.01386,0.2632,0.9833,89.0,,12,0.1499,2.92,0.519,0.6667,534
GIG_0179,home_services,hyderabad,car,40022.86,0.2819,0.0465,-0.0061,0.2334,1.3449,89.0,0.7546,17,0.198,2.87,-0.207,1.0,430
GIG_0180,home_services,hyderabad,none,46978.64,0.1733,-0.0632,-0.00151,0.4378,0.4269,88.0,0.8431,16,0.2428,3.47,-0.05,1.0,517
GIG_0181,food_delivery,delhi,bike,40571.15,0.4115,0.14995,0.00134,0.2103,1.5599,110.0,0.7979,27,0.2182,3.27,-0.034,1.0,539
GIG_0182,ride_hailing,hyderabad,car,17549.41,0.3052,0.065,-0.01484,0.4137,0.8387,82.0,,25,0.2491,3.43,-0.464,0.6667,409
GIG_0183,food_delivery,bengaluru,bike,26547.69,0.2196,-0.0252,0.00985,0.4408,0.5119,103.0,,25,0.2774,3.46,0.333,0.6667,595
GIG_0184,home_services,mumbai,none,17817.34,0.3917,0.1519,-0.0094,0.1173,0.6501,110.0,0.8987,32,0.2704,3.69,-0.51,1.0,300
GIG_0185,ride_hailing,pune,car,37938.46,0.2017,-0.0481,0.00385,0.3004,0.807,100.0,0.8181,16,0.257,2.66,-0.005,1.0,502
GIG_0186,ride_hailing,bengaluru,car,15009.43,0.1806,-0.0759,0.00205,0.2539,0.6764,72.0,0.8355,19,0.2272,3.48,0.036,1.0,515
GIG_0187,ride_hailing,bengaluru,car,52145.69,0.3023,0.0458,0.00739,0.2952,0.9009,,1.0,8,0.1746,3.4,0.226,0.6667,602
GIG_0188,food_delivery,pune,bike,29237.71,0.2348,-0.0283,-0.0003,0.4169,0.9867,110.0,0.6025,35,0.2898,4.53,0.028,1.0,530
GIG_0189,ride_hailing,hyderabad,car,17442.17,0.2622,0.022,0.00671,0.2692,0.9199,53.0,0.7447,15,0.1785,2.06,0.174,1.0,391
GIG_0190,food_delivery,mumbai,bike,16453.78,0.3711,0.119,-0.02129,0.3052,0.802,100.0,0.7044,41,0.2623,3.71,-0.517,1.0,442
GIG_0191,food_delivery,hyderabad,bike,31737.91,0.2728,0.0023,-0.0023,0.2899,0.8734,119.0,0.7459,29,0.3107,3.6,0.015,1.0,511
GIG_0192,ride_hailing,hyderabad,car,39534.67,0.2562,0.016,-0.00226,0.3545,0.8008,77.0,0.5923,14,0.1554,3.0,0.037,1.0,590
GIG_0193,courier,pune,scooter,38055.26,0.2759,0.04455,0.00363,0.194,1.3029,115.0,0.8847,18,0.2461,3.7,0.172,1.0,634
GIG_0194,ride_hailing,hyderabad,car,41525.8,0.252,0.0118,-0.00226,0.3562,0.6045,91.0,0.9376,14,0.2622,3.89,0.105,1.0,440
GIG_0195,ride_hailing,mumbai,bike,49428.9,0.2168,-0.03755,0.00954,0.5961,0.7064,115.0,0.8951,13,0.2044,3.46,0.421,1.0,667
GIG_0196,courier,bengaluru,bike,20645.42,0.2881,0.0467,-0.0148,0.4429,0.5285,55.0,0.5671,13,0.1088,2.93,-0.471,1.0,352
GIG_0197,home_services,pune,car,22954.64,0.2025,-0.0281,-0.00192,0.3696,0.5332,98.0,1.0,27,0.2817,3.51,-0.198,1.0,704
GIG_0198,food_delivery,delhi,bike,29653.77,0.319,0.05745,0.00182,0.1642,0.4904,89.0,0.6622,19,0.2443,2.81,0.141,1.0,363
GIG_0199,ride_hailing,delhi,car,16840.02,0.3454,0.1052,0.01684,0.3052,0.5169,73.0,0.6378,30,0.2161,3.31,0.442,1.0,684
GIG_0200,courier,mumbai,car,41821.24,0.2052,-0.0116,0.0006,0.3591,0.805,134.0,0.821,30,0.3613,4.16,0.012,1.0,570
GIG_0201,ride_hailing,bengaluru,car,52436.8,0.2562,-0.0003,0.00203,0.2123,0.566,,0.7937,21,0.2623,3.31,-0.076,0.6667,532
GIG_0202,courier,delhi,car,19457.22,0.2858,0.06035,0.00237,0.2144,0.9009,87.0,0.8375,32,0.2411,3.18,-0.151,1.0,543
GIG_0203,ride_hailing,pune,car,48819.38,0.271,0.0212,-0.00213,0.3789,0.9199,140.0,,30,0.3533,4.07,-0.117,0.6667,613
GIG_0204,food_delivery,hyderabad,bike,11043.86,0.3948,0.1243,-0.02033,0.2879,0.6086,98.0,0.7548,26,0.3014,4.11,-0.461,1.0,394
GIG_0205,food_delivery,bengaluru,scooter,13843.25,0.1638,-0.099,0.00195,0.6424,0.8999,74.0,0.6861,31,0.2889,4.16,0.089,1.0,583
GIG_0206,food_delivery,hyderabad,bike,15316.98,0.2011,-0.0694,0.00475,0.5616,0.6272,88.0,0.807,36,0.328,4.73,0.123,1.0,840
GIG_0207,food_delivery,pune,car,46435.1,0.4257,0.1504,0.01384,0.0857,0.6086,124.0,1.0,14,0.2387,2.98,0.56,1.0,608
GIG_0208,ride_hailing,delhi,car,29686.84,0.2631,0.0229,-0.00085,0.4243,0.5954,79.0,0.7743,20,0.2356,3.28,-0.055,1.0,497
GIG_0209,ride_hailing,delhi,car,50175.71,0.2545,0.0143,0.00595,0.3481,0.5278,104.0,0.7484,20,0.2242,3.35,0.065,1.0,574
GIG_0210,food_delivery,pune,bike,31623.76,0.2601,-0.003,0.00383,0.3529,0.3812,83.0,0.8592,11,0.1965,3.15,0.02,1.0,461
GIG_0211,ride_hailing,mumbai,car,50898.92,0.3231,0.0711,-0.01733,0.4754,0.7468,143.0,0.6857,32,0.3302,4.1,-0.584,1.0,610
GIG_0212,courier,bengaluru,scooter,11146.22,0.1392,-0.0923,-0.00252,0.5802,0.6934,79.0,0.9771,21,0.2822,4.18,-0.227,1.0,741
GIG_0213,courier,hyderabad,bike,50395.95,0.2732,0.0344,-0.00845,0.2902,0.5508,,0.783,19,0.2183,3.05,-0.201,0.6667,354
GIG_0214,ride_hailing,hyderabad,car,13734.04,0.175,-0.0652,0.00578,0.3493,0.6461,61.0,0.7493,16,0.2549,3.57,0.234,1.0,586
GIG_0215,ride_hailing,bengaluru,car,40894.79,0.1968,-0.0597,-0.00577,0.6076,0.6262,82.0,0.7623,18,0.1717,3.16,-0.336,1.0,572
GIG_0216,home_services,bengaluru,car,42790.35,0.1515,-0.0914,-0.00032,0.4097,0.9152,128.0,0.7312,34,0.2661,3.74,0.113,1.0,539
GIG_0217,ride_hailing,hyderabad,car,45644.84,0.3045,0.0643,0.01075,0.2172,0.4884,105.0,0.6889,7,0.1698,2.69,0.458,1.0,680
GIG_0218,ride_hailing,bengaluru,car,21913.89,0.1654,-0.0911,0.00133,0.607,1.1827,82.0,0.5298,29,0.2592,3.84,0.137,1.0,665
GIG_0219,home_services,pune,none,44331.46,0.2511,0.0151,0.01029,0.4703,1.02,130.0,0.7566,48,0.3569,3.97,0.372,1.0,811
GIG_0220,courier,pune,scooter,28043.43,0.2417,0.01035,0.00177,0.1729,0.6062,,0.5469,44,0.2744,3.17,0.045,0.6667,577
GIG_0221,ride_hailing,hyderabad,scooter,46896.58,0.1482,-0.0822,0.00065,0.5892,0.7112,131.0,0.9171,35,0.3206,4.49,0.011,1.0,721
GIG_0222,food_delivery,delhi,scooter,16723.04,0.3639,0.0963,-0.01839,0.3469,0.8763,95.0,0.9879,21,0.3003,3.44,-0.409,1.0,363
GIG_0223,food_delivery,mumbai,bike,23904.52,0.2859,0.0338,0.00918,0.2206,0.6905,123.0,0.6114,35,0.3283,3.74,0.42,1.0,681
GIG_0224,ride_hailing,hyderabad,car,23982.3,0.1844,-0.0558,0.00136,0.5288,0.2943,109.0,0.9945,46,0.3612,3.98,0.191,1.0,822
GIG_0225,home_services,mumbai,none,34667.54,0.17,-0.0698,0.00039,0.4715,0.3279,96.0,0.6729,21,0.1985,3.45,-0.006,1.0,664
GIG_0226,courier,mumbai,scooter,10962.67,0.2275,-0.0058,0.00446,0.2857,0.4542,98.0,0.5525,33,0.3339,3.76,0.29,1.0,624
GIG_0227,food_delivery,hyderabad,bike,26461.45,0.2709,0.0004,0.01464,0.4646,0.7968,117.0,0.6587,38,0.3091,3.7,0.36,1.0,828
GIG_0228,food_delivery,pune,scooter,14066.32,0.3065,0.0439,0.00966,0.1985,1.0836,70.0,0.6463,13,0.2077,2.98,0.333,1.0,555
GIG_0229,food_delivery,mumbai,bike,28977.52,0.2941,0.042,0.00828,0.1579,0.5926,135.0,1.0,34,0.2928,3.8,0.404,1.0,686
GIG_0230,food_delivery,delhi,bike,50193.29,0.2117,-0.04985,-0.00041,0.4137,0.4515,113.0,,33,0.3426,4.02,0.087,0.6667,577
GIG_0231,home_services,delhi,none,11680.31,0.1731,-0.0685,0.00081,0.3899,0.6113,67.0,,27,0.2433,3.53,0.039,0.6667,389
GIG_0232,food_delivery,mumbai,bike,54513.02,0.1995,-0.0526,-0.00187,0.2067,0.2882,126.0,0.9084,26,0.2778,3.68,-0.112,1.0,654
GIG_0233,food_delivery,delhi,bike,30746.15,0.2477,-0.01385,0.00374,0.2114,0.4658,101.0,0.6747,29,0.2618,3.05,0.012,1.0,444
GIG_0234,courier,hyderabad,scooter,29435.57,0.3646,0.12975,-0.01887,0.313,0.8534,59.0,,13,0.1447,2.86,-0.548,0.6667,327
GIG_0235,food_delivery,mumbai,bike,32162.67,0.2499,-0.0022,0.00067,0.2687,0.8495,85.0,0.8767,20,0.2004,3.11,-0.086,1.0,609
GIG_0236,ride_hailing,hyderabad,car,21125.59,0.2698,0.0296,-0.00256,0.3082,0.5648,80.0,0.5396,32,0.2649,2.52,0.02,1.0,386
GIG_0237,ride_hailing,bengaluru,car,27729.1,0.2803,0.0238,-0.00083,0.2816,0.5335,100.0,,20,0.2177,,,0.3333,510
GIG_0238,courier,pune,bike,42749.58,0.2783,0.0457,0.01058,0.3512,0.4532,126.0,0.8199,16,0.1976,3.22,0.347,1.0,735
GIG_0239,food_delivery,hyderabad,scooter,13713.37,0.3418,0.07945,0.00337,0.2144,0.3481,78.0,,20,0.1726,3.13,0.254,0.6667,532
GIG_0240,ride_hailing,hyderabad,car,22145.71,0.259,0.0188,-0.00973,0.4073,0.3752,71.0,,8,0.1529,2.82,-0.277,0.6667,305
GIG_0241,courier,mumbai,bike,41744.66,0.17,-0.0485,0.00153,0.4982,0.5625,87.0,0.7902,18,0.208,3.67,-0.11,1.0,559
GIG_0242,ride_hailing,bengaluru,car,51638.52,0.1575,-0.099,-0.00034,0.4908,0.5393,114.0,0.7877,20,0.2713,3.71,0.243,1.0,606
GIG_0243,food_delivery,pune,bike,38549.46,0.2398,-0.0233,0.01206,0.5656,0.6028,135.0,,34,0.369,4.07,0.661,0.6667,807
GIG_0244,food_delivery,hyderabad,scooter,33783.25,0.296,0.03365,0.0127,0.5548,0.7433,111.0,0.7267,28,0.3204,3.48,0.335,1.0,812
GIG_0245,ride_hailing,hyderabad,car,50614.48,0.2219,-0.0183,-0.00163,0.3196,0.4626,94.0,0.9129,6,0.1924,3.55,0.331,1.0,528
GIG_0246,courier,pune,scooter,32404.7,0.3645,0.13315,-0.00025,0.2065,0.6897,97.0,,24,0.2273,3.16,-0.281,0.6667,444
GIG_0247,courier,mumbai,scooter,40563.85,0.1871,-0.0462,-0.00147,0.418,0.5355,98.0,0.5128,24,0.1748,2.98,-0.038,1.0,532
GIG_0248,food_delivery,hyderabad,scooter,16566.42,0.2055,-0.05685,-0.00053,0.4549,0.4991,110.0,0.7086,26,0.3148,4.53,0.045,1.0,705
GIG_0249,food_delivery,delhi,scooter,42267.6,0.2048,-0.0628,0.00112,0.4559,0.4963,122.0,0.862,37,0.3359,4.17,0.11,1.0,761
GIG_0250,food_delivery,hyderabad,scooter,46281.39,0.2867,0.02435,0.00948,0.2764,0.6176,97.0,0.9177,28,0.2384,3.68,0.176,1.0,601
GIG_0251,home_services,hyderabad,none,13527.82,0.2667,0.0302,-0.00094,0.2394,0.6577,69.0,0.9254,27,0.216,3.67,0.141,1.0,565
GIG_0252,home_services,pune,car,49246.18,0.2746,0.044,0.01214,0.2984,0.3298,92.0,,12,0.1758,2.52,0.402,0.6667,616
GIG_0253,food_delivery,pune,scooter,49110.73,0.26,-0.0026,0.00254,0.4132,0.6468,,0.7635,27,0.3103,3.35,-0.058,0.6667,641
GIG_0254,ride_hailing,bengaluru,bike,19011.09,0.1487,-0.10755,0.00159,0.3704,0.3632,101.0,0.7527,35,0.269,3.64,-0.173,1.0,599
GIG_0255,ride_hailing,delhi,car,17105.84,0.2079,-0.0323,0.00299,0.6031,0.5625,83.0,0.6832,26,0.31,3.47,0.012,1.0,583
GIG_0256,food_delivery,bengaluru,scooter,39810.62,0.2626,-0.0002,0.0054,0.241,1.2961,,0.888,15,0.1866,2.95,0.158,0.6667,634
GIG_0257,courier,hyderabad,scooter,35025.81,0.1452,-0.08965,0.00154,0.6097,0.7941,94.0,0.7842,26,0.2762,3.89,-0.097,1.0,609
GIG_0258,courier,bengaluru,bike,33408.87,0.2027,-0.0387,0.00838,0.5845,0.4481,113.0,1.0,16,0.2143,3.4,0.343,1.0,700
GIG_0259,food_delivery,pune,scooter,13421.47,0.2967,0.0341,0.00306,0.3023,0.8014,94.0,0.8427,31,0.3055,4.3,0.113,1.0,616
GIG_0260,ride_hailing,pune,car,26817.31,0.2487,-0.0011,0.0025,0.2171,0.3176,74.0,0.5306,30,0.2208,2.97,0.046,1.0,567
GIG_0261,ride_hailing,bengaluru,car,18504.8,0.1472,-0.1093,-0.00128,0.5525,0.6861,,0.767,25,0.2431,3.59,-0.119,0.6667,669
GIG_0262,courier,delhi,scooter,48160.03,0.2607,0.00925,-0.01222,0.1418,0.6858,96.0,0.6104,18,0.2402,3.06,-0.359,1.0,317
GIG_0263,ride_hailing,pune,car,39598.89,0.2913,0.0415,0.00367,0.2749,0.9382,110.0,0.6096,18,0.2111,2.89,0.147,1.0,546
GIG_0264,ride_hailing,delhi,car,38486.91,0.3121,0.0719,-0.00111,0.1102,0.4392,104.0,0.9626,28,0.2754,3.21,0.146,1.0,418
GIG_0265,food_delivery,delhi,scooter,19810.47,0.2737,0.0061,0.01175,0.5294,0.4635,74.0,0.8199,8,0.194,3.03,0.346,1.0,748
GIG_0266,food_delivery,hyderabad,bike,35662.33,0.3178,0.0473,-0.00774,0.2182,0.7109,98.0,0.5991,17,0.2581,3.33,-0.152,1.0,494
GIG_0267,courier,bengaluru,bike,41671.31,0.21,-0.0314,0.009,0.5316,0.9172,91.0,0.7736,13,0.1897,3.83,0.2,1.0,835
GIG_0268,courier,mumbai,scooter,20929.49,0.2705,0.0372,0.01223,0.4121,1.0466,,0.8567,35,0.302,4.5,0.602,0.6667,711
GIG_0269,food_delivery,bengaluru,bike,47868.42,0.2811,0.0363,0.01365,0.361,0.807,134.0,0.7393,33,0.3245,3.8,0.418,1.0,724
GIG_0270,courier,mumbai,bike,20224.78,0.2521,0.0336,0.00562,0.3044,0.6383,98.0,0.7359,27,0.2642,3.01,-0.118,1.0,493
GIG_0271,home_services,bengaluru,none,49142.11,0.2526,0.02325,-0.00912,0.3608,0.6947,102.0,0.7102,27,0.262,3.15,-0.229,1.0,590
GIG_0272,home_services,mumbai,bike,47807.33,0.2282,0.0099,0.0105,0.3452,0.4208,92.0,,19,0.2212,,,0.3333,817
GIG_0273,ride_hailing,delhi,car,47350.27,0.2402,0.0,0.00093,0.3843,0.7542,96.0,,16,0.1433,2.84,-0.053,0.6667,513
GIG_0274,food_delivery,mumbai,scooter,45012.88,0.2615,0.0005,0.00736,0.3863,0.4614,110.0,0.7771,25,0.2678,3.62,0.124,1.0,564
GIG_0275,food_delivery,delhi,car,20991.56,0.1592,-0.1339,0.00153,0.5951,0.6297,82.0,0.6601,27,0.2599,3.92,-0.121,1.0,724
GIG_0276,food_delivery,bengaluru,scooter,52467.26,0.2488,-0.014,-0.00225,0.376,0.5007,118.0,0.9916,28,0.2943,3.98,0.028,1.0,698
GIG_0277,home_services,bengaluru,none,22419.4,0.4024,0.17305,-0.02366,0.3573,0.3513,103.0,0.8819,28,0.3245,4.35,-0.483,1.0,508
GIG_0278,ride_hailing,bengaluru,car,32385.24,0.2885,0.032,0.00119,0.1985,0.7085,84.0,0.9317,21,0.2391,3.34,0.07,1.0,491
GIG_0279,home_services,mumbai,none,42650.19,0.1561,-0.0837,-0.00094,0.6271,0.7527,94.0,0.643,19,0.1748,3.13,-0.084,1.0,643
GIG_0280,courier,hyderabad,car,21740.32,0.2688,0.0373,-0.00871,0.2165,0.3175,121.0,0.6472,38,0.3347,4.1,-0.061,1.0,618
GIG_0281,courier,pune,car,35598.38,0.3952,0.1715,-0.02052,0.3144,0.6142,98.0,0.8473,24,0.2229,3.63,-0.319,1.0,348
GIG_0282,food_delivery,mumbai,scooter,50595.99,0.4025,0.1415,-0.02226,0.2484,0.884,143.0,,37,0.3248,3.77,-0.664,0.6667,582
GIG_0283,home_services,bengaluru,none,47061.83,0.3254,0.09605,-0.01709,0.2371,0.8726,102.0,0.796,15,0.1769,2.88,-0.442,1.0,300
GIG_0284,food_delivery,pune,bike,50599.15,0.1643,-0.0988,0.00332,0.6759,0.5597,99.0,0.7768,23,0.2043,3.54,0.15,1.0,504
GIG_0285,food_delivery,mumbai,bike,12467.97,0.3477,0.0956,-0.01615,0.2132,0.6683,83.0,0.6977,23,0.2078,3.41,-0.456,1.0,500
GIG_0286,courier,pune,bike,30120.46,0.249,0.0164,0.0091,0.3006,0.7137,113.0,,18,0.2387,3.04,0.23,0.6667,629
GIG_0287,ride_hailing,pune,bike,44476.07,0.3106,0.07505,0.00628,0.1744,0.8273,134.0,0.8041,33,0.2676,3.18,0.3,1.0,666
GIG_0288,food_delivery,delhi,scooter,12401.53,0.2189,-0.0487,-0.00548,0.5489,0.8435,58.0,,12,0.1993,3.44,-0.181,0.6667,491
GIG_0289,ride_hailing,delhi,car,12428.34,0.2651,0.0249,0.0028,0.2175,0.507,,0.6525,28,0.2373,3.02,0.195,0.6667,452
GIG_0290,food_delivery,hyderabad,bike,23883.89,0.3101,0.0396,0.0074,0.3555,0.45,98.0,0.7539,28,0.2431,,,0.6667,678
GIG_0291,home_services,delhi,none,51425.33,0.1624,-0.0792,0.00296,0.5428,0.5176,102.0,0.7703,17,0.1914,3.15,0.159,1.0,559
GIG_0292,home_services,hyderabad,car,36058.72,0.2049,-0.0305,-0.00188,0.4958,0.9189,128.0,0.7176,34,0.3243,4.36,-0.117,1.0,512
GIG_0293,ride_hailing,delhi,car,43632.91,0.1979,-0.0423,-0.00882,0.2724,0.5508,124.0,0.8897,25,0.2554,4.17,-0.415,1.0,493
GIG_0294,courier,hyderabad,scooter,38468.25,0.1689,-0.06595,0.00111,0.3758,0.4352,,0.5,14,0.2077,3.2,0.145,0.6667,517
GIG_0295,courier,hyderabad,scooter,21273.5,0.1531,-0.08175,0.0031,0.5662,0.4489,81.0,0.6922,25,0.2924,,,0.6667,717
GIG_0296,food_delivery,pune,bike,24599.17,0.331,0.0679,0.01635,0.4091,0.3489,85.0,0.8409,17,0.1807,2.7,0.364,1.0,684
GIG_0297,ride_hailing,pune,car,18537.42,0.2697,0.0199,-0.01534,0.5655,0.6308,88.0,,14,0.1718,2.67,-0.412,0.6667,300
GIG_0298,courier,pune,bike,47986.13,0.3082,0.0756,0.00753,0.2949,0.9852,116.0,0.5,26,0.1934,3.18,0.227,1.0,639
GIG_0299,home_services,pune,none,20109.68,0.251,0.015,-0.01084,0.4885,0.7366,,0.7561,9,0.2484,3.2,-0.337,0.6667,462
GIG_0300,ride_hailing,delhi,scooter,21578.83,0.2,-0.0598,0.00113,0.251,0.7945,105.0,0.5865,30,0.2601,3.06,-0.079,1.0,485
GIG_0301,home_services,pune,none,35151.85,0.1867,-0.0493,0.00505,0.3453,0.7091,85.0,0.7868,14,0.1794,3.33,0.057,1.0,565
GIG_0302,ride_hailing,hyderabad,car,33180.14,0.2324,-0.0078,0.00033,0.2651,0.7204,109.0,0.7025,33,0.2407,3.18,-0.07,1.0,571
GIG_0303,food_delivery,pune,scooter,47983.07,0.3656,0.103,-0.0213,0.5451,0.7945,,0.7602,38,0.2736,3.55,-0.379,0.6667,371
GIG_0304,home_services,delhi,none,22007.14,0.2305,-0.0111,0.00166,0.4211,0.7995,109.0,0.62,45,0.2659,3.38,0.075,1.0,522
GIG_0305,home_services,mumbai,none,31783.84,0.3156,0.0758,-0.01825,0.472,0.5944,112.0,,31,0.2916,4.04,-0.572,0.6667,479
GIG_0306,ride_hailing,mumbai,car,37367.36,0.2955,0.0435,-0.00212,0.3433,0.6986,108.0,,27,0.2461,3.53,-0.062,0.6667,531
GIG_0307,food_delivery,pune,scooter,35649.27,0.2095,-0.0531,0.00164,0.2179,0.7759,81.0,0.6197,26,0.1827,2.91,-0.131,1.0,421
GIG_0308,home_services,bengaluru,none,47974.72,0.3525,0.12315,-0.01574,0.192,0.8762,114.0,0.8513,31,0.2449,3.62,-0.364,1.0,409
GIG_0309,food_delivery,delhi,bike,10887.9,0.1913,-0.07025,0.00119,0.4265,0.5954,95.0,0.608,39,0.3415,3.84,0.196,1.0,599
GIG_0310,home_services,bengaluru,none,28986.58,0.1379,-0.09145,-0.00158,0.5678,0.4352,66.0,0.7692,9,0.2403,3.16,0.08,1.0,698
GIG_0311,courier,hyderabad,scooter,32636.15,0.2238,-0.01105,0.00655,0.2952,0.8411,109.0,0.9359,36,0.2666,3.99,0.307,1.0,623
GIG_0312,home_services,hyderabad,none,42158.07,0.3593,0.1228,0.01445,0.183,0.505,107.0,0.7806,25,0.2185,3.33,0.482,1.0,550
GIG_0313,courier,delhi,scooter,26458.97,0.2701,0.01865,0.00111,0.2242,1.3784,,0.526,24,0.1399,2.41,0.081,0.6667,315
GIG_0314,food_delivery,pune,scooter,45553.57,0.2033,-0.0593,-0.00089,0.5447,0.9951,101.0,,22,0.2653,3.49,0.015,0.6667,580
GIG_0315,courier,hyderabad,scooter,46066.0,0.1872,-0.04765,-0.00445,0.4302,0.4494,116.0,0.9387,39,0.2995,4.03,-0.2,1.0,661
GIG_0316,food_delivery,delhi,bike,23569.23,0.357,0.09545,0.00432,0.1815,0.8393,,0.5994,46,0.288,3.78,-0.091,0.6667,433
GIG_0317,food_delivery,pune,bike,25789.67,0.3577,0.0946,0.01801,0.2618,0.7918,109.0,0.6364,33,0.2455,2.99,0.473,1.0,747
GIG_0318,food_delivery,mumbai,bike,20511.14,0.2708,0.0187,-0.002,0.4832,1.0544,84.0,0.694,19,0.1811,3.3,0.075,1.0,603
GIG_0319,ride_hailing,pune,car,16939.66,0.3484,0.0986,0.00974,0.1599,0.7331,99.0,0.6921,37,0.3093,3.86,0.274,1.0,737
GIG_0320,food_delivery,hyderabad,scooter,14949.46,0.1557,-0.10665,-0.00191,0.6659,0.777,70.0,0.5463,16,0.2047,3.05,-0.161,1.0,610
GIG_0321,courier,delhi,bike,36253.18,0.201,-0.061,0.00294,0.1363,0.3825,86.0,,15,0.2072,2.95,-0.044,0.6667,470
GIG_0322,ride_hailing,mumbai,car,24521.67,0.2193,-0.0327,0.00024,0.2364,0.5734,99.0,0.5614,32,0.2005,3.16,0.199,1.0,472
GIG_0323,food_delivery,mumbai,scooter,36156.36,0.2262,-0.0348,-0.00125,0.3998,0.6625,76.0,,16,0.1759,3.1,0.033,0.6667,536
GIG_0324,ride_hailing,mumbai,car,51890.64,0.2713,0.0193,0.00603,0.2497,0.5129,103.0,0.5,15,0.1773,2.85,0.441,1.0,554
GIG_0325,home_services,bengaluru,none,18125.56,0.2012,-0.02815,0.00531,0.266,0.8973,67.0,0.7028,14,0.1387,3.0,0.096,1.0,457
GIG_0326,courier,mumbai,bike,52083.02,0.2429,0.0244,-0.0125,0.4798,0.5902,157.0,0.8889,41,0.3369,4.06,-0.46,1.0,472
GIG_0327,courier,bengaluru,scooter,48390.44,0.3869,0.1554,-0.01761,0.217,0.5138,131.0,0.7547,33,0.2719,3.33,-0.479,1.0,418
GIG_0328,home_services,delhi,none,31880.14,0.2126,-0.029,0.00812,0.4822,0.5839,111.0,0.7755,37,0.3037,,,0.6667,782
GIG_0329,food_delivery,delhi,scooter,28705.56,0.3447,0.0771,0.00506,0.1632,0.4344,125.0,,40,0.3158,4.39,0.245,0.6667,606
GIG_0330,food_delivery,bengaluru,scooter,36441.76,0.2125,-0.0503,0.00401,0.5264,0.7478,121.0,0.8131,34,0.2652,4.04,0.166,1.0,701
GIG_0331,food_delivery,hyderabad,scooter,28827.44,0.2863,0.02395,-0.00693,0.2841,0.761,,0.8702,27,0.224,3.32,-0.199,0.6667,647
GIG_0332,courier,mumbai,bike,28195.49,0.2184,-0.0001,0.00081,0.4731,0.531,,0.8226,24,0.2412,4.27,0.087,0.6667,570
GIG_0333,food_delivery,pune,bike,23408.05,0.2182,-0.0449,-0.00074,0.2506,0.6503,77.0,,34,0.3147,3.93,0.052,0.6667,558
GIG_0334,ride_hailing,bengaluru,car,18515.26,0.1941,-0.0624,-0.00496,0.3752,0.2834,84.0,0.5,29,0.2633,3.53,-0.22,1.0,504
GIG_0335,courier,hyderabad,car,40217.21,0.3509,0.1194,0.01217,0.174,0.5815,114.0,0.6133,27,0.2852,3.51,0.421,1.0,598
GIG_0336,ride_hailing,hyderabad,scooter,36548.82,0.2468,0.0164,-0.00157,0.1263,0.6651,122.0,0.8833,39,0.2613,3.59,-0.149,1.0,456
GIG_0337,courier,bengaluru,scooter,11302.46,0.2041,-0.0274,-0.00389,0.4698,1.0289,,0.7977,37,0.3021,,,0.3333,639
GIG_0338,home_services,delhi,none,51212.83,0.293,0.0514,-0.01322,0.3349,1.0708,125.0,0.5392,22,0.2277,3.04,-0.427,1.0,353
GIG_0339,home_services,delhi,car,40707.03,0.2711,0.0683,0.01253,0.456,0.9731,113.0,,21,0.2685,4.0,0.572,0.6667,813
GIG_0340,home_services,pune,none,12031.96,0.324,0.088,-0.01559,0.3251,1.042,83.0,0.626,32,0.3117,3.23,-0.424,1.0,405
GIG_0341,home_services,bengaluru,car,33596.99,0.2584,0.0155,-0.00982,0.4428,0.73,84.0,0.6947,18,0.165,3.6,-0.495,1.0,300
GIG_0342,courier,delhi,bike,13010.89,0.2879,0.0259,0.01225,0.2104,0.3922,79.0,,24,0.2707,3.58,0.462,0.6667,661
GIG_0343,ride_hailing,delhi,car,11282.37,0.1628,-0.0774,0.00157,0.6097,0.4731,91.0,0.6476,40,0.3247,,,0.6667,643
GIG_0344,home_services,hyderabad,none,37587.59,0.2244,-0.0121,-0.00119,0.3371,0.2941,111.0,0.5354,32,0.2767,2.99,-0.178,1.0,526
GIG_0345,home_services,bengaluru,none,42636.95,0.1925,-0.03685,-0.00263,0.3921,1.0926,109.0,0.721,25,0.3516,,,0.6667,627
GIG_0346,food_delivery,mumbai,bike,28595.27,0.2764,0.0243,-0.00413,0.195,0.5129,115.0,0.5688,34,0.25,3.38,-0.244,1.0,470
GIG_0347,courier,delhi,scooter,51071.99,0.3452,0.09375,0.01537,0.2376,0.7961,120.0,0.7451,25,0.2258,,,0.6667,657
GIG_0348,ride_hailing,mumbai,car,48171.6,0.2698,0.0178,0.01325,0.4251,0.5057,133.0,,35,0.2866,3.94,0.429,0.6667,756
GIG_0349,courier,delhi,bike,24682.33,0.2925,0.0305,0.01091,0.3622,0.8369,97.0,0.8305,19,0.2066,3.23,0.217,1.0,695
GIG_0350,ride_hailing,delhi,scooter,48457.17,0.3104,0.0506,-0.01537,0.2343,1.0416,85.0,0.5,16,0.1306,3.18,-0.185,1.0,300
GIG_0351,home_services,mumbai,bike,39869.28,0.2839,0.0656,-0.00085,0.1884,0.519,134.0,0.8827,45,0.3121,4.33,-0.054,1.0,607
GIG_0352,courier,bengaluru,bike,13736.45,0.2684,0.027,0.0025,0.195,0.7342,114.0,0.7283,33,0.3338,3.69,0.069,1.0,526
GIG_0353,food_delivery,mumbai,bike,25653.57,0.3196,0.0675,0.01132,0.2246,0.4451,85.0,0.6946,20,0.2533,3.64,0.142,1.0,666
GIG_0354,food_delivery,hyderabad,bike,20047.4,0.3365,0.066,0.00087,0.2577,0.3731,84.0,0.8562,20,0.2465,3.51,0.13,1.0,482
GIG_0355,food_delivery,hyderabad,bike,40275.47,0.2476,-0.0229,-0.00494,0.238,0.5625,134.0,,29,0.2167,2.93,-0.089,0.6667,585
GIG_0356,home_services,delhi,bike,41634.4,0.1835,-0.0329,-0.00167,0.4333,0.4658,118.0,,15,0.2828,3.76,0.169,0.6667,528
GIG_0357,courier,mumbai,scooter,32699.47,0.3562,0.1229,-0.01659,0.3094,0.5653,109.0,0.6301,30,0.3218,3.59,-0.5,1.0,316
GIG_0358,food_delivery,bengaluru,scooter,47789.94,0.1867,-0.0761,-0.00233,0.5439,0.5396,138.0,0.5,29,0.2363,3.21,-0.034,1.0,578
GIG_0359,courier,pune,bike,41788.05,0.2168,-0.0158,0.00785,0.4845,0.6244,144.0,,33,0.3416,4.23,0.105,0.6667,777
GIG_0360,ride_hailing,mumbai,car,23247.3,0.1482,-0.1038,0.00014,0.5002,0.4851,90.0,0.865,36,0.2644,3.59,0.123,1.0,668
GIG_0361,ride_hailing,mumbai,car,17561.14,0.1529,-0.0991,-0.00087,0.687,0.5391,86.0,0.7145,27,0.3111,3.45,-0.206,1.0,633
GIG_0362,ride_hailing,mumbai,car,40089.59,0.2632,0.0112,0.00616,0.3039,0.409,101.0,0.7667,21,0.196,2.83,0.252,1.0,571
GIG_0363,home_services,bengaluru,none,54301.63,0.1654,-0.06395,0.00294,0.5814,0.5956,111.0,0.9825,19,0.3255,3.88,0.06,1.0,543
GIG_0364,courier,mumbai,bike,47839.18,0.2011,-0.0174,-0.0014,0.2353,0.8436,87.0,0.594,7,0.1284,2.63,-0.094,1.0,510
GIG_0365,courier,hyderabad,scooter,31300.95,0.17,-0.06485,0.00134,0.6591,0.482,88.0,0.9523,18,0.27,4.02,-0.068,1.0,596
GIG_0366,courier,pune,car,15320.41,0.3497,0.126,-0.00779,0.1466,0.8915,91.0,0.6086,42,0.2317,3.23,-0.242,1.0,389
GIG_0367,food_delivery,delhi,bike,12302.02,0.3409,0.07935,-0.0103,0.0788,0.5623,85.0,,27,0.217,3.29,-0.294,0.6667,300
GIG_0368,home_services,pune,none,38547.93,0.2274,-0.0086,-0.001,0.149,0.7879,92.0,0.6848,11,0.1217,2.75,-0.066,1.0,341
GIG_0369,food_delivery,delhi,scooter,27574.37,0.2172,-0.0504,-0.00307,0.4963,0.7303,99.0,,37,0.2885,4.13,-0.064,0.6667,605
GIG_0370,food_delivery,bengaluru,scooter,48155.9,0.213,-0.0498,0.00141,0.4592,0.7281,130.0,0.7872,15,0.2297,3.05,0.082,1.0,594
GIG_0371,food_delivery,hyderabad,bike,38708.09,0.2838,0.0133,-0.00374,0.2484,0.414,,0.7383,9,0.2011,2.76,-0.115,0.6667,623
GIG_0372,ride_hailing,mumbai,bike,12211.28,0.2679,0.01355,0.006,0.3855,0.3468,96.0,0.5817,28,0.251,3.84,0.415,1.0,700
GIG_0373,courier,pune,scooter,46454.87,0.2531,0.02175,-0.00983,0.1221,0.5681,102.0,0.7412,17,0.2062,2.8,-0.353,1.0,428
GIG_0374,food_delivery,hyderabad,bike,24094.89,0.2657,-0.0048,-0.00463,0.298,0.5925,66.0,0.8937,12,0.1561,2.69,0.135,1.0,527
GIG_0375,courier,hyderabad,bike,11571.62,0.337,0.0982,-0.00272,0.2797,0.9437,89.0,0.9103,29,0.3171,3.74,0.105,1.0,587
GIG_0376,ride_hailing,pune,car,37941.88,0.3174,0.0676,-0.01173,0.2626,0.748,160.0,0.6514,44,0.3371,3.32,-0.34,1.0,469
GIG_0377,home_services,bengaluru,none,20266.47,0.1538,-0.07555,-0.00075,0.5815,0.7215,74.0,,25,0.2343,3.01,0.05,0.6667,593
GIG_0378,ride_hailing,mumbai,car,43996.1,0.2354,-0.0166,-0.01392,0.6382,0.8448,102.0,0.6252,31,0.2033,3.7,-0.474,1.0,366
GIG_0379,food_delivery,bengaluru,scooter,36812.1,0.357,0.0942,0.00739,0.1779,0.6008,100.0,0.7336,31,0.231,3.24,-0.06,1.0,363
GIG_0380,home_services,hyderabad,none,51934.42,0.1477,-0.0888,0.00188,0.4635,0.6283,100.0,0.8187,10,0.1801,3.07,0.024,1.0,547
GIG_0381,home_services,delhi,car,25098.7,0.1668,-0.036,0.00648,0.5739,0.5038,62.0,0.5996,14,0.1885,3.38,0.385,1.0,732
GIG_0382,food_delivery,delhi,bike,15327.97,0.3794,0.11785,-0.01777,0.178,0.8097,55.0,0.5,14,0.1643,2.69,-0.429,1.0,368
GIG_0383,ride_hailing,pune,car,51626.15,0.2017,-0.0481,0.00108,0.2931,0.6971,116.0,,18,0.2328,3.72,0.028,0.6667,595
GIG_0384,ride_hailing,pune,car,20825.7,0.1916,-0.0582,-0.00409,0.5919,1.0412,59.0,0.7614,12,0.1771,3.67,-0.021,1.0,553
GIG_0385,food_delivery,bengaluru,bike,40471.72,0.188,-0.0568,-0.00241,0.3034,0.4392,126.0,0.749,29,0.2937,3.47,-0.056,1.0,668
GIG_0386,ride_hailing,hyderabad,car,40964.09,0.1529,-0.0873,0.00266,0.5701,0.4623,127.0,0.7248,31,0.3018,3.85,-0.218,1.0,596
GIG_0387,food_delivery,bengaluru,scooter,24013.6,0.2372,-0.0256,0.0008,0.3773,0.9094,88.0,0.6949,27,0.2549,4.08,0.032,1.0,737
GIG_0388,courier,mumbai,scooter,24941.1,0.2028,-0.0305,-0.0078,0.4467,0.4488,93.0,0.9694,13,0.2415,3.2,-0.392,1.0,584
GIG_0389,ride_hailing,mumbai,car,25997.79,0.252,0.0,0.01193,0.4363,0.6998,95.0,0.5558,36,0.2899,4.09,0.386,1.0,698
GIG_0390,courier,delhi,car,14719.58,0.1615,-0.06395,0.00128,0.6643,0.664,79.0,,30,0.2626,,,0.3333,646
GIG_0391,ride_hailing,hyderabad,car,14524.07,0.2215,-0.0187,-0.00272,0.3892,0.6965,68.0,0.6722,26,0.2366,3.72,-0.0,1.0,566
GIG_0392,home_services,hyderabad,bike,29460.08,0.2593,0.029,-0.00741,0.3334,0.5564,106.0,0.8262,18,0.2506,3.71,-0.202,1.0,525
GIG_0393,ride_hailing,hyderabad,scooter,12290.74,0.2182,-0.0122,-0.00861,0.5115,0.709,99.0,0.7965,35,0.3329,,,0.6667,625
GIG_0394,food_delivery,mumbai,scooter,44147.53,0.2267,-0.0343,0.00455,0.3918,0.4461,108.0,0.6361,34,0.2267,2.98,0.209,1.0,573
GIG_0395,home_services,bengaluru,none,42514.83,0.1634,-0.06595,-0.00502,0.5447,0.8156,114.0,0.659,16,0.2267,3.34,-0.028,1.0,540
GIG_0396,food_delivery,pune,bike,35392.44,0.2393,-0.0238,-0.0002,0.1397,0.6736,79.0,0.7295,23,0.1802,2.48,-0.16,1.0,369
GIG_0397,courier,hyderabad,bike,20621.84,0.1675,-0.0713,-0.00123,0.4111,0.5123,82.0,0.6118,27,0.271,3.14,-0.128,1.0,643
GIG_0398,home_services,delhi,none,50897.0,0.2752,0.0336,0.014,0.4038,0.7294,112.0,0.875,21,0.2696,2.92,0.505,1.0,744
GIG_0399,courier,delhi,scooter,45092.58,0.32,0.06855,-0.00214,0.1497,0.6158,121.0,0.6514,17,0.2085,2.84,-0.073,1.0,409
GIG_0400,ride_hailing,pune,scooter,27649.48,0.1319,-0.1177,0.00113,0.5515,0.4921,122.0,0.9112,28,0.3093,4.07,0.131,1.0,711
GIG_0401,ride_hailing,hyderabad,car,53646.96,0.2548,0.0146,0.00911,0.3451,0.886,102.0,0.6568,21,0.1934,2.74,0.428,1.0,703
GIG_0402,ride_hailing,hyderabad,car,13728.76,0.2892,0.049,-0.01341,0.2692,0.8192,92.0,0.7639,29,0.3011,3.87,-0.694,1.0,550
GIG_0403,ride_hailing,pune,car,30541.57,0.1768,-0.073,-0.00091,0.5528,0.6237,78.0,0.8468,23,0.2181,3.31,-0.043,1.0,743
GIG_0404,home_services,hyderabad,bike,38692.57,0.2226,-0.0077,0.00113,0.3129,0.5303,103.0,,19,0.2297,3.03,0.03,0.6667,527
GIG_0405,food_delivery,delhi,bike,52584.65,0.2675,0.00595,0.01043,0.5302,0.5524,,0.7331,24,0.2301,3.57,0.337,0.6667,572
GIG_0406,ride_hailing,mumbai,car,30236.08,0.2961,0.0441,-0.01312,0.2172,0.4146,101.0,0.8044,17,0.2063,3.01,-0.529,1.0,395
GIG_0407,home_services,mumbai,none,29392.42,0.3785,0.1387,-0.01832,0.3222,0.7246,94.0,0.5,29,0.2377,3.24,-0.346,1.0,350
GIG_0408,courier,pune,scooter,14366.48,0.2215,-0.00985,0.0063,0.3682,1.1226,88.0,,31,0.2422,3.98,0.095,0.6667,682
GIG_0409,home_services,mumbai,none,30902.07,0.2146,-0.0252,0.00804,0.4084,0.3181,,0.6921,35,0.2785,3.46,0.406,0.6667,740
GIG_0410,food_delivery,pune,bike,42604.97,0.2088,-0.0543,-0.00328,0.4413,0.6687,123.0,0.703,46,0.2802,3.55,0.045,1.0,548
GIG_0411,ride_hailing,hyderabad,car,21478.68,0.1833,-0.0569,-0.00356,0.5527,0.9265,67.0,0.768,8,0.1816,3.08,-0.173,1.0,490
GIG_0412,courier,delhi,scooter,12120.74,0.1941,-0.05735,0.00424,0.3488,0.3565,60.0,,26,0.2129,2.62,-0.009,0.6667,612
GIG_0413,ride_hailing,mumbai,car,56066.97,0.2696,0.0176,0.01513,0.4502,0.292,119.0,0.7226,28,0.2057,3.2,0.286,1.0,656
GIG_0414,food_delivery,delhi,bike,35152.63,0.3932,0.13165,0.01611,0.1555,1.1676,97.0,0.9387,37,0.3251,,,0.6667,588
GIG_0415,ride_hailing,delhi,scooter,21525.61,0.32,0.0602,0.01482,0.332,0.5396,,0.9211,22,0.2265,3.54,0.387,0.6667,689
GIG_0416,home_services,delhi,car,16007.21,0.1718,-0.031,-0.00042,0.4662,0.3555,69.0,0.5,12,0.2117,3.46,-0.08,1.0,639
GIG_0417,food_delivery,delhi,bike,33305.39,0.3638,0.10225,-0.0137,0.1633,0.7045,100.0,0.7349,23,0.2601,,,0.6667,330
GIG_0418,ride_hailing,bengaluru,bike,23122.3,0.2895,0.03325,0.01381,0.3118,0.8459,118.0,,41,0.3002,4.15,0.41,0.6667,692
GIG_0419,home_services,mumbai,none,46071.87,0.2475,0.0077,0.00045,0.3901,1.085,148.0,0.853,40,0.3506,3.97,-0.029,1.0,561
GIG_0420,ride_hailing,mumbai,car,48970.06,0.3163,0.0643,-0.00796,0.1279,0.4495,109.0,,31,0.1792,2.49,-0.033,0.6667,554
GIG_0421,food_delivery,pune,bike,21444.19,0.2973,0.0342,0.00808,0.3621,0.317,85.0,,19,0.1995,2.87,0.458,0.6667,694
GIG_0422,home_services,mumbai,none,33604.11,0.1964,-0.0434,0.00165,0.4109,0.4724,111.0,,23,0.2459,3.21,-0.12,0.6667,584
GIG_0423,food_delivery,hyderabad,bike,18562.65,0.1968,-0.0737,0.00686,0.4262,0.342,64.0,0.7216,26,0.1689,3.34,0.203,1.0,543
GIG_0424,ride_hailing,delhi,car,16970.88,0.4065,0.1663,-0.01081,0.1271,0.737,101.0,0.8798,24,0.2668,2.91,-0.264,1.0,452
GIG_0425,courier,delhi,car,53179.87,0.162,-0.06345,0.00257,0.3512,0.5426,124.0,0.5953,26,0.2614,3.29,-0.033,1.0,478
GIG_0426,food_delivery,hyderabad,scooter,46191.86,0.2624,5e-05,0.01053,0.3592,0.3905,,0.6983,22,0.2646,3.58,0.363,0.6667,705
GIG_0427,ride_hailing,pune,car,37159.11,0.2494,-0.0004,0.00403,0.3711,0.4507,,,37,0.2851,3.69,0.062,0.3333,570
GIG_0428,courier,pune,scooter,31723.76,0.2812,0.04985,0.01495,0.379,0.6375,,0.6429,17,0.1957,3.3,0.293,0.6667,527
GIG_0429,courier,mumbai,bike,36767.43,0.1512,-0.0673,-0.00051,0.503,0.4427,75.0,0.5944,18,0.2136,3.9,0.305,1.0,535
GIG_0430,food_delivery,mumbai,bike,14364.43,0.1391,-0.113,-0.0029,0.7055,0.3573,71.0,,28,0.2851,4.4,-0.087,0.6667,718
GIG_0431,food_delivery,pune,scooter,35544.74,0.2423,-0.0203,0.00705,0.3783,0.4276,76.0,0.5687,26,0.1766,2.94,-0.059,1.0,707
GIG_0432,food_delivery,mumbai,bike,52420.8,0.149,-0.1031,0.00085,0.5256,0.8056,106.0,0.8876,8,0.1894,3.8,-0.003,1.0,591
GIG_0433,courier,delhi,bike,28133.32,0.2626,0.0006,0.00956,0.4671,0.6108,110.0,,28,0.2913,3.32,0.217,0.6667,724
GIG_0434,food_delivery,pune,bike,47417.29,0.3139,0.0508,0.01723,0.4623,0.7995,86.0,,16,0.2122,3.59,0.489,0.6667,756
GIG_0435,ride_hailing,mumbai,car,32592.14,0.2671,0.0151,-0.01459,0.3767,0.8061,103.0,,26,0.2577,3.69,-0.564,0.6667,444
GIG_0436,home_services,pune,none,54554.62,0.2324,-0.0036,-0.00792,0.4534,0.3752,121.0,0.718,46,0.3029,3.81,-0.466,1.0,480
GIG_0437,food_delivery,hyderabad,bike,39265.24,0.2,-0.0705,0.00177,0.4211,0.2465,,0.8968,19,0.2578,3.5,-0.009,0.6667,722
GIG_0438,home_services,delhi,none,16927.01,0.2146,-0.027,0.00818,0.4591,0.3537,85.0,0.7389,28,0.3001,3.9,0.235,1.0,583
GIG_0439,courier,mumbai,scooter,31418.4,0.1468,-0.0865,0.00065,0.5621,0.3263,91.0,0.9814,19,0.2588,3.55,-0.095,1.0,558
GIG_0440,courier,mumbai,bike,25077.87,0.2412,0.0227,-0.00818,0.4609,0.9071,81.0,0.8679,16,0.2194,3.83,-0.151,1.0,608
GIG_0441,food_delivery,hyderabad,bike,45946.54,0.2672,-0.0033,0.00455,0.3276,0.285,119.0,0.7498,43,0.327,3.41,0.092,1.0,554
GIG_0442,ride_hailing,hyderabad,bike,44214.03,0.1981,-0.0288,-0.00196,0.4962,0.8061,131.0,0.8647,39,0.3345,4.42,-0.021,1.0,539
GIG_0443,ride_hailing,mumbai,car,48119.28,0.1602,-0.0918,-0.00037,0.47,0.7031,110.0,0.6308,27,0.2393,3.48,0.063,1.0,548
GIG_0444,food_delivery,hyderabad,bike,30690.57,0.4052,0.1347,0.01384,0.1977,0.4904,95.0,0.9369,20,0.2175,3.26,0.391,1.0,567
GIG_0445,food_delivery,delhi,scooter,26215.59,0.389,0.1214,-0.01696,0.246,0.6947,,0.6521,19,0.175,3.08,-0.357,0.6667,300
GIG_0446,food_delivery,mumbai,car,14430.2,0.2554,-0.00095,-0.00192,0.4131,0.6142,101.0,0.8501,35,0.3275,3.53,-0.077,1.0,651
GIG_0447,courier,pune,scooter,20455.78,0.254,0.02265,-0.00866,0.423,0.34,105.0,0.7898,32,0.3038,3.63,-0.412,1.0,571
GIG_0448,courier,mumbai,car,26452.56,0.2059,-0.0109,-0.00271,0.2215,0.853,104.0,,18,0.2146,3.4,0.024,0.6667,490
GIG_0449,courier,delhi,scooter,55149.13,0.2828,0.03135,-0.01536,0.2982,0.4969,106.0,0.6757,17,0.2017,3.29,-0.466,1.0,428
GIG_0450,courier,pune,bike,30080.99,0.3557,0.1231,-0.01451,0.2807,0.9192,125.0,0.9496,32,0.324,3.8,-0.419,1.0,394
GIG_0451,ride_hailing,mumbai,car,25750.53,0.3481,0.0961,0.00792,0.1509,0.3606,,,6,0.1474,3.1,0.447,0.3333,627
GIG_0452,courier,mumbai,bike,25132.64,0.1888,-0.0297,0.00876,0.5609,0.5394,96.0,0.9145,27,0.2495,3.89,0.512,1.0,713
GIG_0453,food_delivery,hyderabad,scooter,44962.49,0.3524,0.09005,-0.01649,0.2375,0.9919,100.0,0.7033,15,0.1968,3.04,-0.521,1.0,337
GIG_0454,home_services,delhi,none,16451.44,0.163,-0.0786,-4e-05,0.362,0.3185,53.0,0.736,21,0.1745,2.43,-0.023,1.0,444
GIG_0455,ride_hailing,delhi,car,47404.66,0.2249,-0.0153,-0.00469,0.3073,0.9076,99.0,0.7912,35,0.2766,4.29,-0.027,1.0,574
GIG_0456,food_delivery,bengaluru,bike,47811.35,0.3194,0.0746,-0.00514,0.1344,0.8319,140.0,0.7707,30,0.3044,,,0.6667,423
GIG_0457,ride_hailing,mumbai,car,24741.29,0.2837,0.0317,0.00061,0.2266,0.7911,77.0,0.9185,12,0.2044,2.85,-0.054,1.0,391
GIG_0458,food_delivery,delhi,bike,39253.18,0.3028,0.04125,0.00716,0.2213,0.8067,129.0,0.8283,31,0.3064,3.19,0.141,1.0,546
GIG_0459,food_delivery,pune,bike,44255.19,0.2877,0.0246,0.00413,0.2951,0.8742,100.0,0.7428,16,0.2198,3.07,0.246,1.0,542
GIG_0460,ride_hailing,bengaluru,bike,34557.9,0.2993,0.04305,-0.0032,0.1452,0.4229,,0.7012,23,0.2252,3.41,-0.067,0.6667,528
GIG_0461,food_delivery,delhi,scooter,19120.91,0.319,0.0514,-0.01036,0.4852,0.8964,78.0,0.7013,28,0.2588,3.23,-0.47,1.0,497
GIG_0462,ride_hailing,mumbai,car,43368.75,0.2601,0.0081,0.01359,0.4377,0.6445,114.0,0.6619,30,0.2318,4.08,0.645,1.0,846
GIG_0463,food_delivery,delhi,scooter,50869.47,0.2208,-0.0468,-0.00026,0.2948,0.4529,92.0,0.6871,18,0.1891,3.28,0.136,1.0,430
GIG_0464,ride_hailing,pune,car,11786.58,0.4194,0.1696,-0.00032,0.1044,0.6139,56.0,0.9022,21,0.2239,2.77,-0.012,1.0,509
GIG_0465,ride_hailing,pune,car,11220.11,0.3582,0.1084,-0.01434,0.382,0.5449,76.0,0.7326,20,0.2088,3.41,-0.43,1.0,511
GIG_0466,courier,mumbai,scooter,31526.09,0.2943,0.061,-0.0129,0.6129,0.5035,75.0,0.8563,12,0.2158,3.42,-0.402,1.0,427
GIG_0467,courier,mumbai,scooter,51012.18,0.407,0.1737,-0.01806,0.2933,0.4559,,0.6245,40,0.248,,,0.3333,300
GIG_0468,ride_hailing,bengaluru,car,54588.14,0.3774,0.1209,-0.02256,0.1778,1.2161,94.0,0.7222,26,0.2139,3.38,-0.32,1.0,448
GIG_0469,ride_hailing,bengaluru,car,43434.6,0.1891,-0.0674,0.00259,0.3621,0.4257,111.0,0.707,19,0.241,,,0.6667,523
GIG_0470,food_delivery,hyderabad,scooter,40271.26,0.2146,-0.04775,-0.00096,0.4207,0.8807,96.0,0.7938,11,0.2069,3.48,-0.038,1.0,534
GIG_0471,food_delivery,delhi,bike,52445.45,0.3023,0.04075,0.00875,0.3133,0.4406,136.0,0.8754,28,0.2661,3.9,0.352,1.0,603
GIG_0472,courier,bengaluru,bike,32494.71,0.3091,0.0677,0.01319,0.3179,0.6318,111.0,0.6608,35,0.2534,3.54,0.482,1.0,781
GIG_0473,courier,pune,scooter,50203.64,0.2196,-0.01175,0.00148,0.4019,0.5757,134.0,0.9247,20,0.2697,3.64,0.031,1.0,593
GIG_0474,ride_hailing,hyderabad,car,42277.8,0.2471,0.0069,-0.00905,0.4924,1.1932,88.0,0.6945,23,0.1979,2.89,-0.303,1.0,487
GIG_0475,food_delivery,bengaluru,bike,23205.5,0.198,-0.0468,0.00051,0.4185,0.2826,97.0,0.5489,24,0.211,3.24,-0.036,1.0,454
GIG_0476,ride_hailing,bengaluru,car,20660.09,0.1846,-0.0719,0.0037,0.4296,0.3806,93.0,0.6081,30,0.2495,2.9,0.103,1.0,582
GIG_0477,home_services,hyderabad,none,38707.73,0.2088,-0.0277,0.00802,0.3002,0.9172,,0.7642,15,0.1917,3.25,0.246,0.6667,769
GIG_0478,home_services,delhi,none,28750.82,0.2529,0.0113,-0.01294,0.5367,0.7804,92.0,0.9859,20,0.2132,3.97,-0.491,1.0,499
GIG_0479,ride_hailing,delhi,car,11270.24,0.2143,-0.0259,0.00099,0.3608,0.2346,88.0,0.8104,31,0.2327,2.98,0.133,1.0,626
GIG_0480,home_services,hyderabad,none,14052.28,0.2169,-0.0196,0.00348,0.4627,0.6821,83.0,0.7203,27,0.3163,3.48,0.287,1.0,536
GIG_0481,ride_hailing,mumbai,car,31768.16,0.3749,0.1229,0.00065,0.1658,0.6909,86.0,0.6564,29,0.1825,2.99,-0.035,1.0,595
GIG_0482,courier,delhi,bike,12341.64,0.2832,0.0212,-0.01497,0.3335,0.5662,85.0,0.7232,19,0.2297,3.36,-0.453,1.0,390
GIG_0483,ride_hailing,delhi,scooter,25721.21,0.2395,-0.0203,0.00415,0.6709,1.4769,,0.9617,21,0.3422,4.39,0.083,0.6667,789
GIG_0484,food_delivery,hyderabad,bike,13029.06,0.2552,-0.0153,-0.01306,0.4155,1.1309,53.0,0.6291,19,0.2087,3.18,-0.387,1.0,417
GIG_0485,food_delivery,mumbai,bike,24567.98,0.2835,0.0314,-0.01635,0.4301,0.5065,87.0,0.7855,27,0.2592,4.23,-0.495,1.0,431
GIG_0486,home_services,bengaluru,bike,39944.08,0.3657,0.1304,-0.02112,0.2122,0.4973,142.0,0.8955,37,0.3209,3.32,-0.385,1.0,453
GIG_0487,home_services,bengaluru,none,46199.57,0.2275,-0.00185,-0.00056,0.3945,0.9913,84.0,0.5161,21,0.1715,3.08,-0.193,1.0,536
GIG_0488,home_services,mumbai,car,44870.94,0.1891,-0.0394,-0.00493,0.5115,0.2943,,0.9294,34,0.3208,4.22,-0.161,0.6667,568
GIG_0489,food_delivery,mumbai,bike,46595.21,0.3403,0.0882,0.01004,0.2386,0.9284,103.0,0.6008,19,0.1912,3.45,0.529,1.0,598
GIG_0490,home_services,mumbai,none,35663.82,0.2195,-0.0203,0.00327,0.4671,0.9895,82.0,,21,0.2228,3.78,0.229,0.6667,647
GIG_0491,courier,mumbai,bike,31612.48,0.2008,-0.0177,-0.01029,0.6272,0.3196,112.0,0.8331,32,0.298,3.25,-0.356,1.0,517
GIG_0492,food_delivery,hyderabad,car,40043.42,0.279,0.01345,0.0102,0.4871,0.9836,139.0,,26,0.3139,4.29,0.364,0.6667,789
GIG_0493,courier,delhi,car,11927.86,0.1366,-0.08885,0.00178,0.6776,0.7493,77.0,,24,0.235,4.04,0.234,0.6667,697
GIG_0494,food_delivery,pune,bike,17238.82,0.2372,-0.0259,-0.00085,0.5819,0.7639,82.0,0.6466,18,0.2763,3.43,0.078,1.0,685
GIG_0495,courier,delhi,bike,12483.92,0.2774,0.0154,-0.01398,0.284,0.5228,63.0,0.8295,12,0.2377,3.32,-0.529,1.0,373
GIG_0496,ride_hailing,pune,car,26542.47,0.1783,-0.0715,-9e-05,0.3755,0.6709,75.0,0.6603,28,0.2234,3.25,0.027,1.0,633
GIG_0497,ride_hailing,hyderabad,car,50465.41,0.2135,-0.0267,-0.00946,0.3546,0.4203,138.0,0.7532,25,0.2843,3.25,-0.321,1.0,525
GIG_0498,food_delivery,pune,bike,36509.43,0.2719,0.0088,0.00298,0.3858,0.6642,124.0,0.667,33,0.278,4.46,0.227,1.0,644
GIG_0499,courier,hyderabad,scooter,51369.36,0.2401,0.00525,-0.00089,0.2358,0.4998,,0.6188,23,0.1204,2.89,-0.018,0.6667,377
GIG_0500,food_delivery,mumbai,scooter,39361.68,0.3389,0.0779,-0.00242,0.186,0.9116,110.0,0.8005,30,0.2882,3.81,-0.063,1.0,664
GIG_0501,food_delivery,pune,scooter,32127.79,0.252,-0.0106,0.00054,0.451,0.8881,91.0,0.8979,21,0.2689,4.04,-0.068,1.0,558
GIG_0502,courier,delhi,bike,47331.89,0.1777,-0.0843,-0.00096,0.542,0.8884,94.0,0.5745,20,0.1956,3.3,0.035,1.0,540
GIG_0503,courier,delhi,scooter,49379.96,0.2538,0.00235,-0.01297,0.4438,0.6294,104.0,0.8572,31,0.2674,3.84,-0.519,1.0,525
GIG_0504,home_services,hyderabad,none,25529.53,0.3247,0.0882,-0.01593,0.28,0.7125,90.0,0.8748,15,0.2169,2.92,-0.548,1.0,466
GIG_0505,courier,mumbai,scooter,32763.51,0.2418,0.0085,0.01148,0.4958,0.5625,85.0,0.8585,17,0.2811,3.82,0.513,1.0,786
GIG_0506,ride_hailing,delhi,car,40254.34,0.3121,0.0719,0.01552,0.3289,1.064,122.0,0.846,21,0.2191,3.64,0.484,1.0,672
GIG_0507,food_delivery,bengaluru,bike,28386.19,0.3034,0.0586,0.01224,0.3627,0.8282,86.0,0.7416,26,0.2437,3.59,0.371,1.0,701
GIG_0508,ride_hailing,hyderabad,car,55251.64,0.1748,-0.0654,-0.00019,0.4844,0.2846,106.0,0.6555,13,0.2014,3.21,0.031,1.0,477
GIG_0509,courier,hyderabad,bike,49638.35,0.2292,-0.0096,0.00827,0.5017,0.8095,115.0,0.6825,33,0.2671,3.39,0.226,1.0,771
GIG_0510,ride_hailing,delhi,car,11024.34,0.2957,0.0555,0.01552,0.5597,0.6132,,0.6743,17,0.1527,3.49,0.558,0.6667,800
GIG_0511,ride_hailing,mumbai,car,27195.81,0.2378,-0.0142,-0.0002,0.2264,0.6468,89.0,0.7757,20,0.1963,3.49,0.091,1.0,423
GIG_0512,courier,bengaluru,scooter,25779.61,0.2449,0.0134,0.00444,0.3218,0.7371,81.0,,26,0.2543,3.33,0.158,0.6667,539
GIG_0513,courier,bengaluru,bike,31512.52,0.203,-0.0384,0.01069,0.4821,0.7765,90.0,0.6664,29,0.2311,3.13,0.466,1.0,738
GIG_0514,home_services,mumbai,none,16172.76,0.2649,0.0251,0.00499,0.3262,1.1092,79.0,0.7852,15,0.1699,3.38,0.074,1.0,660
GIG_0515,food_delivery,delhi,bike,14330.31,0.2003,-0.06125,0.00672,0.666,0.3162,77.0,,13,0.2038,3.38,0.433,0.6667,820
GIG_0516,courier,delhi,scooter,20195.28,0.3221,0.07065,-0.0173,0.3491,0.3848,115.0,0.8737,34,0.3534,4.29,-0.323,1.0,523
GIG_0517,food_delivery,bengaluru,scooter,27638.51,0.2982,0.0354,-0.01161,0.2412,0.8846,93.0,0.7301,25,0.3212,3.5,-0.365,1.0,472
GIG_0518,courier,bengaluru,bike,38567.99,0.2435,0.0021,-0.00395,0.2398,0.8936,127.0,0.8729,37,0.3063,3.75,0.021,1.0,534
GIG_0519,food_delivery,mumbai,scooter,23488.33,0.2796,0.0186,-0.01403,0.6056,0.3769,95.0,,33,0.3486,4.26,-0.42,0.6667,590
GIG_0520,home_services,mumbai,none,44819.77,0.2936,0.0538,-9e-05,0.0808,0.6872,102.0,0.7201,19,0.2268,3.29,0.096,1.0,304
GIG_0521,food_delivery,bengaluru,scooter,31056.72,0.2897,0.0269,-0.00888,0.1994,0.4352,,0.8842,12,0.1823,2.88,-0.302,0.6667,512
GIG_0522,ride_hailing,delhi,car,53787.38,0.2477,0.0075,-0.01117,0.6426,0.3715,150.0,0.6324,36,0.3121,4.12,-0.392,1.0,502
GIG_0523,ride_hailing,pune,car,18584.71,0.2092,-0.0406,0.00077,0.5276,0.7869,87.0,0.7902,25,0.288,3.67,-0.028,1.0,568
GIG_0524,courier,hyderabad,scooter,27629.0,0.2534,0.01855,-0.00484,0.124,0.6445,103.0,,40,0.3047,3.9,-0.228,0.6667,444
GIG_0525,food_delivery,pune,bike,11783.32,0.1985,-0.0646,4e-05,0.457,0.5641,78.0,,34,0.2843,4.1,0.007,0.6667,673
GIG_0526,home_services,hyderabad,none,32747.55,0.2175,-0.019,0.00053,0.4339,0.5757,90.0,0.6279,15,0.1661,3.41,-0.058,1.0,506
GIG_0527,food_delivery,pune,bike,16863.34,0.2359,-0.0272,0.00262,0.349,0.6359,46.0,0.5,24,0.1519,2.62,-0.035,1.0,573
GIG_0528,courier,delhi,bike,29170.18,0.2568,-0.0052,0.00018,0.3403,1.1388,,0.5045,23,0.209,3.24,0.056,0.6667,444
GIG_0529,food_delivery,delhi,bike,53391.7,0.3536,0.09205,-0.0178,0.2921,0.4364,151.0,0.7683,30,0.2836,3.27,-0.337,1.0,457
GIG_0530,ride_hailing,bengaluru,car,55606.42,0.2569,0.0004,-0.01221,0.3073,0.1962,104.0,0.7893,24,0.3075,3.18,-0.329,1.0,460
GIG_0531,courier,delhi,bike,43723.99,0.1882,-0.0738,0.00154,0.3618,0.4111,107.0,0.6664,27,0.2173,3.51,0.063,1.0,550
GIG_0532,food_delivery,pune,scooter,23697.2,0.2459,-0.0167,-0.0061,0.3187,0.615,85.0,0.8141,23,0.2498,3.39,-0.278,1.0,485
GIG_0533,courier,hyderabad,bike,26544.49,0.2563,0.0175,0.00442,0.473,1.1521,85.0,,29,0.1928,2.95,0.453,0.6667,739
GIG_0534,ride_hailing,hyderabad,car,42717.27,0.1483,-0.0919,-0.00047,0.6745,0.5954,126.0,0.7043,39,0.2893,4.07,-0.043,1.0,581
GIG_0535,ride_hailing,pune,car,18901.72,0.233,-0.0168,0.00288,0.4373,1.8982,89.0,0.6485,28,0.2734,4.04,0.049,1.0,660
GIG_0536,ride_hailing,delhi,car,15356.72,0.1941,-0.0461,0.00296,0.5404,0.9107,107.0,0.9012,28,0.3556,4.11,-0.238,1.0,577
GIG_0537,food_delivery,delhi,scooter,12594.69,0.2856,0.018,-0.0041,0.2701,0.4053,,0.8401,18,0.2366,2.94,-0.079,0.6667,448
GIG_0538,ride_hailing,bengaluru,bike,29979.63,0.2184,-0.03785,-0.00741,0.5147,0.4438,92.0,0.5034,22,0.2255,3.19,-0.274,1.0,465
GIG_0539,ride_hailing,hyderabad,car,50312.44,0.2634,0.0232,-0.00319,0.1448,0.527,122.0,0.6027,30,0.2735,3.03,0.086,1.0,505
GIG_0540,ride_hailing,mumbai,car,15610.05,0.2995,0.0475,-0.00029,0.1636,0.7482,77.0,0.7806,23,0.2116,3.23,0.175,1.0,573
GIG_0541,food_delivery,mumbai,bike,23821.29,0.3695,0.1174,-0.02133,0.3877,0.3575,97.0,0.7622,23,0.2669,4.23,-0.51,1.0,659
GIG_0542,food_delivery,mumbai,bike,54207.8,0.2255,-0.0266,0.00037,0.355,0.624,130.0,0.6211,33,0.2624,4.11,-0.147,1.0,610
GIG_0543,ride_hailing,hyderabad,car,42342.58,0.3285,0.0883,-0.0173,0.3623,0.4924,95.0,,21,0.2228,2.94,-0.344,0.6667,393
GIG_0544,ride_hailing,bengaluru,car,18908.67,0.2765,0.02,-0.00387,0.2449,0.8151,104.0,0.6653,27,0.2226,3.02,0.002,1.0,509
GIG_0545,ride_hailing,bengaluru,car,22495.9,0.2521,-0.0044,-0.01166,0.2855,0.3256,,0.6671,18,0.2222,3.19,-0.541,0.6667,407
GIG_0546,food_delivery,mumbai,bike,40371.26,0.2843,0.0322,-0.01479,0.6077,0.813,115.0,0.7355,32,0.2455,3.96,-0.452,1.0,459
GIG_0547,food_delivery,hyderabad,scooter,47643.33,0.2609,-0.00145,-0.00815,0.3994,0.8034,123.0,0.8479,25,0.2217,3.84,-0.285,1.0,561
GIG_0548,food_delivery,delhi,scooter,37306.97,0.266,-0.0016,0.00483,0.3248,0.6162,82.0,0.5081,26,0.1994,2.86,0.049,1.0,477
GIG_0549,courier,hyderabad,car,27460.7,0.3029,0.0714,0.00681,0.1314,0.7585,121.0,0.771,23,0.2652,2.94,0.103,1.0,495
GIG_0550,ride_hailing,pune,car,19964.05,0.2304,-0.0194,-0.00709,0.3076,1.0224,112.0,0.6765,42,0.3071,3.87,-0.085,1.0,562
GIG_0551,home_services,bengaluru,none,40025.63,0.23,0.00065,-0.0019,0.4633,0.9444,114.0,0.8287,25,0.2093,3.84,-0.174,1.0,505
GIG_0552,home_services,bengaluru,none,28407.15,0.3054,0.07605,0.01577,0.349,0.535,116.0,0.8551,34,0.299,3.96,0.533,1.0,743
GIG_0553,home_services,hyderabad,car,45687.34,0.2191,-0.0163,0.00032,0.4935,0.9365,122.0,0.7917,27,0.2564,3.4,0.0,1.0,616
GIG_0554,ride_hailing,delhi,car,54342.28,0.1765,-0.0637,0.00237,0.6103,0.4978,117.0,0.6131,30,0.2512,3.2,0.143,1.0,592
GIG_0555,food_delivery,delhi,scooter,50930.48,0.2021,-0.0655,0.00188,0.3863,0.2284,118.0,0.9252,29,0.2879,,,0.6667,697
GIG_0556,food_delivery,hyderabad,scooter,31611.1,0.335,0.07265,-0.01279,0.2906,1.1302,131.0,0.5671,38,0.3047,3.14,-0.488,1.0,435
GIG_0557,food_delivery,hyderabad,scooter,30252.55,0.1628,-0.09955,0.00523,0.6498,0.5318,107.0,0.8718,26,0.2703,4.2,0.315,1.0,696
GIG_0558,ride_hailing,pune,bike,38142.76,0.3463,0.11075,0.0145,0.1985,0.7068,128.0,0.5846,20,0.1939,2.84,0.517,1.0,606
GIG_0559,home_services,pune,none,23175.4,0.1514,-0.0846,0.00169,0.6456,0.5792,116.0,0.7404,29,0.3161,4.56,-0.033,1.0,715
GIG_0560,food_delivery,hyderabad,scooter,27608.76,0.268,0.00565,0.00086,0.1769,0.7134,68.0,0.6721,15,0.164,2.67,0.147,1.0,482
GIG_0561,food_delivery,bengaluru,scooter,51610.85,0.2141,-0.0487,0.00397,0.4292,0.5277,136.0,0.6197,23,0.2607,3.09,-0.002,1.0,548
GIG_0562,ride_hailing,delhi,car,21515.26,0.2738,0.0336,0.00598,0.2461,0.5561,97.0,0.7399,29,0.2887,3.85,0.26,1.0,626
GIG_0563,food_delivery,hyderabad,scooter,46982.73,0.2022,-0.06015,0.00097,0.4766,1.0332,108.0,0.6465,19,0.2608,4.2,0.182,1.0,546
GIG_0564,courier,hyderabad,bike,46227.11,0.3182,0.0794,0.00133,0.1876,0.6334,105.0,0.9099,15,0.2081,3.25,0.088,1.0,433
GIG_0565,food_delivery,mumbai,scooter,21877.74,0.2443,-0.0167,-0.00118,0.2368,0.7396,101.0,0.7597,20,0.2807,3.8,0.062,1.0,489
GIG_0566,ride_hailing,pune,bike,53906.12,0.2121,-0.02345,0.0022,0.352,0.34,126.0,0.7601,30,0.2671,3.82,0.066,1.0,631
GIG_0567,courier,delhi,bike,15702.58,0.1324,-0.1296,0.00418,0.6853,0.3839,58.0,0.718,26,0.2077,3.91,0.144,1.0,563
GIG_0568,courier,delhi,scooter,25574.3,0.1832,-0.06825,0.00218,0.5289,0.7429,100.0,,21,0.2022,3.39,-0.057,0.6667,675
GIG_0569,food_delivery,delhi,car,49732.71,0.3452,0.0521,-0.0181,0.4654,0.3126,139.0,,28,0.3406,3.91,-0.439,0.6667,645
GIG_0570,courier,pune,bike,11858.48,0.2609,0.0283,0.00958,0.5836,0.5737,49.0,0.9963,17,0.22,3.34,0.472,1.0,671
GIG_0571,home_services,bengaluru,none,28790.2,0.1641,-0.06525,0.00606,0.5518,0.842,,0.7314,23,0.2342,4.21,0.296,0.6667,730
GIG_0572,food_delivery,pune,scooter,12165.39,0.2757,0.0131,-0.00891,0.5045,0.3575,86.0,0.9912,17,0.2801,3.94,-0.368,1.0,590
GIG_0573,food_delivery,mumbai,bike,54164.52,0.2791,0.027,-0.01001,0.4106,0.367,115.0,0.7135,25,0.2512,3.52,-0.118,1.0,486
GIG_0574,home_services,pune,none,32241.97,0.2771,0.0411,-0.00325,0.2588,0.3272,85.0,0.7428,22,0.1808,2.88,-0.26,1.0,482
GIG_0575,food_delivery,bengaluru,bike,18660.87,0.3387,0.0939,0.00068,0.1417,0.4146,95.0,0.853,34,0.289,3.53,0.113,1.0,558
GIG_0576,food_delivery,mumbai,bike,25026.64,0.22,-0.0321,0.00104,0.3679,0.698,98.0,0.6635,34,0.2444,3.58,0.003,1.0,462
GIG_0577,courier,bengaluru,scooter,25507.45,0.1307,-0.1008,0.00326,0.6694,1.0336,126.0,0.8938,42,0.3275,4.13,-0.001,1.0,692
GIG_0578,food_delivery,delhi,bike,18971.91,0.2097,-0.05185,-1e-05,0.5916,0.5764,65.0,0.781,27,0.2052,3.27,-0.085,1.0,605
GIG_0579,courier,delhi,scooter,39858.99,0.2797,0.02825,0.00511,0.2555,0.8815,107.0,0.946,22,0.2105,2.79,-0.04,1.0,576
GIG_0580,food_delivery,pune,bike,16880.3,0.2239,-0.0392,0.00416,0.4415,0.6468,98.0,0.5446,33,0.2956,3.32,0.164,1.0,599
GIG_0581,food_delivery,mumbai,scooter,38073.83,0.1929,-0.0681,0.00132,0.522,0.5806,132.0,0.6163,29,0.2753,4.32,-0.085,1.0,649
GIG_0582,courier,delhi,scooter,38226.79,0.2224,-0.02905,-0.00092,0.4035,0.6662,103.0,0.8908,30,0.3333,3.88,-0.061,1.0,729
GIG_0583,food_delivery,bengaluru,bike,15121.13,0.2432,-0.0016,0.0001,0.2582,0.7639,111.0,0.6136,36,0.3433,3.84,-0.011,1.0,456
GIG_0584,ride_hailing,hyderabad,car,16501.78,0.2486,0.0084,-0.00295,0.1858,0.45,71.0,0.9428,19,0.2088,3.1,0.099,1.0,552
GIG_0585,ride_hailing,delhi,car,25265.26,0.1219,-0.1183,0.00257,0.5237,0.6418,109.0,1.0,27,0.3336,3.93,-0.09,1.0,673
GIG_0586,ride_hailing,pune,car,36488.07,0.2833,0.0335,0.00327,0.2215,0.8955,121.0,0.8077,31,0.2996,3.3,-0.022,1.0,572
GIG_0587,home_services,mumbai,none,45867.35,0.3347,0.0949,-0.00281,0.209,0.7703,,0.7917,26,0.2373,3.29,0.15,0.6667,474
GIG_0588,courier,mumbai,scooter,46573.41,0.1755,-0.0578,0.00535,0.5261,0.7957,,0.692,11,0.1535,2.97,0.343,0.6667,594
GIG_0589,food_delivery,hyderabad,scooter,46931.82,0.3388,0.07645,-0.00054,0.2573,0.5708,,0.7508,12,0.1812,2.98,0.078,0.6667,438
GIG_0590,home_services,hyderabad,car,47033.06,0.2393,0.0039,0.01084,0.4055,0.504,128.0,0.7765,40,0.3234,4.7,0.455,1.0,776
GIG_0591,courier,delhi,bike,18030.76,0.3011,0.0391,0.00265,0.2325,0.6938,85.0,,36,0.2273,3.12,0.141,0.6667,624
GIG_0592,ride_hailing,delhi,car,19765.19,0.3471,0.1069,-0.02083,0.2872,0.6063,84.0,,23,0.2432,3.72,-0.42,0.6667,488
GIG_0593,ride_hailing,bengaluru,car,35899.98,0.3126,0.0561,0.00233,0.1519,0.4003,99.0,0.8123,27,0.2942,3.46,-0.017,1.0,551
GIG_0594,food_delivery,hyderabad,bike,43252.98,0.2628,-0.0077,-0.00486,0.26,0.403,102.0,0.9214,27,0.2908,3.65,-0.067,1.0,459
GIG_0595,courier,delhi,bike,39783.22,0.2359,-0.0261,0.00864,0.3118,0.9186,114.0,,33,0.2288,3.59,0.237,0.6667,615
GIG_0596,courier,pune,car,41150.56,0.2243,0.0006,-0.00167,0.293,0.8241,107.0,0.7999,20,0.2671,3.55,-0.045,1.0,563
GIG_0597,ride_hailing,bengaluru,car,15122.74,0.2974,0.0409,0.00011,0.2273,0.8979,102.0,0.9051,31,0.2298,3.87,0.208,1.0,494
GIG_0598,food_delivery,bengaluru,bike,17922.15,0.2019,-0.0429,-0.00353,0.454,0.6141,,0.8448,40,0.3154,4.3,-0.131,0.6667,594
GIG_0599,courier,delhi,scooter,45155.94,0.1388,-0.11265,-0.00054,0.5052,0.8173,118.0,0.6159,29,0.2716,4.18,-0.01,1.0,659
GIG_0600,food_delivery,hyderabad,scooter,38334.55,0.2642,0.00185,0.00402,0.4673,0.4905,,0.7756,21,0.2569,4.19,0.081,0.6667,705
GIG_0601,ride_hailing,delhi,car,52235.32,0.2428,0.0026,0.00402,0.3103,0.582,111.0,0.7911,14,0.2074,,,0.6667,495
GIG_0602,food_delivery,pune,scooter,55529.79,0.251,-0.0116,-0.01051,0.4693,0.429,124.0,0.6866,37,0.2774,4.05,-0.378,1.0,594
GIG_0603,ride_hailing,mumbai,car,40492.51,0.1432,-0.1088,-0.00129,0.5786,0.2677,100.0,0.7812,13,0.2098,3.71,0.092,1.0,715
GIG_0604,courier,pune,car,20040.44,0.1549,-0.0688,0.00249,0.6387,0.4374,99.0,0.5721,27,0.2347,3.59,0.039,1.0,633
GIG_0605,courier,pune,bike,44308.31,0.1714,-0.0612,-0.00048,0.4818,0.4721,116.0,0.7375,27,0.2419,3.33,-0.083,1.0,567
GIG_0606,food_delivery,delhi,bike,50129.63,0.3698,0.10825,0.01676,0.4589,0.7562,111.0,0.9162,31,0.2795,3.89,0.452,1.0,767
GIG_0607,courier,hyderabad,bike,21533.1,0.1793,-0.0595,0.00395,0.4426,0.5365,97.0,0.6915,26,0.2781,3.61,0.133,1.0,740
GIG_0608,food_delivery,pune,bike,34710.45,0.3397,0.0766,-0.01518,0.2238,0.482,89.0,0.5175,18,0.2367,3.04,-0.386,1.0,364
GIG_0609,food_delivery,delhi,car,15466.66,0.3594,0.0663,0.01965,0.3513,0.7091,70.0,0.6638,12,0.2098,3.1,0.671,1.0,663
GIG_0610,courier,delhi,bike,12125.46,0.2814,0.0194,0.01478,0.3722,0.5374,84.0,0.5086,20,0.1817,2.8,0.467,1.0,641
GIG_0611,ride_hailing,hyderabad,car,21724.97,0.2759,0.0357,0.01387,0.3788,0.5131,89.0,0.5,24,0.1787,,,0.6667,732
GIG_0612,ride_hailing,hyderabad,car,53827.69,0.3809,0.1407,-0.02064,0.2445,0.6144,139.0,0.5511,21,0.2138,2.97,-0.448,1.0,300
GIG_0613,food_delivery,delhi,scooter,28799.69,0.3594,0.0918,-0.01803,0.3936,0.6168,100.0,0.7033,32,0.2628,,,0.6667,486
GIG_0614,food_delivery,delhi,bike,20550.98,0.3383,0.07675,0.00344,0.1787,0.3735,97.0,0.7172,33,0.275,3.19,-0.149,1.0,496
GIG_0615,ride_hailing,mumbai,car,20488.69,0.2918,0.0398,0.00446,0.1045,0.6463,121.0,1.0,52,0.349,3.84,-0.103,1.0,517
GIG_0616,home_services,delhi,none,46907.43,0.3345,0.0929,-0.0191,0.1934,0.9272,142.0,,28,0.2953,3.81,-0.5,0.6667,351
GIG_0617,courier,pune,scooter,50855.97,0.1581,-0.07325,-0.00121,0.3906,0.3698,111.0,0.8199,18,0.1987,3.64,-0.044,1.0,503
GIG_0618,food_delivery,hyderabad,scooter,26973.89,0.2441,-0.01825,0.0009,0.4005,0.3543,105.0,0.6317,33,0.2164,3.2,-0.14,1.0,519
GIG_0619,food_delivery,mumbai,scooter,25396.39,0.2476,-0.0134,0.00103,0.3831,1.1053,110.0,0.9391,31,0.3393,4.68,-0.059,1.0,788
GIG_0620,courier,delhi,car,50757.09,0.2916,0.06615,0.01295,0.1801,1.1298,163.0,0.8864,44,0.3225,4.0,0.217,1.0,749
GIG_0621,courier,mumbai,bike,40715.5,0.1738,-0.0447,6e-05,0.3402,0.9226,118.0,0.7776,22,0.2267,,,0.6667,613
GIG_0622,food_delivery,hyderabad,bike,17172.06,0.4147,0.1442,-0.01968,0.2382,0.7892,60.0,0.6168,14,0.2076,2.03,-0.408,1.0,309
GIG_0623,courier,mumbai,car,35639.88,0.2425,0.0257,-0.00852,0.524,1.1665,116.0,0.9772,27,0.2686,3.84,-0.386,1.0,545
GIG_0624,food_delivery,delhi,bike,42259.27,0.2743,0.01275,0.00461,0.1995,0.8719,112.0,0.7726,31,0.2126,3.21,-0.043,1.0,549
GIG_0625,food_delivery,pune,scooter,25291.52,0.2813,0.0187,-0.00644,0.0842,0.7273,86.0,0.7012,22,0.1303,1.97,-0.213,1.0,337
GIG_0626,home_services,mumbai,none,41189.21,0.2593,0.0195,-0.00134,0.2691,0.6824,113.0,0.7275,16,0.2179,3.23,0.174,1.0,488
GIG_0627,home_services,delhi,none,28199.23,0.2786,0.037,0.01205,0.4495,1.0489,52.0,0.6419,17,0.1504,2.74,0.439,1.0,606
GIG_0628,food_delivery,bengaluru,bike,19729.8,0.1819,-0.0629,-0.00128,0.6812,0.8004,88.0,0.8473,38,0.3123,3.52,-0.052,1.0,751
GIG_0629,ride_hailing,delhi,car,47166.11,0.2871,0.0469,-0.01647,0.5501,0.4721,133.0,0.884,38,0.3008,3.93,-0.345,1.0,549
GIG_0630,ride_hailing,bengaluru,car,15249.69,0.1727,-0.0838,-0.00179,0.5293,0.5221,95.0,0.8489,25,0.2815,3.7,-0.183,1.0,611
GIG_0631,ride_hailing,hyderabad,car,39345.48,0.2411,0.0009,0.0036,0.2716,0.6053,103.0,0.715,25,0.2206,3.46,-0.125,1.0,529
GIG_0632,ride_hailing,hyderabad,bike,15276.53,0.1874,-0.0395,5e-05,0.472,0.3289,75.0,0.9273,22,0.1933,2.98,-0.02,1.0,529
GIG_0633,food_delivery,delhi,scooter,28537.87,0.3892,0.1216,0.01703,0.1885,0.7234,107.0,0.8091,34,0.2956,3.48,0.452,1.0,709
GIG_0634,home_services,delhi,none,44407.95,0.2561,0.0145,0.00893,0.4624,0.429,101.0,0.522,16,0.1916,2.5,0.382,1.0,766
GIG_0635,food_delivery,pune,scooter,35716.88,0.2435,-0.0191,0.00235,0.474,0.5973,73.0,0.8831,13,0.1783,3.07,0.121,1.0,696
GIG_0636,food_delivery,mumbai,bike,18847.48,0.3101,0.058,0.00472,0.3384,0.8764,103.0,0.7843,30,0.2758,3.57,0.04,1.0,586
GIG_0637,food_delivery,delhi,scooter,24535.71,0.2394,-0.0282,0.00599,0.4331,1.3095,67.0,0.6244,25,0.1695,3.17,-0.036,1.0,563
GIG_0638,ride_hailing,delhi,car,17479.27,0.2387,-0.0015,0.00174,0.4888,0.7963,119.0,0.8297,47,0.3388,4.33,0.057,1.0,623
GIG_0639,courier,bengaluru,bike,35155.46,0.2948,0.0534,0.01276,0.3347,0.5373,93.0,0.7314,17,0.2392,3.22,0.594,1.0,620
GIG_0640,ride_hailing,bengaluru,car,51199.23,0.2689,0.0124,0.01379,0.4043,0.5035,121.0,0.7614,26,0.2721,3.61,0.37,1.0,799
GIG_0641,food_delivery,hyderabad,bike,40966.84,0.28,0.0095,-0.00086,0.3204,0.874,97.0,0.5,17,0.2086,,,0.6667,586
GIG_0642,food_delivery,pune,bike,48066.4,0.3323,0.0692,0.01345,0.3292,0.4342,,,30,0.2224,3.22,0.476,0.3333,702
GIG_0643,ride_hailing,bengaluru,car,44491.77,0.2565,0.0,0.00549,0.2677,0.7814,103.0,0.6045,28,0.2576,3.52,0.368,1.0,586
GIG_0644,home_services,pune,car,26318.34,0.3997,0.1691,-0.01838,0.1235,0.6008,110.0,0.8354,22,0.3156,3.31,-0.469,1.0,333
GIG_0645,courier,bengaluru,bike,52414.77,0.2307,-0.0107,0.01294,0.4734,0.385,145.0,0.9029,27,0.3285,4.58,0.516,1.0,854
GIG_0646,food_delivery,bengaluru,bike,26894.52,0.2137,-0.0311,-5e-05,0.5643,1.2872,82.0,0.5,16,0.215,3.35,-0.081,1.0,520
GIG_0647,food_delivery,delhi,car,49756.8,0.3933,0.1002,-0.01808,0.2124,0.4694,121.0,0.6804,25,0.2672,3.23,-0.436,1.0,407
GIG_0648,courier,delhi,bike,45804.49,0.2345,-0.0275,-0.00045,0.2955,0.4707,,0.8835,28,0.3052,3.75,-0.291,0.6667,487
GIG_0649,courier,pune,scooter,43799.13,0.1986,-0.03275,0.00011,0.1773,0.342,134.0,0.5,49,0.2937,2.87,-0.045,1.0,402
GIG_0650,courier,bengaluru,bike,12836.16,0.2479,0.0065,-0.00234,0.3446,0.5361,84.0,0.7436,28,0.2567,3.48,0.023,1.0,498
GIG_0651,food_delivery,bengaluru,bike,20425.31,0.2988,0.054,-0.0167,0.5308,0.5811,105.0,0.8816,29,0.3422,4.63,-0.447,1.0,522
GIG_0652,food_delivery,bengaluru,scooter,36937.06,0.2659,0.0031,-0.01183,0.6,0.6436,122.0,0.951,37,0.3451,4.27,-0.483,1.0,478
GIG_0653,ride_hailing,bengaluru,car,49914.51,0.2841,0.0276,-0.01235,0.2742,0.886,101.0,0.5008,14,0.1708,2.62,-0.265,1.0,375
GIG_0654,food_delivery,mumbai,bike,43440.32,0.3049,0.0528,0.01423,0.4129,1.0346,103.0,0.7248,24,0.2417,3.23,0.502,1.0,745
GIG_0655,ride_hailing,hyderabad,car,27888.73,0.1586,-0.0816,4e-05,0.5004,0.3538,91.0,0.7443,28,0.2185,3.72,-0.019,1.0,658
GIG_0656,ride_hailing,delhi,car,41327.25,0.2012,-0.039,0.00021,0.5875,0.6724,124.0,0.5149,33,0.3132,3.82,0.006,1.0,718
GIG_0657,ride_hailing,bengaluru,bike,51135.4,0.3684,0.11215,-0.01985,0.3564,1.1704,122.0,0.7875,29,0.265,3.36,-0.613,1.0,300
GIG_0658,food_delivery,bengaluru,bike,43159.59,0.3609,0.1161,-0.01752,0.3911,0.9454,89.0,1.0,23,0.2251,3.63,-0.509,1.0,385
GIG_0659,food_delivery,mumbai,scooter,42223.91,0.1777,-0.0833,0.00354,0.5075,0.505,100.0,0.8841,12,0.2596,3.93,0.153,1.0,628
GIG_0660,courier,mumbai,bike,38782.92,0.206,-0.0125,0.00044,0.2703,0.3967,107.0,0.8811,15,0.2555,3.06,0.237,1.0,560
GIG_0661,food_delivery,hyderabad,scooter,35038.98,0.3237,0.06135,0.00037,0.1693,1.0332,,0.8054,27,0.2816,3.07,0.082,0.6667,557
GIG_0662,food_delivery,pune,bike,39344.5,0.304,0.0409,-0.00939,0.3703,0.3213,89.0,0.7016,22,0.277,2.9,-0.8,1.0,351
GIG_0663,ride_hailing,hyderabad,car,23763.4,0.2604,0.0202,-0.00048,0.2702,0.7862,119.0,0.682,38,0.3452,3.61,0.121,1.0,554
GIG_0664,home_services,delhi,none,40789.49,0.2421,0.0005,0.00235,0.3792,0.8823,136.0,0.8419,23,0.2614,3.15,0.11,1.0,528
GIG_0665,food_delivery,mumbai,scooter,34326.09,0.2948,0.0338,0.00762,0.2913,0.9638,68.0,0.7628,18,0.1952,2.88,0.185,1.0,594
GIG_0666,ride_hailing,delhi,bike,22567.02,0.3052,0.0629,0.01764,0.5079,0.7661,101.0,0.984,23,0.2488,4.14,0.401,1.0,844
GIG_0667,food_delivery,bengaluru,scooter,12377.64,0.3735,0.1107,-0.00272,0.2408,0.9295,84.0,0.9099,29,0.3003,,,0.6667,514
GIG_0668,home_services,mumbai,none,46372.7,0.3205,0.0807,-0.01593,0.3606,0.8165,122.0,0.668,31,0.2465,3.54,-0.441,1.0,544
GIG_0669,food_delivery,pune,scooter,33072.01,0.3791,0.1165,0.01223,0.1329,0.8659,99.0,0.6932,23,0.2494,2.88,0.252,1.0,631
GIG_0670,ride_hailing,mumbai,car,49922.78,0.2672,0.0152,-0.0014,0.2312,0.5512,,0.6443,29,0.2291,3.64,0.017,0.6667,597
GIG_0671,food_delivery,delhi,scooter,21658.97,0.2738,0.0062,0.00715,0.207,0.5188,98.0,0.5,39,0.2233,3.14,0.1,1.0,489
GIG_0672,ride_hailing,delhi,car,13304.77,0.2959,0.0557,-0.01414,0.4208,0.4839,68.0,0.8258,22,0.2189,3.36,-0.485,1.0,412
GIG_0673,food_delivery,mumbai,scooter,40010.33,0.289,0.028,-0.00234,0.4137,0.7812,,0.7616,17,0.2309,3.4,-0.088,0.6667,519
GIG_0674,food_delivery,delhi,scooter,32900.48,0.2387,-0.0289,0.00261,0.3733,1.3537,82.0,0.8573,16,0.2377,3.53,0.053,1.0,557
GIG_0675,home_services,hyderabad,none,15739.3,0.215,-0.0215,0.0008,0.4146,0.469,115.0,0.8296,32,0.2819,4.14,-0.174,1.0,565
GIG_0676,courier,pune,bike,47796.39,0.1749,-0.0577,-0.00255,0.3481,0.5619,152.0,0.7987,32,0.2963,3.71,-0.033,1.0,536
GIG_0677,food_delivery,pune,bike,41109.29,0.3051,0.042,-0.00948,0.3162,0.4891,94.0,0.6359,17,0.1816,2.32,-0.148,1.0,386
GIG_0678,courier,delhi,bike,11893.72,0.306,0.044,-0.00638,0.1432,0.5512,81.0,0.6386,31,0.2404,3.77,-0.362,1.0,335
GIG_0679,ride_hailing,pune,car,39249.11,0.184,-0.0658,-0.00067,0.5875,0.9127,100.0,0.5204,17,0.226,3.32,0.201,1.0,558
GIG_0680,home_services,bengaluru,none,25312.22,0.3111,0.08175,0.01383,0.1762,0.7559,94.0,0.5726,27,0.2051,3.11,0.444,1.0,696
GIG_0681,food_delivery,mumbai,scooter,45232.02,0.3109,0.0499,-0.00063,0.2533,1.1148,125.0,,33,0.3393,,,0.3333,604
GIG_0682,food_delivery,bengaluru,bike,23151.34,0.1938,-0.051,0.00027,0.3371,0.6085,,0.7631,39,0.2578,3.66,0.051,0.6667,603
GIG_0683,food_delivery,bengaluru,car,47139.05,0.3071,0.0467,0.01212,0.3921,0.7978,133.0,0.763,32,0.2878,3.69,0.362,1.0,736
GIG_0684,ride_hailing,hyderabad,car,29003.09,0.2137,-0.0265,0.00178,0.4046,0.4269,80.0,0.6939,14,0.2316,3.3,-0.031,1.0,551
GIG_0685,food_delivery,bengaluru,bike,29248.62,0.2086,-0.0362,-0.00661,0.3983,0.3752,105.0,0.6008,25,0.2566,2.84,-0.17,1.0,501
GIG_0686,home_services,pune,none,11854.88,0.1853,-0.0507,-0.00462,0.5346,0.5907,84.0,0.6032,22,0.2519,3.43,-0.262,1.0,556
GIG_0687,ride_hailing,delhi,car,52760.18,0.2253,-0.0149,0.00327,0.294,0.6524,97.0,0.6115,20,0.1698,2.84,0.21,1.0,546
GIG_0688,ride_hailing,mumbai,bike,36015.16,0.3331,0.07875,0.01237,0.2585,0.8521,104.0,0.5817,23,0.2255,2.84,0.354,1.0,619
GIG_0689,ride_hailing,bengaluru,bike,10369.46,0.2969,0.04065,-0.00305,0.181,0.4318,61.0,,19,0.2406,2.2,0.088,0.6667,522
GIG_0690,ride_hailing,delhi,car,51298.8,0.3524,0.1122,-0.01805,0.3668,0.4595,157.0,0.6892,40,0.2558,3.68,-0.575,1.0,454
GIG_0691,ride_hailing,mumbai,car,15246.78,0.1206,-0.1314,3e-05,0.7117,0.3998,71.0,0.7064,23,0.2632,3.65,0.055,1.0,688
GIG_0692,ride_hailing,hyderabad,car,25215.39,0.335,0.0948,-0.01163,0.2922,0.5922,,0.7595,16,0.1881,2.42,-0.452,0.6667,335
GIG_0693,food_delivery,delhi,scooter,32114.62,0.3065,0.0389,0.0002,0.182,0.5954,84.0,0.5309,27,0.2051,3.25,-0.097,1.0,442
GIG_0694,food_delivery,pune,bike,48869.42,0.2245,-0.0386,-0.00089,0.4426,1.4387,112.0,0.5893,17,0.174,3.42,0.171,1.0,500
GIG_0695,food_delivery,delhi,bike,18702.25,0.3269,0.06535,-0.01748,0.5371,0.7027,82.0,0.6702,17,0.231,3.21,-0.487,1.0,443
GIG_0696,food_delivery,bengaluru,scooter,45855.53,0.3219,0.0591,-0.01377,0.2998,0.531,101.0,,21,0.1972,3.04,-0.181,0.6667,300
GIG_0697,ride_hailing,mumbai,bike,23051.54,0.2623,0.00795,-0.01293,0.3489,0.3839,84.0,0.758,26,0.2518,3.34,-0.501,1.0,414
GIG_0698,ride_hailing,pune,car,22974.14,0.1762,-0.0736,0.00153,0.4613,1.5124,68.0,0.5602,18,0.1346,2.88,-0.08,1.0,441
GIG_0699,ride_hailing,hyderabad,car,19421.06,0.1724,-0.0678,-0.00229,0.386,0.657,120.0,0.8172,33,0.2999,3.66,0.089,1.0,639
GIG_0700,home_services,hyderabad,car,11583.33,0.2085,-0.0269,-0.00296,0.3802,0.7579,71.0,0.5606,30,0.2723,3.8,-0.072,1.0,669
GIG_0701,food_delivery,delhi,bike,20392.82,0.2618,0.00025,-0.00238,0.4247,0.6342,76.0,0.5152,21,0.1743,3.01,-0.027,1.0,582
GIG_0702,ride_hailing,bengaluru,car,47654.41,0.2386,-0.0179,0.00722,0.2684,0.9001,98.0,0.8052,23,0.2648,3.29,0.233,1.0,498
GIG_0703,courier,delhi,bike,40139.5,0.1588,-0.1032,0.00239,0.5624,0.4406,107.0,0.6572,22,0.1941,3.14,0.118,1.0,559
GIG_0704,ride_hailing,hyderabad,scooter,50129.51,0.1847,-0.0457,0.00154,0.6094,1.6039,130.0,0.8189,32,0.2967,4.45,0.081,1.0,670
GIG_0705,courier,mumbai,scooter,24197.52,0.2016,-0.0317,-0.0006,0.4185,0.6089,126.0,0.8162,37,0.3527,4.19,-0.031,1.0,634
GIG_0706,home_services,bengaluru,bike,17011.69,0.2599,0.0246,-0.00469,0.2607,1.3613,105.0,0.9297,38,0.3242,3.96,-0.206,1.0,582
GIG_0707,courier,pune,scooter,49947.69,0.1802,-0.05115,0.00297,0.4874,0.6187,152.0,0.9053,44,0.3939,4.67,0.054,1.0,717
GIG_0708,food_delivery,pune,bike,25326.55,0.2042,-0.0589,-0.00158,0.4407,0.5924,69.0,0.5818,13,0.1364,2.65,-0.14,1.0,439
GIG_0709,home_services,bengaluru,bike,21602.11,0.1982,-0.0371,0.00165,0.474,0.8078,68.0,0.7891,15,0.1801,3.28,-0.082,1.0,638
GIG_0710,food_delivery,mumbai,bike,36321.67,0.2362,-0.0159,-0.00721,0.3837,0.343,133.0,,31,0.3597,3.37,-0.28,0.6667,537
GIG_0711,food_delivery,hyderabad,bike,17574.93,0.3289,0.0584,0.0052,0.1468,0.9076,69.0,0.6593,21,0.1702,2.58,0.003,1.0,504
GIG_0712,courier,bengaluru,bike,49227.85,0.2295,-0.0119,0.00423,0.4318,0.6398,,0.5908,35,0.2816,3.59,0.393,0.6667,731
GIG_0713,ride_hailing,hyderabad,car,22848.4,0.1755,-0.0647,-0.00431,0.4135,0.6158,71.0,0.5205,22,0.1945,3.68,-0.03,1.0,556
GIG_0714,food_delivery,mumbai,scooter,46046.3,0.2022,-0.0588,-0.00618,0.481,0.3566,128.0,0.7312,32,0.2851,,,0.6667,548
GIG_0715,ride_hailing,hyderabad,car,39726.54,0.2843,0.0441,0.01195,0.301,0.8356,,0.7712,26,0.2589,4.3,0.432,0.6667,780
GIG_0716,ride_hailing,hyderabad,car,53394.57,0.2213,-0.0189,-0.00965,0.446,0.5244,,0.5009,29,0.2655,3.62,-0.297,0.6667,539
GIG_0717,ride_hailing,bengaluru,scooter,28182.82,0.2373,0.0155,0.01021,0.4201,0.6052,100.0,,26,0.3283,4.26,0.332,0.6667,671
GIG_0718,food_delivery,pune,scooter,27039.66,0.2466,-0.016,0.00456,0.3589,0.7906,100.0,0.7707,25,0.2306,3.66,-0.087,1.0,567
GIG_0719,home_services,hyderabad,none,34675.63,0.2194,-0.0171,0.00085,0.2709,0.3036,103.0,0.7791,28,0.1648,3.11,-0.083,1.0,471
GIG_0720,food_delivery,hyderabad,scooter,33004.32,0.2611,-0.00125,-0.00235,0.328,0.7228,107.0,0.7357,24,0.1905,3.07,-0.101,1.0,479
GIG_0721,home_services,delhi,car,53611.82,0.1986,-0.0042,5e-05,0.3692,0.3127,120.0,0.7984,19,0.1528,,,0.6667,616
GIG_0722,courier,bengaluru,bike,19790.57,0.1479,-0.0935,0.00053,0.6446,0.6468,90.0,0.5335,35,0.2655,3.66,0.021,1.0,616
GIG_0723,ride_hailing,delhi,bike,25512.85,0.1378,-0.1045,-4e-05,0.6208,0.6818,110.0,0.6009,31,0.29,3.69,-0.049,1.0,688
GIG_0724,food_delivery,pune,bike,31325.19,0.1967,-0.0664,0.00082,0.4697,0.5335,,0.6339,30,0.228,3.48,-0.071,0.6667,670
GIG_0725,ride_hailing,mumbai,car,13259.47,0.2725,0.0205,0.00439,0.313,0.582,,0.6781,21,0.2089,3.34,0.103,0.6667,615
GIG_0726,food_delivery,pune,scooter,35488.68,0.3528,0.0902,-0.02018,0.3744,0.7298,87.0,,11,0.1928,2.61,-0.482,0.6667,501
GIG_0727,ride_hailing,pune,car,40802.55,0.1543,-0.0955,-0.00334,0.651,0.5397,107.0,0.5415,33,0.2723,3.38,-0.056,1.0,452
GIG_0728,food_delivery,bengaluru,scooter,25509.06,0.2478,-0.015,-0.01152,0.3938,0.6436,,0.5569,28,0.2339,3.51,-0.393,0.6667,491
GIG_0729,ride_hailing,pune,scooter,39625.03,0.2461,-0.0035,0.00323,0.3937,0.4714,112.0,0.6831,15,0.2169,3.5,0.154,1.0,579
GIG_0730,courier,hyderabad,car,50314.6,0.1619,-0.0696,0.0023,0.6311,1.0631,113.0,0.6764,19,0.2341,3.64,0.061,1.0,540
GIG_0731,food_delivery,pune,bike,39007.68,0.2603,-0.0028,0.0001,0.3413,0.3721,,0.8108,20,0.1975,2.94,-0.044,0.6667,496
GIG_0732,home_services,mumbai,none,24705.53,0.3371,0.0973,0.01422,0.1092,0.5916,88.0,0.6308,28,0.2195,3.41,0.516,1.0,575
GIG_0733,home_services,pune,none,41705.98,0.2592,0.0232,0.00513,0.3445,0.2873,102.0,0.6778,28,0.2162,3.7,0.113,1.0,550
GIG_0734,food_delivery,pune,bike,28484.01,0.2826,0.0195,-0.00849,0.2814,0.8664,100.0,0.9769,22,0.2748,3.81,-0.659,1.0,397
GIG_0735,food_delivery,pune,scooter,43849.42,0.2065,-0.0561,-0.00094,0.4834,0.3263,104.0,,14,0.197,2.81,0.005,0.6667,605
GIG_0736,courier,mumbai,scooter,27673.44,0.2317,-0.0016,0.00559,0.2972,0.5008,,0.6114,18,0.1781,2.88,0.182,0.6667,606
GIG_0737,courier,pune,scooter,21941.77,0.3412,0.10985,0.00118,0.1373,0.4796,55.0,0.6157,12,0.2107,2.83,-0.035,1.0,388
GIG_0738,food_delivery,delhi,bike,45025.68,0.2062,-0.05535,0.00876,0.5511,0.504,115.0,0.9559,24,0.3076,3.65,0.24,1.0,683
GIG_0739,food_delivery,mumbai,car,33805.2,0.3939,0.13755,-0.02142,0.3534,0.9071,,0.5611,13,0.1995,2.93,-0.476,0.6667,404
GIG_0740,food_delivery,bengaluru,scooter,12193.09,0.3791,0.1163,-0.01889,0.433,0.6375,90.0,0.9302,21,0.2988,4.03,-0.469,1.0,508
GIG_0741,food_delivery,delhi,scooter,25029.16,0.4368,0.1692,-0.01742,0.1729,0.885,,,31,0.2225,3.84,-0.366,0.3333,403
GIG_0742,ride_hailing,pune,car,17995.24,0.3549,0.1051,0.00742,0.1511,0.7143,,0.5,28,0.2003,2.78,0.074,0.6667,532
GIG_0743,food_delivery,hyderabad,bike,34070.21,0.349,0.0785,-0.01831,0.3376,0.684,89.0,0.7408,23,0.2347,3.44,-0.45,1.0,475
GIG_0744,ride_hailing,pune,car,14888.78,0.2081,-0.0417,0.00066,0.4302,0.87,66.0,0.9817,17,0.1792,3.57,-0.059,1.0,565
GIG_0745,courier,pune,car,18749.78,0.325,0.1013,-0.01397,0.2224,0.5568,57.0,0.6819,18,0.1939,2.67,-0.41,1.0,333
GIG_0746,ride_hailing,pune,car,50121.46,0.2219,-0.0279,0.00955,0.5483,0.4146,116.0,0.8057,17,0.2574,3.59,0.365,1.0,818
GIG_0747,courier,mumbai,bike,41056.54,0.16,-0.0585,-0.00076,0.4919,0.4358,151.0,,42,0.2878,4.5,0.196,0.6667,616
GIG_0748,food_delivery,mumbai,bike,35565.05,0.3038,0.0517,0.01472,0.4326,0.3388,111.0,0.5,38,0.2762,3.83,0.313,1.0,675
GIG_0749,food_delivery,bengaluru,bike,24311.87,0.3862,0.1414,-0.00898,0.1768,0.3965,124.0,0.6557,36,0.2996,3.49,-0.541,1.0,399
GIG_0750,courier,mumbai,scooter,28072.6,0.1542,-0.0791,-0.00064,0.5725,0.6034,129.0,0.9279,23,0.2432,3.5,0.182,1.0,596
GIG_0751,ride_hailing,bengaluru,car,17539.02,0.2389,-0.0176,0.00907,0.4073,0.6306,65.0,0.6956,13,0.184,3.14,0.32,1.0,589
GIG_0752,home_services,bengaluru,none,43888.36,0.3562,0.12685,-0.00489,0.1681,0.5491,120.0,0.7837,24,0.2405,3.04,0.038,1.0,453
GIG_0753,home_services,pune,none,46479.15,0.2653,0.0293,0.00828,0.2762,0.5185,89.0,0.7235,15,0.1614,2.59,0.035,1.0,546
GIG_0754,food_delivery,delhi,scooter,18056.07,0.1952,-0.0724,0.00225,0.4764,0.2834,95.0,0.8917,39,0.3305,4.13,0.097,1.0,708
GIG_0755,food_delivery,delhi,bike,21695.44,0.2036,-0.05795,0.00043,0.4562,0.4034,94.0,0.6522,32,0.2719,4.25,-0.115,1.0,662
GIG_0756,ride_hailing,mumbai,bike,40470.91,0.2201,-0.03425,-0.00737,0.4226,0.4817,91.0,0.533,22,0.2058,2.92,-0.149,1.0,432
GIG_0757,ride_hailing,bengaluru,car,13210.08,0.3621,0.1056,0.0021,0.2245,0.7431,69.0,0.6061,14,0.1395,3.01,0.11,1.0,411
GIG_0758,ride_hailing,delhi,car,29612.49,0.2489,0.0087,0.01214,0.4242,0.2408,113.0,0.9785,28,0.2677,4.48,0.451,1.0,736
GIG_0759,food_delivery,pune,bike,43602.69,0.1988,-0.0643,0.00196,0.4928,0.6241,,0.8559,34,0.2553,3.7,0.095,0.6667,570
GIG_0760,courier,bengaluru,scooter,16929.34,0.2652,0.0337,0.00902,0.1659,0.6448,72.0,0.8048,22,0.1758,3.44,0.336,1.0,567
GIG_0761,food_delivery,bengaluru,car,46005.87,0.2927,0.0323,0.01509,0.3063,0.8871,116.0,0.7785,31,0.2327,3.72,0.392,1.0,785
GIG_0762,food_delivery,hyderabad,bike,47777.78,0.275,0.0045,-0.00413,0.3026,0.6056,104.0,0.5516,12,0.1902,2.34,-0.114,1.0,426
GIG_0763,ride_hailing,hyderabad,car,37149.86,0.33,0.0898,-0.01686,0.3384,0.5219,106.0,0.6292,30,0.2471,2.95,-0.462,1.0,409
GIG_0764,home_services,pune,car,43102.75,0.2755,0.0449,0.00233,0.103,0.889,78.0,0.9873,14,0.1895,3.26,-0.002,1.0,546
GIG_0765,courier,mumbai,scooter,26634.62,0.2144,-0.0189,-0.00102,0.4287,0.9483,107.0,0.9561,28,0.3343,4.86,-0.128,1.0,653
GIG_0766,food_delivery,hyderabad,bike,28712.22,0.1898,-0.0807,-0.00135,0.5961,0.9938,95.0,,20,0.2434,3.12,-0.042,0.6667,672
GIG_0767,home_services,mumbai,none,48366.89,0.2844,0.0446,0.01201,0.2994,0.49,,0.7876,22,0.2181,3.66,0.301,0.6667,664
GIG_0768,food_delivery,hyderabad,scooter,48315.59,0.2079,-0.05445,-0.00298,0.5129,0.5463,120.0,0.8203,21,0.2524,,,0.6667,612
GIG_0769,ride_hailing,hyderabad,car,21794.57,0.2421,0.0019,-0.0015,0.4099,0.6936,104.0,0.8345,42,0.2971,,,0.6667,674
GIG_0770,courier,pune,car,40681.08,0.1608,-0.0629,-0.00184,0.5235,0.3733,87.0,0.6395,19,0.1828,3.41,0.069,1.0,557
GIG_0771,ride_hailing,pune,car,29370.34,0.201,-0.0488,0.00036,0.3934,0.7982,95.0,0.653,22,0.1953,,,0.6667,464
GIG_0772,ride_hailing,pune,car,22444.96,0.2048,-0.045,0.00083,0.3951,0.5566,99.0,0.5455,29,0.2677,3.96,-0.044,1.0,486
GIG_0773,home_services,delhi,car,14968.9,0.2744,0.0716,-0.01131,0.3541,0.8912,60.0,0.7837,11,0.1552,3.28,-0.396,1.0,565
GIG_0774,ride_hailing,mumbai,car,40153.17,0.2446,-0.0074,-0.00783,0.4322,0.4863,124.0,0.8931,41,0.3542,4.44,-0.137,1.0,482
GIG_0775,home_services,pune,none,15761.9,0.1963,-0.0397,-0.00814,0.2313,0.4592,70.0,,17,0.1566,2.69,-0.379,0.6667,404
GIG_0776,home_services,pune,bike,21497.39,0.233,-0.0015,0.00296,0.2416,0.5309,88.0,0.7753,18,0.1839,2.89,0.033,1.0,469
GIG_0777,food_delivery,delhi,bike,46946.47,0.345,0.08345,0.01782,0.3078,0.6334,127.0,0.6763,24,0.2901,3.36,0.422,1.0,725
GIG_0778,courier,delhi,scooter,13487.61,0.2168,-0.03465,-0.00576,0.167,0.5569,65.0,,18,0.1668,2.4,-0.344,0.6667,447
GIG_0779,food_delivery,delhi,bike,45701.45,0.2948,0.03325,0.01423,0.4232,0.7557,93.0,0.7457,23,0.2377,,,0.6667,743
GIG_0780,food_delivery,pune,scooter,11593.09,0.2206,-0.042,0.00057,0.4044,0.2742,,0.9196,18,0.2291,3.78,-0.164,0.6667,534
GIG_0781,food_delivery,pune,bike,19290.3,0.3415,0.0784,0.01549,0.458,1.2695,57.0,0.9278,20,0.2238,3.79,0.469,1.0,798
GIG_0782,ride_hailing,pune,car,12193.28,0.2173,-0.0325,0.00853,0.6731,0.5108,91.0,,26,0.2658,3.55,0.102,0.6667,820
GIG_0783,home_services,hyderabad,none,40670.4,0.3296,0.0931,0.00578,0.121,0.4885,95.0,0.8506,21,0.2143,,,0.6667,551
GIG_0784,food_delivery,hyderabad,bike,22979.55,0.2692,-0.0013,-0.01031,0.4247,0.3649,89.0,,20,0.2676,3.18,-0.283,0.6667,364
GIG_0785,home_services,bengaluru,none,49797.04,0.2202,-0.00915,0.00282,0.4625,1.2271,108.0,0.8657,25,0.2392,3.48,0.178,1.0,591
GIG_0786,food_delivery,pune,scooter,39207.17,0.1736,-0.089,-0.0036,0.501,0.568,108.0,0.7319,37,0.2899,3.79,-0.261,1.0,597
GIG_0787,food_delivery,hyderabad,bike,19085.82,0.2189,-0.0516,-0.00137,0.3444,0.5396,81.0,,9,0.2102,3.16,-0.216,0.6667,539
GIG_0788,food_delivery,delhi,scooter,28179.25,0.237,-0.0306,-0.00889,0.3643,0.7894,,0.7943,14,0.1998,3.14,-0.301,0.6667,379
GIG_0789,ride_hailing,bengaluru,scooter,43253.85,0.1863,-0.0355,0.00308,0.4833,0.6667,111.0,0.659,17,0.242,3.45,-0.07,1.0,565
GIG_0790,food_delivery,delhi,scooter,35073.52,0.3617,0.0941,-0.01665,0.239,0.4676,106.0,0.5,34,0.266,3.09,-0.615,1.0,355
GIG_0791,home_services,hyderabad,none,20750.67,0.2699,0.0334,-0.01209,0.4804,0.8971,89.0,0.8038,33,0.2311,3.35,-0.378,1.0,450
GIG_0792,food_delivery,mumbai,scooter,26931.81,0.1862,-0.0748,0.0058,0.6096,0.4501,105.0,0.9354,26,0.3552,4.16,0.188,1.0,880
GIG_0793,home_services,mumbai,none,12909.11,0.2079,-0.0319,-0.00029,0.4232,0.8759,108.0,,38,0.2872,4.0,0.075,0.6667,619
GIG_0794,home_services,mumbai,car,50218.67,0.2072,-0.0213,-0.00299,0.3533,0.5288,,0.6627,26,0.2258,3.32,0.038,0.6667,595
GIG_0795,food_delivery,delhi,scooter,35575.58,0.2761,0.0085,0.00963,0.2759,0.8903,99.0,,22,0.3126,3.45,0.407,0.6667,734
GIG_0796,courier,hyderabad,scooter,33819.47,0.2352,0.00035,-0.00064,0.3677,0.6142,119.0,,21,0.1996,3.89,-0.056,0.6667,606
GIG_0797,courier,bengaluru,bike,32232.7,0.2727,0.0313,0.00212,0.2062,0.6955,104.0,0.514,40,0.2691,3.48,-0.025,1.0,532
GIG_0798,ride_hailing,mumbai,bike,40248.61,0.3061,0.05175,-0.01712,0.4957,0.8336,90.0,0.8908,24,0.2044,3.55,-0.44,1.0,441
GIG_0799,food_delivery,delhi,bike,40000.18,0.2611,-0.00045,-0.00218,0.2732,0.8359,97.0,0.885,23,0.2112,,,0.6667,392
GIG_0800,home_services,pune,car,21931.79,0.2272,-0.0034,0.00223,0.456,1.0877,83.0,0.6625,25,0.2619,3.62,0.182,1.0,653
GIG_0801,ride_hailing,pune,car,28321.52,0.2795,0.0297,0.01138,0.331,0.5339,102.0,0.8967,31,0.2899,3.26,0.236,1.0,703
GIG_0802,food_delivery,mumbai,scooter,48915.88,0.2297,-0.0313,0.00328,0.3338,0.8139,151.0,0.9936,41,0.3635,4.24,0.152,1.0,551
GIG_0803,food_delivery,bengaluru,bike,35054.11,0.2272,-0.0176,-0.00164,0.4726,0.5326,101.0,0.5346,25,0.2221,3.85,-0.082,1.0,678
GIG_0804,home_services,mumbai,none,29781.07,0.2398,0.0,0.00673,0.5143,0.622,103.0,0.6623,28,0.2484,3.26,0.415,1.0,735
GIG_0805,ride_hailing,hyderabad,car,26889.08,0.17,-0.0702,1e-05,0.5895,1.1939,97.0,0.5,39,0.234,3.8,-0.061,1.0,664
GIG_0806,food_delivery,hyderabad,bike,27731.96,0.2497,-0.0208,0.00571,0.4491,1.0746,,0.8929,41,0.3318,4.0,-0.113,0.6667,600
GIG_0807,ride_hailing,hyderabad,car,53469.22,0.1976,-0.0426,0.00071,0.4373,0.2736,116.0,0.8882,25,0.2551,3.21,-0.061,1.0,623
GIG_0808,courier,hyderabad,scooter,27031.09,0.2364,0.00155,-0.00599,0.3566,0.7374,102.0,0.9341,23,0.2766,3.64,-0.218,1.0,511
GIG_0809,courier,mumbai,car,56108.34,0.1197,-0.0971,-0.00083,0.7625,0.4588,,0.6052,14,0.1435,2.88,0.128,0.6667,466
GIG_0810,courier,mumbai,car,53964.6,0.1727,-0.0441,0.00299,0.5516,0.6296,,0.5773,22,0.2165,3.46,0.235,0.6667,575
GIG_0811,courier,mumbai,bike,24512.2,0.2865,0.068,-0.0151,0.5025,0.7986,97.0,0.8167,24,0.2729,3.75,-0.487,1.0,463
GIG_0812,home_services,hyderabad,none,29942.41,0.2504,0.0139,0.00454,0.2868,0.4285,,0.7506,14,0.1962,2.47,0.108,0.6667,457
GIG_0813,ride_hailing,mumbai,car,45563.49,0.2568,0.0048,-0.01414,0.4646,0.7624,90.0,0.8443,26,0.2452,3.22,-0.604,1.0,497
GIG_0814,courier,bengaluru,bike,51783.34,0.2598,0.0184,0.00377,0.2571,0.3272,102.0,0.7083,12,0.1921,2.76,0.079,1.0,535
GIG_0815,ride_hailing,pune,car,39072.01,0.2035,-0.0463,0.00494,0.5728,0.5454,,0.7,49,0.311,,,0.3333,617
GIG_0816,ride_hailing,mumbai,bike,12187.86,0.228,-0.02635,-0.0039,0.3984,0.298,96.0,0.7231,27,0.2565,3.56,0.137,1.0,482
GIG_0817,food_delivery,hyderabad,scooter,35899.03,0.3036,0.04125,-0.0025,0.1925,0.7215,89.0,0.627,16,0.2524,3.18,0.007,1.0,477
GIG_0818,food_delivery,pune,bike,51574.78,0.291,0.0279,0.01413,0.2819,0.5819,,0.6589,37,0.1905,3.03,0.43,0.6667,562
GIG_0819,food_delivery,hyderabad,bike,43840.09,0.2918,0.0213,0.00357,0.1856,0.7822,123.0,0.9139,36,0.3662,3.8,0.064,1.0,504
GIG_0820,ride_hailing,pune,car,16313.19,0.3565,0.1067,0.00512,0.1661,0.7508,116.0,0.9219,36,0.3211,3.25,0.043,1.0,611
GIG_0821,ride_hailing,hyderabad,car,18685.64,0.2699,0.0297,-0.00921,0.262,0.4633,60.0,0.5,10,0.1426,2.55,-0.112,1.0,585
GIG_0822,home_services,bengaluru,bike,31822.03,0.185,-0.0503,-0.00364,0.3677,0.3954,108.0,0.8199,35,0.3468,3.47,0.064,1.0,572
GIG_0823,food_delivery,bengaluru,scooter,12326.83,0.3609,0.0981,-0.01789,0.4763,0.5341,79.0,0.671,47,0.3526,3.98,-0.49,1.0,509
GIG_0824,courier,pune,bike,32638.21,0.1889,-0.0437,0.00112,0.415,0.5982,87.0,0.9466,27,0.302,4.27,0.007,1.0,681
GIG_0825,food_delivery,bengaluru,bike,38755.81,0.3004,0.0556,-0.01438,0.5414,0.829,108.0,0.82,20,0.2703,3.74,-0.511,1.0,470
GIG_0826,ride_hailing,bengaluru,bike,51889.9,0.1556,-0.10065,-0.00402,0.5411,0.6264,137.0,0.5745,29,0.2784,3.24,0.046,1.0,662
GIG_0827,courier,bengaluru,scooter,47737.73,0.3735,0.142,-0.02131,0.4522,0.7899,124.0,0.8061,36,0.2931,4.15,-0.453,1.0,469
GIG_0828,courier,mumbai,scooter,28109.35,0.2167,-0.0166,-0.0027,0.4457,0.2343,,0.8521,26,0.3342,3.33,0.083,0.6667,651
GIG_0829,home_services,bengaluru,none,53626.98,0.2345,0.00515,-0.00109,0.3208,0.7943,103.0,0.5165,12,0.1775,3.21,-0.052,1.0,496
GIG_0830,ride_hailing,mumbai,car,27551.64,0.4019,0.1499,-0.0236,0.3777,0.3547,87.0,0.8917,23,0.2023,,,0.6667,459
GIG_0831,courier,bengaluru,scooter,47227.53,0.2816,0.0501,0.0037,0.2358,0.9314,154.0,0.8704,43,0.3567,4.48,0.158,1.0,830
GIG_0832,food_delivery,hyderabad,bike,41243.86,0.3066,0.0361,-0.00738,0.3488,1.0803,108.0,0.6783,34,0.2679,3.73,-0.582,1.0,370
GIG_0833,food_delivery,delhi,scooter,43372.49,0.2696,0.002,-0.00372,0.4429,0.6095,107.0,,22,0.2518,4.25,-0.269,0.6667,479
GIG_0834,food_delivery,hyderabad,bike,15652.34,0.2996,0.0291,-0.0094,0.3657,0.4427,84.0,0.9095,27,0.2699,,,0.6667,466
GIG_0835,ride_hailing,mumbai,car,38326.49,0.217,-0.035,0.00342,0.1422,0.6089,87.0,0.8859,17,0.2027,3.06,0.12,1.0,520
GIG_0836,courier,hyderabad,bike,21601.48,0.2594,0.0206,-0.0123,0.3734,0.9733,91.0,0.7148,23,0.256,3.57,-0.509,1.0,490
GIG_0837,courier,delhi,scooter,18244.71,0.3406,0.08915,0.00632,0.3815,0.6426,93.0,0.9127,34,0.2154,3.56,0.006,1.0,635
GIG_0838,ride_hailing,bengaluru,car,12161.79,0.2182,-0.0383,0.00188,0.3275,0.5038,66.0,0.9813,17,0.2369,3.45,0.251,1.0,522
GIG_0839,home_services,mumbai,car,47518.84,0.3594,0.1309,-0.01411,0.2781,0.6964,106.0,0.9128,21,0.2407,3.79,-0.321,1.0,394
GIG_0840,courier,delhi,scooter,11481.63,0.4484,0.19695,-0.01958,0.1955,0.5689,88.0,0.7902,28,0.2373,3.29,-0.505,1.0,300
GIG_0841,food_delivery,bengaluru,bike,17378.22,0.2512,0.0064,0.0111,0.488,0.3801,,0.7872,18,0.2439,2.98,0.443,0.6667,661
GIG_0842,home_services,delhi,car,50170.09,0.2709,0.0681,-0.0046,0.2958,0.853,122.0,0.7869,32,0.2248,3.07,-0.13,1.0,493
GIG_0843,ride_hailing,hyderabad,car,51823.32,0.2031,-0.0371,-0.00051,0.3644,0.6405,,0.604,40,0.3156,4.01,-0.093,0.6667,610
GIG_0844,food_delivery,pune,scooter,35340.65,0.2401,-0.0225,-0.00556,0.4331,0.4068,93.0,0.613,27,0.19,2.86,-0.636,1.0,406
GIG_0845,ride_hailing,bengaluru,car,32613.81,0.2072,-0.0493,0.00529,0.592,0.6719,105.0,0.8955,20,0.2571,3.77,0.266,1.0,719
GIG_0846,food_delivery,delhi,bike,35827.08,0.2869,0.02535,-0.00152,0.2161,0.7264,106.0,0.9891,32,0.2591,3.65,0.01,1.0,567
GIG_0847,home_services,hyderabad,car,19122.07,0.2625,0.0271,0.00554,0.3303,0.7776,71.0,0.6961,23,0.2879,3.63,0.244,1.0,592
GIG_0848,ride_hailing,hyderabad,car,51432.28,0.2133,-0.0269,0.00264,0.4018,0.5217,128.0,0.8471,22,0.2251,3.63,-0.025,1.0,514
GIG_0849,courier,mumbai,scooter,43478.3,0.3387,0.1054,-0.01313,0.3224,0.807,137.0,0.7238,38,0.263,3.15,-0.512,1.0,390
GIG_0850,ride_hailing,bengaluru,car,38748.37,0.3029,0.0464,0.00611,0.2024,1.0123,118.0,0.8349,40,0.3498,4.38,0.53,1.0,576
GIG_0851,home_services,pune,none,34232.52,0.2874,0.0514,0.01331,0.2355,0.504,104.0,0.6862,20,0.2226,2.89,0.403,1.0,568
GIG_0852,food_delivery,bengaluru,bike,42274.57,0.1934,-0.0514,0.00552,0.4782,0.5681,133.0,0.7804,32,0.3368,4.34,0.034,1.0,822
GIG_0853,food_delivery,delhi,bike,22761.18,0.2474,-0.01415,0.00987,0.2544,0.4352,96.0,0.7086,30,0.2709,3.06,0.423,1.0,573
GIG_0854,courier,delhi,scooter,14558.22,0.2603,0.00885,-0.00223,0.1826,0.7306,31.0,0.5,14,0.1557,2.56,0.012,1.0,397
GIG_0855,home_services,hyderabad,none,24007.41,0.204,-0.0325,0.00153,0.2119,0.6349,84.0,0.9082,26,0.254,2.97,0.193,1.0,494
GIG_0856,courier,bengaluru,bike,11795.77,0.2765,0.0351,0.00591,0.3152,0.7426,70.0,,20,0.2215,3.01,0.469,0.6667,755
GIG_0857,ride_hailing,pune,car,16969.06,0.2979,0.0481,-0.00867,0.3158,1.006,90.0,0.687,28,0.2094,3.77,-0.475,1.0,426
GIG_0858,ride_hailing,hyderabad,car,54268.71,0.2163,-0.0239,-0.00311,0.4355,0.4671,99.0,0.8466,23,0.2551,3.37,0.015,1.0,596
GIG_0859,courier,mumbai,bike,46833.98,0.3608,0.1423,-0.00148,0.0983,0.6194,129.0,,31,0.2538,3.1,0.1,0.6667,431
GIG_0860,ride_hailing,hyderabad,car,22798.8,0.1877,-0.0525,0.00156,0.5003,0.7411,62.0,,15,0.2079,3.27,0.098,0.6667,544
GIG_0861,home_services,mumbai,none,49696.71,0.1911,-0.0487,-0.00171,0.4472,0.9341,107.0,0.7196,21,0.1679,3.29,0.098,1.0,553
GIG_0862,food_delivery,bengaluru,bike,18669.59,0.2376,-0.0072,-0.00719,0.3951,0.3885,98.0,0.8339,34,0.3267,3.78,-0.316,1.0,583
GIG_0863,ride_hailing,hyderabad,car,18412.2,0.2828,0.0426,0.00771,0.2418,0.7153,64.0,0.5762,4,0.1501,2.61,0.228,1.0,516
GIG_0864,food_delivery,delhi,bike,41083.56,0.3132,0.05165,0.01527,0.5609,0.3099,99.0,0.7683,17,0.23,,,0.6667,793
GIG_0865,ride_hailing,mumbai,car,26273.47,0.1759,-0.0761,-0.00363,0.5367,0.4528,100.0,0.8576,33,0.2799,4.13,0.14,1.0,720
GIG_0866,food_delivery,hyderabad,bike,47499.52,0.2815,0.011,-0.00037,0.1926,0.565,145.0,0.7035,48,0.3298,3.32,0.084,1.0,522
GIG_0867,food_delivery,mumbai,scooter,45029.33,0.2549,-0.0061,-0.012,0.4823,0.6338,90.0,0.6668,17,0.2088,2.83,-0.472,1.0,343
GIG_0868,food_delivery,hyderabad,bike,17340.05,0.376,0.1055,-0.01621,0.1303,0.9158,,0.7823,37,0.2875,3.49,-0.507,0.6667,339
GIG_0869,food_delivery,delhi,bike,44014.61,0.2424,-0.01915,-0.00433,0.3385,0.7078,119.0,,26,0.3072,4.17,-0.224,0.6667,468
GIG_0870,food_delivery,delhi,bike,46721.59,0.3276,0.06605,0.00056,0.1459,0.537,82.0,0.6808,12,0.1882,2.26,0.1,1.0,337
GIG_0871,home_services,delhi,none,12480.51,0.2629,0.0213,0.01228,0.3235,0.6775,80.0,0.7394,24,0.2048,3.53,0.33,1.0,744
GIG_0872,food_delivery,delhi,car,53534.8,0.2114,-0.0817,-0.00685,0.4344,0.9552,105.0,0.6298,27,0.2258,,,0.6667,300
GIG_0873,ride_hailing,mumbai,car,36612.89,0.2306,-0.0214,-0.00712,0.5209,0.9272,115.0,0.6493,39,0.2362,3.92,-0.114,1.0,487
GIG_0874,food_delivery,pune,scooter,28673.34,0.2626,0.0,-0.00147,0.2364,0.9847,91.0,0.5623,27,0.2405,3.34,-0.027,1.0,543
GIG_0875,courier,delhi,bike,16127.47,0.2667,0.0047,0.01381,0.7306,0.5598,62.0,0.8293,11,0.2345,3.13,0.437,1.0,788
GIG_0876,food_delivery,bengaluru,bike,13261.85,0.2957,0.0509,0.00062,0.171,0.8915,83.0,0.9143,21,0.2573,2.97,0.166,1.0,415
GIG_0877,food_delivery,hyderabad,bike,39060.81,0.2289,-0.0416,0.00059,0.4654,0.5782,122.0,0.7186,37,0.3294,3.86,0.051,1.0,734
GIG_0878,courier,mumbai,bike,30837.71,0.1695,-0.049,-0.00082,0.4765,0.8423,88.0,0.6838,21,0.2481,3.59,-0.158,1.0,644
GIG_0879,home_services,pune,none,25235.07,0.3219,0.0859,-0.01904,0.3553,0.2826,116.0,,40,0.3124,4.49,-0.424,0.6667,566
GIG_0880,food_delivery,bengaluru,bike,14118.04,0.3828,0.138,0.01393,0.2503,0.8026,65.0,0.8251,10,0.1615,3.16,0.253,1.0,686
GIG_0881,food_delivery,pune,bike,10833.76,0.2172,-0.0459,-0.00145,0.549,0.752,64.0,0.9175,15,0.2309,3.59,0.053,1.0,667
GIG_0882,ride_hailing,hyderabad,car,23689.32,0.1604,-0.0798,0.00521,0.5666,0.5176,95.0,0.9741,19,0.2454,4.15,0.314,1.0,809
GIG_0883,ride_hailing,hyderabad,car,34707.91,0.3626,0.1224,-0.02046,0.1532,0.4758,135.0,0.9781,32,0.2816,3.09,-0.525,1.0,370
GIG_0884,home_services,mumbai,none,13486.62,0.1467,-0.0931,-0.00136,0.5967,0.766,,0.5457,25,0.1636,2.67,-0.119,0.6667,439
GIG_0885,courier,bengaluru,bike,11062.86,0.2247,-0.0167,0.00355,0.2555,0.5306,63.0,0.5887,34,0.2378,3.14,0.188,1.0,506
GIG_0886,food_delivery,bengaluru,scooter,27353.27,0.3549,0.0921,-0.01027,0.2769,0.7781,109.0,0.8419,38,0.2918,4.24,-0.233,1.0,617
GIG_0887,home_services,pune,none,49571.83,0.2269,-0.0091,0.0093,0.5956,0.3639,116.0,0.8364,29,0.3166,3.99,0.506,1.0,862
GIG_0888,food_delivery,hyderabad,scooter,15490.05,0.2819,0.01955,0.01024,0.3226,0.5303,78.0,0.7486,18,0.1995,2.94,0.217,1.0,661
GIG_0889,ride_hailing,hyderabad,car,40789.42,0.1956,-0.0446,-0.00244,0.4336,0.6272,116.0,0.5,28,0.2152,2.95,-0.101,1.0,621
GIG_0890,courier,delhi,scooter,45858.39,0.1992,-0.05225,0.00041,0.4125,0.346,83.0,0.5825,17,0.1465,3.13,0.032,1.0,570
GIG_0891,food_delivery,delhi,bike,13415.47,0.3042,0.04265,-0.00271,0.3386,0.5434,109.0,0.6323,33,0.3165,3.57,0.055,1.0,561
GIG_0892,ride_hailing,hyderabad,car,34716.2,0.2167,-0.0235,0.00474,0.3249,0.6583,67.0,0.7937,17,0.1321,2.84,0.123,1.0,667
GIG_0893,ride_hailing,delhi,bike,20762.26,0.2772,0.0349,0.00944,0.3324,0.5027,115.0,1.0,39,0.3321,4.0,0.353,1.0,636
GIG_0894,food_delivery,delhi,bike,11489.93,0.1843,-0.07725,0.00155,0.4298,0.4146,114.0,0.9647,40,0.3054,4.64,0.003,1.0,792
GIG_0895,ride_hailing,pune,car,16487.28,0.2498,0.0,0.0043,0.1283,0.8345,96.0,0.7567,32,0.2615,3.56,0.237,1.0,547
GIG_0896,ride_hailing,hyderabad,car,46998.8,0.2389,-0.0013,0.00012,0.252,0.9643,105.0,0.9019,18,0.2356,3.42,0.066,1.0,559
GIG_0897,food_delivery,pune,bike,42749.74,0.2801,0.017,0.00509,0.2537,0.4707,107.0,0.8122,25,0.256,3.33,0.154,1.0,478
GIG_0898,home_services,hyderabad,none,16760.22,0.3165,0.08,-0.01757,0.4269,0.3721,84.0,0.9187,35,0.3034,4.08,-0.524,1.0,533
GIG_0899,ride_hailing,delhi,car,29886.69,0.1919,-0.0483,0.00951,0.6613,0.6241,107.0,0.8933,25,0.3005,4.23,0.365,1.0,825
GIG_0900,food_delivery,mumbai,bike,34432.5,0.2427,-0.0094,0.00133,0.2928,0.6194,92.0,0.9179,24,0.267,3.33,0.313,1.0,607
GIG_0901,food_delivery,pune,car,12442.42,0.24,-0.0353,0.00183,0.4112,0.6872,61.0,0.5168,10,0.1595,2.79,0.046,1.0,445
GIG_0902,food_delivery,delhi,scooter,19791.58,0.308,0.0404,0.01462,0.1714,0.6036,105.0,0.8729,22,0.2676,3.14,0.585,1.0,720
GIG_0903,ride_hailing,bengaluru,bike,24820.12,0.2122,-0.04405,0.00255,0.2685,0.3757,63.0,0.9479,4,0.1642,2.4,0.314,1.0,659
GIG_0904,ride_hailing,pune,car,49893.45,0.2298,-0.02,0.00226,0.4176,0.4824,110.0,0.8647,31,0.3219,3.97,0.185,1.0,642
GIG_0905,courier,bengaluru,car,40993.65,0.3213,0.0753,-0.00083,0.166,0.874,123.0,0.6988,41,0.3147,3.77,0.183,1.0,459
GIG_0906,courier,hyderabad,scooter,31016.48,0.2741,0.03925,-0.01374,0.4172,0.2937,82.0,0.758,17,0.1866,3.35,-0.466,1.0,447
GIG_0907,courier,bengaluru,car,14216.85,0.19,-0.056,-0.00215,0.3423,0.3021,77.0,0.6386,20,0.2539,3.27,-0.022,1.0,489
GIG_0908,food_delivery,pune,scooter,37306.78,0.2875,0.0249,-0.00427,0.1915,0.5596,105.0,0.7077,36,0.2653,2.9,-0.15,1.0,433
GIG_0909,food_delivery,delhi,scooter,16794.84,0.2889,0.0213,0.00521,0.1315,0.6866,106.0,0.8379,44,0.3025,3.71,0.237,1.0,556
GIG_0910,courier,delhi,scooter,48614.83,0.2779,0.02645,0.0042,0.4341,0.6124,113.0,,21,0.228,3.38,0.072,0.6667,536
GIG_0911,food_delivery,delhi,bike,50652.65,0.2311,-0.03045,0.00912,0.4717,0.385,125.0,0.9536,24,0.2601,3.26,0.259,1.0,757
GIG_0912,ride_hailing,pune,car,17894.88,0.2319,-0.0179,0.01018,0.4053,0.9179,80.0,0.7623,30,0.274,3.66,0.088,1.0,676
GIG_0913,home_services,bengaluru,bike,31318.25,0.3676,0.1323,0.00809,0.3413,0.5397,103.0,,25,0.256,3.19,0.393,0.6667,617
GIG_0914,ride_hailing,mumbai,car,21108.13,0.2561,0.0041,0.01369,0.3973,0.5106,113.0,0.8138,27,0.3238,3.82,0.407,1.0,812
GIG_0915,ride_hailing,mumbai,car,38542.84,0.2709,0.0189,0.01061,0.2072,0.438,106.0,0.7548,30,0.2408,3.65,0.449,1.0,634
GIG_0916,ride_hailing,hyderabad,car,17561.69,0.2231,-0.0171,-0.00428,0.3281,0.5982,116.0,,37,0.3021,4.52,-0.179,0.6667,771
GIG_0917,ride_hailing,delhi,car,38306.89,0.2232,-0.017,0.00154,0.1682,0.7677,94.0,0.631,27,0.1939,2.67,-0.046,1.0,428
GIG_0918,food_delivery,delhi,scooter,15167.91,0.1667,-0.1009,0.00433,0.7022,0.4836,61.0,,19,0.2576,3.83,-0.088,0.6667,524
GIG_0919,courier,hyderabad,scooter,54358.56,0.2058,-0.02905,-0.00394,0.3192,0.4726,95.0,0.9598,16,0.2094,3.37,-0.069,1.0,565
GIG_0920,food_delivery,mumbai,bike,46200.36,0.2453,-0.0068,-0.00235,0.2441,0.3869,,0.7693,35,0.2899,3.88,-0.105,0.6667,600
GIG_0921,food_delivery,pune,bike,52239.73,0.201,-0.0621,-0.00696,0.5224,0.6553,135.0,0.9204,24,0.2797,4.31,-0.215,1.0,582
GIG_0922,ride_hailing,hyderabad,bike,27111.52,0.2494,0.0225,0.00852,0.4333,0.84,90.0,0.8164,17,0.1706,3.38,0.51,1.0,668
GIG_0923,home_services,pune,none,12613.47,0.2131,-0.0229,-0.00495,0.3724,0.5426,74.0,,26,0.2608,3.65,-0.161,0.6667,466
GIG_0924,food_delivery,hyderabad,bike,19453.91,0.3414,0.0709,-0.01365,0.3923,0.9882,109.0,0.8509,33,0.3295,3.98,-0.383,1.0,449
GIG_0925,food_delivery,bengaluru,scooter,30053.48,0.2087,-0.0541,0.00378,0.5143,1.2507,94.0,0.6545,32,0.2866,3.72,-0.064,1.0,610
GIG_0926,food_delivery,hyderabad,scooter,45408.31,0.2554,-0.00695,-0.0001,0.3946,0.4322,100.0,0.842,28,0.2895,4.1,-0.028,1.0,584
GIG_0927,ride_hailing,delhi,car,16656.51,0.3089,0.0687,-0.01669,0.5831,0.3335,66.0,0.9103,19,0.2255,3.26,-0.432,1.0,484
GIG_0928,food_delivery,pune,bike,36799.3,0.2871,0.024,0.00121,0.2271,0.6298,,0.7748,32,0.2112,3.69,0.05,0.6667,564
GIG_0929,home_services,mumbai,car,33677.08,0.2834,0.0549,0.01484,0.4403,0.5874,93.0,0.6215,22,0.2222,3.75,0.297,1.0,603
GIG_0930,food_delivery,delhi,scooter,13606.75,0.2309,-0.0367,-0.00976,0.552,1.0069,99.0,0.8328,32,0.3341,4.44,-0.373,1.0,595
GIG_0931,courier,mumbai,scooter,13210.72,0.2157,-0.0176,0.00973,0.595,0.6955,90.0,0.7177,25,0.2364,3.65,0.405,1.0,718
GIG_0932,home_services,mumbai,none,13232.4,0.2268,-0.013,-0.0012,0.2241,0.5873,84.0,0.579,27,0.2731,2.92,0.078,1.0,572
GIG_0933,food_delivery,hyderabad,car,13019.17,0.2624,-0.00315,-0.00197,0.3662,0.4854,80.0,0.7738,15,0.2389,3.51,0.063,1.0,470
GIG_0934,ride_hailing,mumbai,scooter,38999.14,0.3788,0.1501,-0.0179,0.2299,0.7168,113.0,0.5567,35,0.2525,3.75,-0.474,1.0,414
GIG_0935,food_delivery,mumbai,scooter,42205.62,0.1905,-0.0705,0.00194,0.427,0.6034,,0.7473,12,0.1987,3.63,0.001,0.6667,595
GIG_0936,food_delivery,hyderabad,bike,13422.4,0.3459,0.0754,-0.01599,0.3318,1.0838,78.0,,34,0.28,3.42,-0.359,0.6667,300
GIG_0937,food_delivery,pune,bike,24622.33,0.2187,-0.0444,0.00185,0.4522,0.6688,85.0,0.6842,39,0.342,,,0.6667,769
GIG_0938,ride_hailing,pune,car,35743.92,0.1648,-0.085,-0.0042,0.4913,0.6318,119.0,0.5,26,0.2403,3.57,-0.227,1.0,506
GIG_0939,food_delivery,hyderabad,bike,24522.09,0.2201,-0.0504,0.00277,0.3911,0.7678,79.0,,20,0.2792,2.99,0.344,0.6667,682
GIG_0940,ride_hailing,delhi,car,24161.83,0.2339,-0.0063,0.00213,0.2999,0.6477,68.0,0.5823,17,0.1753,3.17,-0.007,1.0,509
GIG_0941,food_delivery,pune,bike,13935.35,0.3254,0.0623,0.01306,0.3885,0.8907,88.0,0.8242,21,0.2527,,,0.6667,657
GIG_0942,food_delivery,bengaluru,bike,24774.8,0.2442,-0.0006,0.0032,0.1578,0.7418,88.0,0.9185,25,0.2385,3.21,-0.27,1.0,398
GIG_0943,ride_hailing,pune,bike,42827.63,0.3122,0.07665,0.00758,0.1514,0.6725,88.0,0.7605,24,0.2165,3.37,0.196,1.0,541
GIG_0944,ride_hailing,delhi,car,29570.39,0.1499,-0.0903,-0.00078,0.6699,0.7205,110.0,0.7225,42,0.3072,4.67,0.06,1.0,686
GIG_0945,food_delivery,mumbai,bike,40425.2,0.2685,0.0164,-0.00851,0.3562,0.7649,91.0,0.7872,9,0.1464,2.76,-0.187,1.0,456
GIG_0946,food_delivery,bengaluru,scooter,50454.2,0.301,0.0382,0.00568,0.1573,0.36,,0.6002,26,0.1802,2.65,0.012,0.6667,500
GIG_0947,ride_hailing,mumbai,bike,52619.47,0.273,0.01865,0.01309,0.1765,0.7474,107.0,0.5488,20,0.1687,,,0.6667,699
GIG_0948,food_delivery,delhi,scooter,31062.9,0.3003,0.0327,0.0134,0.3617,0.6104,98.0,0.6096,26,0.1964,,,0.6667,668
GIG_0949,courier,mumbai,bike,11464.63,0.2088,-0.0097,0.00095,0.4657,0.7256,72.0,,31,0.2835,3.82,0.121,0.6667,673
GIG_0950,ride_hailing,delhi,car,19233.03,0.2293,-0.0109,0.00996,0.6704,0.4756,81.0,0.7033,24,0.2236,3.01,0.36,1.0,719
GIG_0951,ride_hailing,delhi,car,19379.2,0.3182,0.078,0.00258,0.2765,0.5899,102.0,0.6293,26,0.2482,3.37,0.043,1.0,480
GIG_0952,home_services,hyderabad,car,15614.02,0.2354,0.0,0.00794,0.304,0.6265,66.0,0.6501,21,0.2417,3.5,0.279,1.0,699
GIG_0953,food_delivery,delhi,scooter,22099.82,0.3142,0.0466,0.00734,0.1303,0.7463,94.0,0.833,23,0.243,2.88,0.273,1.0,559
GIG_0954,ride_hailing,mumbai,car,37926.3,0.2966,0.0446,-0.00976,0.3435,0.706,92.0,,13,0.2218,2.55,-0.107,0.6667,449
GIG_0955,courier,hyderabad,car,30425.97,0.1763,-0.0552,0.00206,0.4575,0.4829,82.0,,18,0.1858,3.6,0.024,0.6667,596
GIG_0956,courier,pune,bike,45215.02,0.2324,-0.0002,0.00364,0.2804,0.7899,127.0,0.7359,50,0.3214,3.85,0.108,1.0,525
GIG_0957,ride_hailing,delhi,car,39589.56,0.2986,0.0584,-0.00165,0.1925,0.7041,123.0,0.6611,27,0.2517,3.51,-0.035,1.0,495
GIG_0958,food_delivery,bengaluru,scooter,34746.46,0.2218,-0.041,0.00026,0.4039,0.663,81.0,0.8204,32,0.3126,3.58,-0.013,1.0,602
GIG_0959,food_delivery,mumbai,scooter,23148.91,0.2102,-0.0508,0.00064,0.3422,0.5368,115.0,0.7991,24,0.3068,4.03,0.032,1.0,714
GIG_0960,home_services,hyderabad,bike,44883.49,0.2045,-0.0258,-0.00065,0.5977,0.802,137.0,0.8537,26,0.2761,4.09,-0.163,1.0,618
GIG_0961,courier,mumbai,car,45608.85,0.1799,-0.0369,0.0086,0.6678,0.2987,136.0,0.8192,39,0.3173,4.55,0.322,1.0,834
GIG_0962,ride_hailing,hyderabad,car,38979.1,0.2406,0.0004,-0.00088,0.3879,0.7875,85.0,,6,0.1826,2.0,-0.166,0.6667,455
GIG_0963,home_services,hyderabad,none,26849.37,0.2404,0.0039,-0.00811,0.3926,0.7685,80.0,0.7126,19,0.2107,3.3,-0.227,1.0,456
GIG_0964,courier,bengaluru,bike,46209.87,0.2166,-0.0248,-0.00079,0.343,0.9802,108.0,,34,0.3188,3.79,0.034,0.6667,587
GIG_0965,food_delivery,mumbai,bike,11345.19,0.2207,-0.0314,-0.00081,0.5729,0.7963,94.0,1.0,27,0.2765,4.24,-0.069,1.0,605
GIG_0966,food_delivery,bengaluru,bike,31676.42,0.4353,0.1905,0.00378,0.1309,1.2159,92.0,0.8821,23,0.1704,2.97,0.05,1.0,538
GIG_0967,home_services,delhi,none,37341.38,0.1979,-0.0437,-0.00482,0.3264,0.8152,106.0,,21,0.2705,3.53,-0.235,0.6667,423
GIG_0968,food_delivery,bengaluru,bike,22388.65,0.2949,0.0501,-0.01389,0.4659,0.4225,104.0,0.7521,21,0.3041,3.35,-0.547,1.0,488
GIG_0969,home_services,hyderabad,none,20979.17,0.2362,-0.0003,-0.01117,0.4882,0.771,105.0,0.7436,37,0.3451,3.89,-0.285,1.0,520
GIG_0970,food_delivery,delhi,scooter,36594.34,0.2845,0.0169,-0.01138,0.2948,0.5391,127.0,0.8717,43,0.2795,3.83,-0.385,1.0,537
GIG_0971,food_delivery,delhi,scooter,24612.45,0.2136,-0.054,-0.00266,0.4763,0.3547,67.0,0.6661,13,0.2633,3.33,-0.034,1.0,565
GIG_0972,food_delivery,delhi,bike,19816.54,0.2629,0.00135,0.0014,0.2735,0.3759,115.0,,42,0.3541,3.68,0.048,0.6667,562
GIG_0973,food_delivery,hyderabad,bike,37963.63,0.2836,0.0131,0.01198,0.3253,0.8248,130.0,0.6628,30,0.2245,3.43,0.359,1.0,687
GIG_0974,ride_hailing,hyderabad,car,29356.65,0.1495,-0.0907,-0.00206,0.2652,0.6829,113.0,0.7669,32,0.3091,3.05,0.159,1.0,574
GIG_0975,ride_hailing,hyderabad,car,38474.61,0.2894,0.0492,-0.00489,0.2274,0.832,96.0,0.8277,26,0.2379,3.76,-0.036,1.0,533
GIG_0976,ride_hailing,bengaluru,car,48176.77,0.2266,-0.0299,0.00151,0.4741,0.7447,121.0,0.8407,30,0.2681,3.73,0.088,1.0,583
GIG_0977,ride_hailing,mumbai,car,12478.48,0.1686,-0.0834,-0.00052,0.5168,0.4065,95.0,0.6937,27,0.2826,3.78,-0.095,1.0,607
GIG_0978,home_services,delhi,none,34147.68,0.1728,-0.0688,0.00544,0.6116,0.6059,110.0,0.9667,24,0.2954,4.0,0.013,1.0,649
GIG_0979,courier,mumbai,bike,53760.41,0.2143,-0.0042,-0.00377,0.2705,0.7036,108.0,0.8059,28,0.2619,3.45,0.013,1.0,462
GIG_0980,ride_hailing,pune,bike,20495.93,0.2359,0.00035,-0.00135,0.3499,0.6484,79.0,0.692,19,0.209,2.94,-0.122,1.0,421
GIG_0981,food_delivery,bengaluru,scooter,22110.69,0.2481,-0.0147,0.00929,0.384,0.8779,77.0,0.8934,23,0.2037,3.48,0.476,1.0,665
GIG_0982,ride_hailing,bengaluru,car,50638.77,0.2163,-0.0402,-0.00564,0.4033,0.3796,125.0,0.5,24,0.2378,2.6,-0.034,1.0,610
GIG_0983,ride_hailing,mumbai,car,25089.68,0.262,0.01,0.01253,0.5386,0.6981,120.0,0.88,31,0.2441,3.45,0.509,1.0,724
GIG_0984,food_delivery,mumbai,scooter,24828.22,0.3836,0.1226,-0.01867,0.2661,0.6503,90.0,0.6697,38,0.3081,3.36,-0.55,1.0,440
GIG_0985,food_delivery,delhi,scooter,31381.28,0.2805,0.0129,-0.01286,0.5928,0.9305,94.0,0.8096,25,0.2982,3.92,-0.415,1.0,422
GIG_0986,food_delivery,hyderabad,bike,33478.46,0.3825,0.112,-0.01635,0.2496,0.8629,113.0,0.7036,35,0.2631,3.39,-0.501,1.0,343
GIG_0987,courier,bengaluru,scooter,39194.48,0.2031,-0.0284,0.01142,0.7586,0.3066,100.0,0.8595,11,0.2264,3.44,0.406,1.0,707
GIG_0988,home_services,delhi,none,18385.17,0.2748,0.0332,0.00466,0.2821,0.8099,76.0,,19,0.2173,3.26,0.301,0.6667,512
GIG_0989,ride_hailing,mumbai,bike,49959.7,0.2595,0.00515,-0.0003,0.4039,0.5161,,0.724,28,0.2021,3.19,-0.14,0.6667,499
GIG_0990,ride_hailing,bengaluru,car,14268.77,0.2599,0.0034,0.00063,0.3803,1.0694,75.0,0.7698,31,0.2686,3.3,-0.127,1.0,601
GIG_0991,courier,delhi,bike,30059.04,0.1933,-0.0687,0.0038,0.4971,0.6714,102.0,,23,0.2552,3.98,0.091,0.6667,578
GIG_0992,courier,pune,scooter,13262.92,0.1503,-0.08105,0.00143,0.697,0.6702,78.0,,25,0.2271,3.64,-0.114,0.6667,574
GIG_0993,food_delivery,bengaluru,car,18347.85,0.2785,0.0181,-0.00328,0.321,0.6164,92.0,0.5731,25,0.2416,3.42,-0.282,1.0,500
GIG_0994,home_services,delhi,none,30216.01,0.1668,-0.0748,0.00101,0.3853,0.5576,,0.5735,11,0.229,2.73,-0.042,0.6667,511
GIG_0995,ride_hailing,hyderabad,car,55431.47,0.2989,0.0587,-0.01629,0.4189,0.3537,151.0,0.7819,29,0.3471,4.39,-0.45,1.0,496
GIG_0996,courier,mumbai,bike,15518.69,0.3788,0.1603,-0.02229,0.2266,0.675,90.0,0.8129,38,0.329,3.48,-0.396,1.0,316
GIG_0997,ride_hailing,pune,car,27100.17,0.3154,0.0656,-0.01694,0.1601,0.5924,80.0,0.6592,18,0.1755,2.95,-0.367,1.0,408
GIG_0998,home_services,pune,none,26934.72,0.2606,0.0246,0.01423,0.109,0.4954,78.0,,26,0.2538,3.65,0.336,0.6667,640
GIG_0999,courier,pune,bike,38981.6,0.1656,-0.067,-0.0003,0.6355,0.64,109.0,0.5484,35,0.3095,3.96,0.071,1.0,613
GIG_1000,ride_hailing,bengaluru,car,11329.52,0.2175,-0.039,0.0084,0.4048,0.6479,100.0,,45,0.3664,4.39,0.284,0.6667,752
GIG_1001,home_services,hyderabad,none,15727.82,0.248,0.0115,-0.00094,0.2339,0.3876,97.0,0.926,28,0.2727,3.33,0.055,1.0,534
GIG_1002,ride_hailing,hyderabad,car,50300.89,0.2901,0.0499,0.01479,0.3569,0.5008,115.0,0.5166,14,0.2021,3.14,0.563,1.0,585
GIG_1003,ride_hailing,hyderabad,bike,30070.61,0.2451,0.0182,-0.00272,0.3944,0.7029,67.0,0.8833,14,0.2223,3.72,-0.106,1.0,579
GIG_1004,food_delivery,delhi,bike,21960.08,0.3,0.03845,-0.00759,0.3543,0.4725,109.0,,30,0.2762,3.6,-0.387,0.6667,423
GIG_1005,food_delivery,mumbai,scooter,35813.66,0.2624,0.0014,-0.002,0.5331,1.0623,95.0,,28,0.196,3.69,0.123,0.6667,511
GIG_1006,food_delivery,hyderabad,bike,38236.4,0.1746,-0.0959,-0.00064,0.403,0.2826,,0.6456,21,0.1443,2.58,0.0,0.6667,456
GIG_1007,ride_hailing,delhi,car,47599.05,0.3196,0.0794,-0.00979,0.2225,0.9396,129.0,0.865,38,0.2893,3.6,-0.341,1.0,419
GIG_1008,courier,hyderabad,bike,40309.7,0.2383,-0.0005,-2e-05,0.1882,1.1231,103.0,,38,0.2631,3.01,-0.063,0.6667,507
GIG_1009,home_services,hyderabad,bike,12700.47,0.1929,-0.0374,-0.00066,0.2353,0.6192,97.0,0.6874,40,0.2906,3.86,0.151,1.0,538
GIG_1010,food_delivery,pune,scooter,14966.79,0.2224,-0.0402,-0.00665,0.5632,0.407,93.0,1.0,14,0.2396,3.77,-0.255,1.0,579
GIG_1011,ride_hailing,hyderabad,car,40122.71,0.1843,-0.0559,-0.00413,0.5305,0.7026,114.0,,22,0.2877,3.7,-0.118,0.6667,535
GIG_1012,ride_hailing,hyderabad,car,22183.37,0.2004,-0.0398,-0.00463,0.374,0.6089,66.0,0.9706,11,0.2326,3.46,-0.245,1.0,442
GIG_1013,food_delivery,mumbai,car,54801.43,0.2248,-0.03155,0.00489,0.5243,0.6182,106.0,0.9136,23,0.2612,3.51,0.185,1.0,565
GIG_1014,ride_hailing,pune,car,36799.85,0.2025,-0.0473,0.00585,0.2972,0.8136,112.0,0.8242,30,0.3076,3.67,0.264,1.0,569
GIG_1015,food_delivery,pune,bike,41308.98,0.254,-0.0091,-0.0021,0.2497,0.6246,141.0,,36,0.2467,2.97,0.102,0.6667,532
GIG_1016,food_delivery,pune,bike,13960.11,0.2502,-0.0129,-0.0093,0.2903,0.3021,70.0,0.6885,29,0.2165,2.94,-0.44,1.0,441
GIG_1017,home_services,mumbai,none,36751.1,0.1775,-0.0623,-0.00295,0.416,0.3683,90.0,0.7521,20,0.2408,3.16,-0.084,1.0,647
GIG_1018,home_services,bengaluru,none,42627.92,0.2564,0.02705,-0.01308,0.4454,1.0586,93.0,0.856,20,0.2623,3.61,-0.378,1.0,410
GIG_1019,home_services,delhi,car,25074.07,0.2009,-0.0019,9e-05,0.423,0.8277,78.0,0.8647,17,0.2318,3.82,0.031,1.0,529
GIG_1020,food_delivery,hyderabad,car,14716.51,0.3984,0.13285,-0.01651,0.1713,1.0094,80.0,0.6543,24,0.2215,2.8,-0.462,1.0,345
GIG_1021,food_delivery,hyderabad,bike,36303.36,0.2362,-0.0343,0.00272,0.2834,0.7567,119.0,0.8329,38,0.2674,3.3,0.095,1.0,607
GIG_1022,food_delivery,pune,bike,33144.37,0.3779,0.1148,0.01886,0.3601,0.7995,130.0,0.8071,32,0.3099,4.1,0.419,1.0,720
GIG_1023,courier,mumbai,car,15727.2,0.212,-0.0048,-0.00351,0.4734,0.5251,83.0,0.9421,22,0.2347,3.65,-0.029,1.0,589
GIG_1024,courier,hyderabad,bike,26838.11,0.3591,0.1203,-0.02186,0.3347,0.3087,60.0,0.6375,21,0.1568,3.14,-0.792,1.0,423
GIG_1025,courier,hyderabad,bike,39004.65,0.4053,0.1665,-0.01028,0.1279,0.9544,,0.6357,24,0.2234,3.03,-0.506,0.6667,347
GIG_1026,courier,bengaluru,scooter,27493.71,0.2571,0.0256,0.00945,0.4656,0.2777,,0.8487,5,0.2006,3.09,0.353,0.6667,651
GIG_1027,food_delivery,pune,bike,41050.61,0.2056,-0.0575,0.0022,0.3635,0.6595,103.0,,12,0.1585,3.44,0.009,0.6667,477
GIG_1028,food_delivery,hyderabad,bike,34692.35,0.277,0.0065,0.00511,0.2304,0.9392,,0.5697,36,0.3062,3.69,0.1,0.6667,638
GIG_1029,ride_hailing,bengaluru,bike,49818.17,0.1842,-0.07205,0.00186,0.4214,0.5491,108.0,0.7177,22,0.2675,3.7,0.242,1.0,580
GIG_1030,food_delivery,delhi,scooter,12426.89,0.2723,0.0047,0.00471,0.2004,1.0154,81.0,0.7429,27,0.2298,3.22,0.069,1.0,595
GIG_1031,food_delivery,pune,scooter,36222.24,0.2377,-0.0249,-0.00228,0.2167,0.5434,82.0,0.6143,6,0.2005,2.27,-0.059,1.0,300
GIG_1032,food_delivery,delhi,scooter,26767.7,0.2973,0.0297,0.00469,0.3077,0.5596,108.0,0.6628,42,0.3094,3.84,0.007,1.0,574
GIG_1033,home_services,delhi,none,37280.56,0.2287,-0.0129,-0.01158,0.4919,0.258,101.0,0.5677,32,0.2672,3.81,-0.526,1.0,542
GIG_1034,ride_hailing,mumbai,scooter,30789.69,0.1926,-0.0361,0.00161,0.3625,0.7437,81.0,0.7482,10,0.2025,3.3,0.042,1.0,406
GIG_1035,courier,hyderabad,scooter,31793.31,0.2703,0.03545,0.01297,0.589,0.4809,131.0,0.8937,32,0.325,4.36,0.387,1.0,801
GIG_1036,food_delivery,delhi,scooter,47628.85,0.2506,-0.017,-0.00766,0.4764,1.7014,126.0,0.7758,30,0.3243,3.77,-0.339,1.0,530
GIG_1037,home_services,bengaluru,none,15507.82,0.1988,-0.03055,-0.00707,0.5407,0.7456,89.0,0.6104,26,0.274,3.86,-0.161,1.0,529
GIG_1038,home_services,mumbai,none,23945.3,0.2385,-0.0013,-0.00511,0.406,0.7338,85.0,,18,0.2117,3.2,-0.118,0.6667,424
GIG_1039,home_services,pune,none,27536.24,0.2321,-0.0039,0.00103,0.205,0.6885,69.0,0.7132,25,0.2479,2.85,0.008,1.0,487
GIG_1040,food_delivery,bengaluru,bike,37729.15,0.2282,-0.0166,0.00304,0.4769,0.4495,95.0,0.6116,22,0.2271,2.84,-0.024,1.0,588
GIG_1041,food_delivery,pune,scooter,52825.95,0.1843,-0.0783,-0.00131,0.5215,0.777,,,14,0.1216,2.79,-0.095,0.3333,456
GIG_1042,courier,hyderabad,bike,34546.94,0.247,0.0082,-0.00098,0.1442,0.9976,85.0,0.5796,23,0.2064,2.86,0.076,1.0,497
GIG_1043,food_delivery,pune,bike,51387.67,0.1641,-0.099,8e-05,0.5593,0.5057,133.0,0.7094,37,0.3566,4.5,-0.099,1.0,652
GIG_1044,home_services,pune,none,13168.99,0.2015,-0.0345,0.00176,0.4019,0.9852,105.0,0.6448,28,0.2553,3.43,0.017,1.0,639
GIG_1045,ride_hailing,delhi,car,23826.47,0.1566,-0.0836,0.00622,0.69,0.6017,116.0,0.8321,39,0.3408,3.88,0.26,1.0,796
GIG_1046,food_delivery,pune,scooter,43483.64,0.2534,-0.0092,0.00104,0.233,0.5098,89.0,0.7239,23,0.1615,2.89,0.011,1.0,415
GIG_1047,food_delivery,mumbai,scooter,33102.74,0.2688,0.0078,0.00284,0.2824,0.4358,108.0,0.7968,26,0.2833,3.9,0.03,1.0,553
GIG_1048,food_delivery,mumbai,scooter,30753.93,0.2093,-0.0517,-0.00157,0.5976,1.0046,103.0,0.9139,29,0.3145,3.65,0.029,1.0,634
GIG_1049,ride_hailing,hyderabad,car,33093.29,0.3186,0.0784,0.01334,0.2143,0.317,101.0,0.5894,26,0.2636,3.18,0.465,1.0,739
GIG_1050,food_delivery,hyderabad,car,42495.18,0.2719,0.00635,0.00013,0.4146,0.467,119.0,0.7349,14,0.1865,2.97,-0.054,1.0,555
GIG_1051,food_delivery,mumbai,scooter,37057.13,0.3075,0.0465,0.01644,0.1203,0.8363,69.0,0.8199,7,0.1276,2.36,0.548,1.0,638
GIG_1052,food_delivery,mumbai,bike,47653.0,0.1929,-0.0592,0.0011,0.4639,0.8638,114.0,0.7658,20,0.255,4.2,0.219,1.0,591
GIG_1053,ride_hailing,bengaluru,car,47679.1,0.3943,0.1378,-0.01902,0.2864,0.5817,148.0,,30,0.3066,3.42,-0.272,0.6667,364
GIG_1054,ride_hailing,hyderabad,car,41570.47,0.2166,-0.0236,-0.00032,0.444,0.649,139.0,0.5706,25,0.2192,3.24,0.166,1.0,561
GIG_1055,ride_hailing,mumbai,car,11813.06,0.2389,-0.0131,-0.01169,0.3868,0.7012,65.0,0.7786,6,0.2137,3.24,-0.197,1.0,451
GIG_1056,ride_hailing,hyderabad,car,46591.62,0.3776,0.1374,-0.00687,0.136,0.8474,105.0,0.5746,23,0.2774,3.06,-0.093,1.0,393
GIG_1057,courier,delhi,bike,12639.8,0.1848,-0.0772,0.00178,0.299,0.4749,58.0,0.7798,6,0.1408,2.65,0.065,1.0,573
GIG_1058,food_delivery,delhi,bike,30652.12,0.172,-0.08955,0.00234,0.4456,0.7847,101.0,0.8166,37,0.2927,4.46,-0.015,1.0,554
GIG_1059,food_delivery,pune,bike,31389.92,0.263,-0.0001,-0.01132,0.4034,0.5703,113.0,0.5,33,0.295,3.67,-0.217,1.0,514
GIG_1060,courier,bengaluru,bike,45700.97,0.1397,-0.1017,0.00076,0.5666,0.639,124.0,0.5636,38,0.2744,3.7,-0.01,1.0,704
GIG_1061,food_delivery,delhi,scooter,13603.44,0.2274,-0.0402,0.00059,0.3347,0.9719,93.0,0.5721,34,0.2673,3.27,0.103,1.0,525
GIG_1062,ride_hailing,pune,car,30010.01,0.3121,0.0623,-0.00087,0.1304,0.5217,102.0,,18,0.2031,2.66,0.02,0.6667,537
GIG_1063,food_delivery,mumbai,bike,50687.37,0.3255,0.0734,0.01195,0.1436,0.5782,112.0,0.6271,31,0.2491,3.05,0.299,1.0,658
GIG_1064,food_delivery,mumbai,scooter,49160.04,0.3654,0.1044,-0.00218,0.1712,1.0241,121.0,0.6889,30,0.2376,,,0.6667,384
GIG_1065,courier,hyderabad,bike,47913.91,0.16,-0.0788,0.00134,0.5809,0.8611,,0.7162,25,0.2504,4.01,0.087,0.6667,611
GIG_1066,food_delivery,delhi,bike,21304.94,0.2924,0.03085,0.0019,0.2312,1.037,77.0,0.5,17,0.1767,2.46,-0.042,1.0,448
GIG_1067,courier,mumbai,bike,34956.65,0.3205,0.102,-0.0106,0.1756,0.322,119.0,,24,0.2636,3.67,-0.21,0.6667,441
GIG_1068,food_delivery,bengaluru,scooter,47312.75,0.3592,0.0964,-0.01608,0.3119,0.5453,103.0,0.7149,26,0.1687,3.13,-0.502,1.0,425
GIG_1069,ride_hailing,mumbai,car,38206.64,0.2989,0.0469,-0.00421,0.2878,0.4822,114.0,0.782,32,0.2295,2.87,-0.363,1.0,444
GIG_1070,food_delivery,pune,bike,17335.98,0.2191,-0.044,0.00083,0.4349,0.6824,99.0,,27,0.279,3.64,0.17,0.6667,535
GIG_1071,home_services,delhi,car,49712.34,0.263,0.0602,-0.00111,0.2198,0.532,125.0,1.0,27,0.26,3.17,0.033,1.0,629
GIG_1072,food_delivery,pune,bike,24729.86,0.2097,-0.0534,-0.00246,0.5448,0.8216,108.0,0.7363,28,0.2759,3.9,-0.081,1.0,581
GIG_1073,food_delivery,pune,scooter,43064.56,0.223,-0.0396,-0.0042,0.349,0.7342,96.0,0.6641,27,0.201,3.04,-0.523,1.0,463
GIG_1074,home_services,mumbai,car,37423.56,0.1553,-0.0732,-0.00155,0.5252,0.6636,102.0,0.7022,28,0.276,3.73,-0.022,1.0,647
GIG_1075,home_services,hyderabad,none,17237.88,0.1798,-0.0567,-0.00077,0.4578,0.7715,86.0,0.6565,35,0.3423,4.18,0.031,1.0,629
GIG_1076,ride_hailing,mumbai,car,16910.5,0.2296,-0.0224,0.00331,0.4556,0.4522,87.0,0.7574,12,0.2485,3.57,0.174,1.0,674
GIG_1077,food_delivery,mumbai,bike,17328.96,0.2533,0.0012,-0.00157,0.3198,0.4655,,1.0,36,0.3095,4.14,-0.104,0.6667,602
GIG_1078,home_services,pune,none,50855.81,0.259,0.023,-0.00627,0.224,0.7735,134.0,0.8882,39,0.3369,3.82,-0.26,1.0,555
GIG_1079,ride_hailing,hyderabad,bike,47350.61,0.2167,-0.0102,0.00368,0.3249,0.5873,144.0,0.5759,33,0.281,3.44,0.004,1.0,593
GIG_1080,food_delivery,bengaluru,bike,23411.78,0.3012,0.0564,0.00841,0.0912,0.6713,,,30,0.2574,2.73,0.267,0.3333,593
GIG_1081,courier,pune,bike,16564.67,0.2792,0.0466,-0.00682,0.3553,0.7657,105.0,0.7278,29,0.2334,3.97,-0.339,1.0,448
GIG_1082,food_delivery,hyderabad,scooter,53527.33,0.2348,-0.02755,-0.00402,0.5142,0.8318,107.0,,23,0.1622,2.76,-0.2,0.6667,577
GIG_1083,food_delivery,delhi,bike,28848.52,0.3936,0.13205,0.01919,0.223,0.6187,92.0,,25,0.1859,3.37,0.459,0.6667,664
GIG_1084,food_delivery,bengaluru,scooter,17304.75,0.2682,0.0054,0.00604,0.2547,0.7661,79.0,0.7573,35,0.234,3.48,0.107,1.0,584
GIG_1085,ride_hailing,hyderabad,car,27450.72,0.2185,-0.0217,1e-05,0.4026,0.4875,,0.6366,18,0.2225,2.46,-0.087,0.6667,554
GIG_1086,courier,hyderabad,car,51537.9,0.2061,-0.0254,-0.00485,0.3346,0.9628,137.0,0.8755,34,0.2767,3.5,-0.14,1.0,456
GIG_1087,home_services,delhi,none,25238.27,0.3902,0.1486,-0.02261,0.1613,0.3021,114.0,0.754,28,0.2933,3.21,-0.403,1.0,371
GIG_1088,food_delivery,hyderabad,scooter,15163.75,0.1861,-0.07625,-0.00201,0.2703,0.4288,72.0,0.6268,23,0.2579,3.55,-0.265,1.0,435
GIG_1089,home_services,bengaluru,none,44455.05,0.2632,0.03385,-0.01254,0.5653,0.7615,124.0,1.0,30,0.2386,4.05,-0.319,1.0,539
GIG_1090,courier,hyderabad,scooter,47003.83,0.2822,0.04735,-0.00658,0.2415,0.7085,132.0,0.8465,23,0.3033,3.77,-0.315,1.0,400
GIG_1091,food_delivery,pune,scooter,27893.45,0.4248,0.1622,0.01756,0.1672,0.6866,71.0,0.572,22,0.1578,2.49,0.47,1.0,669
GIG_1092,ride_hailing,mumbai,scooter,55342.81,0.2518,0.0231,-0.01146,0.3072,0.3499,128.0,0.8182,25,0.2799,3.52,-0.236,1.0,375
GIG_1093,ride_hailing,pune,car,34752.18,0.3194,0.0696,0.00271,0.2894,0.4899,101.0,0.7522,21,0.2593,3.4,0.127,1.0,576
GIG_1094,ride_hailing,hyderabad,car,38724.83,0.4027,0.1625,-0.01534,0.1564,0.774,113.0,,30,0.3264,3.9,-0.371,0.6667,300
GIG_1095,courier,pune,bike,47881.19,0.1837,-0.0489,0.00252,0.4977,0.5625,119.0,0.9757,24,0.2825,3.86,-0.03,1.0,594
GIG_1096,ride_hailing,delhi,car,24748.37,0.2111,-0.0291,-0.00715,0.6693,0.8258,69.0,1.0,8,0.2002,3.55,-0.456,1.0,576
GIG_1097,food_delivery,delhi,scooter,43984.91,0.2922,0.0246,-0.01022,0.3563,0.9157,79.0,0.5,14,0.1694,2.65,-0.435,1.0,326
GIG_1098,food_delivery,bengaluru,scooter,42057.97,0.1952,-0.0676,0.00209,0.475,0.4885,90.0,0.7695,8,0.1973,3.27,-0.068,1.0,708
GIG_1099,food_delivery,delhi,bike,27261.73,0.2427,-0.01885,0.00072,0.1839,0.6237,99.0,0.8381,22,0.1679,2.67,-0.152,1.0,500
GIG_1100,home_services,delhi,bike,27537.85,0.2604,0.044,0.00118,0.2337,0.5453,126.0,0.5988,31,0.2907,3.86,0.052,1.0,541
GIG_1101,food_delivery,delhi,bike,27278.04,0.2089,-0.05265,0.00841,0.5239,0.528,61.0,0.6932,12,0.1742,3.02,0.013,1.0,478
GIG_1102,food_delivery,hyderabad,bike,48802.08,0.2239,-0.0466,0.00638,0.5668,0.7142,94.0,0.9082,8,0.2035,2.76,0.349,1.0,558
GIG_1103,courier,pune,scooter,48203.89,0.1814,-0.04995,0.00089,0.412,0.6494,120.0,0.905,19,0.2591,3.87,0.035,1.0,692
GIG_1104,home_services,pune,none,26994.36,0.2845,0.0485,0.00061,0.2057,0.6444,99.0,0.6837,27,0.2074,2.88,0.006,1.0,551
GIG_1105,courier,mumbai,car,18989.35,0.2471,0.0303,0.00366,0.3122,0.8233,97.0,0.9262,21,0.2898,4.2,-0.084,1.0,642
GIG_1106,food_delivery,hyderabad,bike,18632.32,0.2687,-0.0018,0.01073,0.3765,0.6244,,0.9625,21,0.2626,4.38,0.347,0.6667,674
GIG_1107,home_services,pune,none,25846.76,0.1778,-0.0582,0.00108,0.5676,0.9381,109.0,0.9022,39,0.329,3.5,0.118,1.0,673
GIG_1108,ride_hailing,pune,car,34625.05,0.331,0.0812,-0.01953,0.4061,0.5009,91.0,0.5,19,0.2264,3.17,-0.33,1.0,385
GIG_1109,courier,delhi,bike,54130.65,0.2126,-0.0494,0.00673,0.4413,0.5753,134.0,0.5863,29,0.2325,3.15,0.05,1.0,648
GIG_1110,ride_hailing,bengaluru,car,39109.69,0.3421,0.0856,-0.01197,0.2843,1.0147,94.0,0.8773,22,0.2287,3.89,-0.447,1.0,424
GIG_1111,courier,pune,scooter,13757.63,0.2168,-0.01455,0.0037,0.282,0.9086,46.0,0.7798,21,0.1543,2.54,0.005,1.0,429
GIG_1112,ride_hailing,mumbai,bike,11341.26,0.2131,-0.04125,0.00486,0.2284,0.5441,87.0,0.6499,34,0.2636,3.52,0.068,1.0,515
GIG_1113,ride_hailing,pune,car,24526.31,0.2282,-0.0216,-0.00595,0.5374,0.6985,77.0,0.7411,20,0.2742,2.81,-0.167,1.0,480
GIG_1114,ride_hailing,pune,car,32707.68,0.2777,0.0279,0.00494,0.1978,0.736,68.0,0.7759,16,0.1936,2.81,0.021,1.0,511
GIG_1115,food_delivery,delhi,scooter,21416.11,0.2367,-0.0309,-0.0017,0.2939,0.7348,81.0,0.8162,42,0.286,4.08,0.085,1.0,588
GIG_1116,ride_hailing,pune,bike,39336.86,0.3313,0.09575,-0.01729,0.3346,0.4658,99.0,0.8,22,0.2481,,,0.6667,341
GIG_1117,ride_hailing,hyderabad,car,51072.88,0.2915,0.0513,-0.01556,0.5591,0.8781,102.0,0.7505,20,0.2163,3.23,-0.461,1.0,408
GIG_1118,ride_hailing,bengaluru,car,13747.55,0.2866,0.0301,-0.01338,0.5519,0.6036,81.0,0.7631,25,0.2291,,,0.6667,423
GIG_1119,food_delivery,bengaluru,scooter,20788.45,0.2781,0.0153,0.00554,0.2937,0.5127,87.0,0.7913,29,0.2346,3.05,0.102,1.0,470
GIG_1120,ride_hailing,delhi,car,23690.97,0.3033,0.0631,0.00563,0.2901,0.2792,111.0,0.8556,18,0.2442,3.68,-0.003,1.0,558
GIG_1121,food_delivery,pune,bike,38846.63,0.2678,0.0047,0.01065,0.6012,0.814,68.0,,11,0.1699,3.22,0.469,0.6667,636
GIG_1122,courier,hyderabad,bike,29500.23,0.1398,-0.099,0.00137,0.4849,0.8173,93.0,,28,0.2575,4.45,-0.141,0.6667,632
GIG_1123,food_delivery,pune,bike,25721.53,0.2662,0.0031,-0.01407,0.5269,0.9192,71.0,0.5562,21,0.1568,3.55,-0.355,1.0,435
GIG_1124,ride_hailing,mumbai,car,19721.52,0.268,0.016,0.00279,0.3136,0.4358,86.0,0.8056,27,0.2802,3.49,-0.248,1.0,625
GIG_1125,food_delivery,hyderabad,scooter,50394.82,0.312,0.04965,-0.00358,0.2992,0.6609,95.0,0.5828,18,0.141,,,0.6667,359
GIG_1126,ride_hailing,bengaluru,car,19219.75,0.2295,-0.027,0.00326,0.3482,0.8146,,0.6231,7,0.1416,2.26,0.229,0.6667,586
GIG_1127,food_delivery,mumbai,bike,38814.28,0.2387,-0.0134,2e-05,0.3669,0.9882,99.0,0.7366,19,0.2354,3.21,-0.128,1.0,529
GIG_1128,home_services,bengaluru,none,39484.23,0.2956,0.06625,0.00309,0.1384,0.5014,90.0,0.5934,21,0.1564,2.13,0.102,1.0,446
GIG_1129,ride_hailing,pune,car,32038.65,0.3393,0.0895,-0.00045,0.2348,0.6448,95.0,0.5389,25,0.2195,3.45,-0.08,1.0,508
GIG_1130,ride_hailing,delhi,car,32744.56,0.2299,-0.0103,-0.00937,0.4332,0.6676,91.0,0.6202,22,0.2035,3.61,-0.359,1.0,448
GIG_1131,courier,pune,car,24828.36,0.1727,-0.051,0.00055,0.5586,0.7458,89.0,0.6019,21,0.1228,2.81,0.095,1.0,575
GIG_1132,ride_hailing,bengaluru,car,15768.55,0.3655,0.109,-0.01761,0.242,0.7419,91.0,0.6417,40,0.2897,3.05,-0.462,1.0,300
GIG_1133,home_services,delhi,none,37344.93,0.2505,0.0089,0.00067,0.1447,0.4336,145.0,0.933,37,0.3093,3.91,0.028,1.0,596
GIG_1134,courier,pune,scooter,24663.14,0.2426,0.01125,-0.00046,0.2352,0.422,117.0,0.8654,38,0.3168,4.25,-0.06,1.0,635
GIG_1135,food_delivery,delhi,car,15258.62,0.3095,0.0164,0.00823,0.2549,0.5161,82.0,0.5088,28,0.2519,3.07,0.17,1.0,596
GIG_1136,home_services,hyderabad,none,37502.59,0.196,-0.0405,-0.00476,0.3283,0.6688,117.0,0.6564,41,0.3088,3.33,-0.207,1.0,512
GIG_1137,food_delivery,pune,scooter,45793.1,0.3099,0.0473,-0.01555,0.5108,0.4529,140.0,0.6676,39,0.3246,4.08,-0.33,1.0,536
GIG_1138,food_delivery,mumbai,scooter,28972.17,0.2014,-0.0596,-0.00072,0.5119,0.6233,116.0,0.6432,29,0.2585,3.75,0.026,1.0,592
GIG_1139,ride_hailing,pune,car,20984.63,0.2192,-0.0306,-8e-05,0.2399,0.7512,75.0,,22,0.191,3.02,-0.147,0.6667,422
GIG_1140,ride_hailing,pune,car,31392.84,0.2011,-0.0487,-0.00051,0.5859,0.3989,95.0,0.5969,25,0.2557,2.98,-0.069,1.0,572
GIG_1141,food_delivery,hyderabad,scooter,43414.75,0.2398,-0.02255,-0.00113,0.0969,0.2983,111.0,0.637,29,0.227,2.35,0.005,1.0,510
GIG_1142,courier,mumbai,bike,23224.96,0.175,-0.0435,0.00207,0.4284,0.4998,,0.9935,29,0.3055,4.45,0.073,0.6667,657
GIG_1143,food_delivery,mumbai,bike,54345.85,0.3297,0.0776,0.00902,0.2523,0.6929,135.0,0.6817,34,0.2881,3.38,0.356,1.0,558
GIG_1144,food_delivery,hyderabad,bike,41134.62,0.3042,0.0337,-0.00959,0.117,0.545,96.0,0.9658,18,0.2203,2.7,-0.521,1.0,357
GIG_1145,home_services,mumbai,none,32469.04,0.3532,0.1134,0.00017,0.1118,0.5757,103.0,,21,0.2336,3.86,0.006,0.6667,588
GIG_1146,ride_hailing,pune,car,23702.83,0.2332,-0.0166,0.01127,0.3408,0.3225,94.0,0.9252,16,0.2342,3.84,0.261,1.0,720
GIG_1147,home_services,delhi,none,52493.92,0.2411,-0.0005,0.01221,0.3865,0.7602,120.0,0.7031,29,0.2318,3.64,0.595,1.0,658
GIG_1148,ride_hailing,pune,car,39139.59,0.3165,0.0667,0.01293,0.2815,0.5817,,,21,0.1834,2.63,0.254,0.3333,597
GIG_1149,courier,pune,bike,44590.09,0.1903,-0.0423,0.0031,0.4827,0.5874,121.0,0.9195,23,0.2847,4.18,0.0,1.0,685
GIG_1150,ride_hailing,delhi,car,43645.48,0.3054,0.0652,-0.00838,0.3425,0.5127,,0.7982,29,0.1836,3.26,-0.385,0.6667,478
GIG_1151,food_delivery,hyderabad,scooter,17440.89,0.2397,-0.02265,0.00215,0.287,0.7537,71.0,0.7171,13,0.1603,2.71,-0.158,1.0,352
GIG_1152,courier,pune,scooter,21597.19,0.2467,0.01535,-0.00052,0.2181,0.6486,101.0,0.94,15,0.1976,3.32,-0.196,1.0,437
GIG_1153,courier,bengaluru,scooter,30204.29,0.2197,-0.0118,0.00195,0.2865,0.6936,99.0,,21,0.2081,2.88,0.249,0.6667,530
GIG_1154,ride_hailing,bengaluru,car,36153.21,0.2397,-0.0168,-0.00177,0.4561,0.7159,120.0,0.9145,27,0.2656,3.9,-0.012,1.0,635
GIG_1155,ride_hailing,bengaluru,car,44501.88,0.2247,-0.0318,0.00157,0.3488,1.1932,119.0,0.6072,34,0.3066,3.61,0.152,1.0,596
GIG_1156,home_services,pune,none,16396.77,0.2988,0.0628,0.00567,0.2075,0.7189,,0.8387,24,0.2069,3.69,-0.083,0.6667,435
GIG_1157,food_delivery,pune,bike,20706.93,0.255,-0.0081,-0.00051,0.359,0.6975,74.0,0.7201,21,0.2343,3.0,-0.071,1.0,429
GIG_1158,food_delivery,mumbai,bike,31190.16,0.2502,-0.0019,0.00849,0.5387,1.1358,108.0,0.6804,22,0.2156,2.77,0.292,1.0,562
GIG_1159,home_services,hyderabad,none,25599.61,0.215,-0.0215,0.00018,0.3876,0.7208,106.0,0.6582,36,0.3202,3.8,0.075,1.0,644
GIG_1160,ride_hailing,hyderabad,bike,38251.76,0.1857,-0.0412,-0.00217,0.4711,0.9243,102.0,,22,0.2677,3.32,0.162,0.6667,565
GIG_1161,home_services,delhi,bike,12298.7,0.3703,0.1539,-0.02147,0.2851,0.4693,79.0,0.7478,24,0.2473,3.28,-0.532,1.0,525
GIG_1162,ride_hailing,bengaluru,car,35564.52,0.2684,0.0119,-0.00723,0.3838,0.2781,124.0,0.6875,31,0.2898,3.58,-0.203,1.0,617
GIG_1163,ride_hailing,pune,bike,28411.31,0.3069,0.07135,0.01438,0.4966,0.6266,85.0,0.9089,22,0.2479,3.2,0.453,1.0,703
GIG_1164,food_delivery,pune,bike,28474.12,0.3013,0.0382,0.0041,0.2174,1.182,116.0,0.877,26,0.2686,,,0.6667,502
GIG_1165,home_services,pune,bike,12975.91,0.282,0.0475,-0.0075,0.165,0.5624,76.0,0.765,21,0.2169,3.07,-0.246,1.0,449
GIG_1166,food_delivery,pune,bike,20960.48,0.3108,0.0477,-0.00202,0.1672,0.6165,60.0,0.6254,16,0.1495,2.19,-0.028,1.0,439
GIG_1167,home_services,pune,none,53454.58,0.2931,0.0571,0.00548,0.1214,0.3397,120.0,,26,0.2137,2.56,0.245,0.6667,615
GIG_1168,food_delivery,hyderabad,bike,23688.02,0.1787,-0.0918,0.00214,0.6275,0.4322,110.0,0.7229,36,0.3299,,,0.6667,744
GIG_1169,food_delivery,mumbai,bike,40936.11,0.2497,-0.0024,0.00602,0.3081,0.3481,128.0,1.0,21,0.319,3.79,0.316,1.0,641
GIG_1170,food_delivery,delhi,bike,34835.45,0.3018,0.04025,0.00425,0.1818,0.2284,104.0,0.6916,21,0.2537,3.03,0.065,1.0,441
GIG_1171,food_delivery,delhi,bike,25768.18,0.2137,-0.04785,0.00106,0.4226,0.3994,,0.901,8,0.2322,3.58,0.184,0.6667,677
GIG_1172,food_delivery,mumbai,bike,23986.18,0.4248,0.1727,-0.00238,0.0756,0.4615,104.0,0.7964,34,0.2139,3.36,0.021,1.0,420
GIG_1173,food_delivery,hyderabad,bike,48550.37,0.2944,0.0239,-0.00591,0.1992,0.5765,81.0,0.8927,16,0.1802,3.17,0.041,1.0,604
GIG_1174,ride_hailing,pune,car,12480.18,0.3706,0.1208,0.0109,0.2845,1.5083,,0.9271,15,0.1928,3.02,0.432,0.6667,528
GIG_1175,ride_hailing,delhi,car,10910.15,0.2742,0.034,0.00539,0.24,0.4818,79.0,0.5531,19,0.2111,2.93,0.217,1.0,514
GIG_1176,home_services,bengaluru,none,36703.51,0.2151,-0.01425,0.00078,0.2482,0.2882,117.0,,32,0.3183,3.11,0.19,0.6667,629
GIG_1177,food_delivery,delhi,scooter,18902.82,0.3099,0.0423,0.00272,0.2128,0.3087,,0.9363,16,0.2203,3.36,-0.076,0.6667,585
GIG_1178,food_delivery,hyderabad,bike,34966.89,0.3129,0.0424,0.01025,0.3924,0.749,117.0,0.7533,36,0.2801,3.8,0.54,1.0,620
GIG_1179,courier,mumbai,bike,24362.22,0.3164,0.0979,0.0142,0.2829,0.6771,107.0,,39,0.2361,3.38,0.525,0.6667,593
GIG_1180,food_delivery,delhi,scooter,28521.58,0.3125,0.0449,-0.00344,0.086,0.4068,,0.8548,38,0.2893,3.6,-0.489,0.6667,416
GIG_1181,courier,bengaluru,scooter,41793.99,0.3273,0.0958,-0.01599,0.3989,0.6946,118.0,0.6401,32,0.3153,3.85,-0.496,1.0,342
GIG_1182,food_delivery,mumbai,scooter,40453.75,0.2205,-0.0405,0.00193,0.4418,0.5368,138.0,,44,0.2636,3.75,0.222,0.6667,709
GIG_1183,courier,pune,scooter,19170.89,0.2576,0.02625,0.01197,0.4056,0.4216,96.0,,17,0.1967,3.44,0.502,0.6667,733
GIG_1184,courier,delhi,bike,11767.79,0.2518,-0.0102,0.00235,0.2409,0.361,,0.6841,28,0.1843,3.06,-0.064,0.6667,557
GIG_1185,food_delivery,delhi,scooter,34192.06,0.3178,0.0502,0.01566,0.2305,0.3611,97.0,0.8265,17,0.2354,3.12,0.507,1.0,572
GIG_1186,home_services,bengaluru,car,44949.34,0.4419,0.199,-0.0209,0.1068,0.737,86.0,0.76,15,0.1944,2.78,-0.381,1.0,430
GIG_1187,courier,hyderabad,car,48094.41,0.2231,-0.0084,0.00161,0.3113,0.7646,93.0,0.5622,14,0.1758,2.94,0.03,1.0,468
GIG_1188,ride_hailing,pune,car,24034.19,0.2345,-0.0153,0.00433,0.268,0.3491,108.0,0.8274,34,0.2935,,,0.6667,667
GIG_1189,ride_hailing,mumbai,car,22258.52,0.216,-0.036,-0.00137,0.5174,0.8385,95.0,0.8899,19,0.234,4.15,-0.035,1.0,639
GIG_1190,ride_hailing,delhi,scooter,31265.59,0.2675,0.0077,0.00025,0.1933,0.635,86.0,0.8119,29,0.2812,3.49,0.03,1.0,430
GIG_1191,food_delivery,bengaluru,bike,46177.14,0.2674,0.0226,0.00197,0.2305,0.6048,117.0,0.9061,25,0.2937,3.8,0.062,1.0,587
GIG_1192,food_delivery,bengaluru,scooter,34050.21,0.261,-0.0018,0.00658,0.3319,0.9114,90.0,0.7676,23,0.1964,3.64,0.165,1.0,726
GIG_1193,food_delivery,pune,scooter,23181.78,0.2324,-0.0302,0.00587,0.27,0.4262,102.0,0.8774,34,0.3595,3.3,0.166,1.0,631
GIG_1194,food_delivery,bengaluru,scooter,47226.19,0.2402,-0.0226,-0.00886,0.3602,0.5873,,0.8847,13,0.1649,2.72,-0.347,0.6667,411
GIG_1195,ride_hailing,hyderabad,car,29607.82,0.3213,0.0811,-0.01445,0.1525,0.8178,85.0,0.8799,16,0.2099,3.07,-0.582,1.0,305
GIG_1196,food_delivery,hyderabad,bike,42585.35,0.2281,-0.0424,0.00229,0.2774,0.7067,91.0,0.8654,17,0.2125,3.58,0.011,1.0,561
GIG_1197,food_delivery,hyderabad,scooter,22005.61,0.1873,-0.07505,-0.00151,0.3759,0.7946,110.0,0.9358,33,0.3449,4.06,0.024,1.0,532
GIG_1198,home_services,mumbai,none,23253.11,0.1807,-0.0591,-0.00329,0.5527,0.7697,71.0,0.7429,21,0.2324,3.01,-0.303,1.0,592
GIG_1199,ride_hailing,bengaluru,car,43081.43,0.2457,-0.0108,0.00674,0.3085,0.4428,132.0,0.5675,37,0.3134,3.91,0.137,1.0,733
GIG_1200,food_delivery,delhi,scooter,34230.89,0.2221,-0.0455,0.00096,0.3834,0.6298,121.0,0.6544,33,0.2948,3.63,0.035,1.0,514
GIG_1201,ride_hailing,mumbai,car,45733.33,0.2218,-0.0302,0.0019,0.2954,0.7326,125.0,,43,0.2924,3.34,0.134,0.6667,599
GIG_1202,food_delivery,pune,scooter,15707.86,0.2556,-0.007,0.00548,0.147,0.5368,69.0,0.8677,16,0.1862,2.85,0.366,1.0,518
GIG_1203,food_delivery,mumbai,bike,26878.56,0.2785,0.0264,0.00094,0.1524,0.5455,81.0,,14,0.1871,2.52,0.016,0.6667,598
GIG_1204,courier,pune,scooter,13715.18,0.2163,-0.01505,0.00106,0.4527,0.2642,98.0,0.7941,37,0.3318,3.9,0.147,1.0,620
GIG_1205,home_services,pune,none,13848.99,0.2015,-0.0345,0.00349,0.5746,0.9947,99.0,0.6271,32,0.3077,3.68,0.089,1.0,668
GIG_1206,ride_hailing,mumbai,car,51067.65,0.3258,0.0738,0.00933,0.0971,1.1357,,0.7074,26,0.2576,2.72,0.278,0.6667,586
GIG_1207,food_delivery,bengaluru,bike,51539.94,0.166,-0.0788,0.00193,0.6271,0.6244,85.0,0.6862,14,0.2161,2.7,0.218,1.0,611
GIG_1208,home_services,bengaluru,car,36458.36,0.2726,0.0297,0.00787,0.3001,0.452,108.0,0.7558,25,0.2587,2.89,0.385,1.0,642
GIG_1209,food_delivery,bengaluru,scooter,12047.61,0.2657,0.0029,-0.01207,0.4065,0.2895,95.0,,34,0.266,4.13,-0.321,0.6667,574
GIG_1210,ride_hailing,mumbai,car,45453.38,0.3591,0.1071,-0.01467,0.2512,0.7599,125.0,0.6845,24,0.2527,2.77,-0.56,1.0,300
GIG_1211,food_delivery,hyderabad,scooter,39400.77,0.28,0.01765,-0.00396,0.3509,0.4779,111.0,0.7851,40,0.3157,,,0.6667,647
GIG_1212,home_services,pune,none,45346.86,0.256,0.02,-0.01142,0.3303,0.5513,111.0,0.6762,23,0.2772,3.89,-0.61,1.0,437
GIG_1213,home_services,delhi,bike,16157.99,0.2089,-0.0075,-0.00573,0.3994,0.648,84.0,0.7136,29,0.2767,3.56,-0.416,1.0,555
GIG_1214,home_services,pune,none,27060.34,0.2598,0.0238,0.00743,0.3415,0.6677,83.0,0.7423,18,0.2447,3.04,0.257,1.0,646
GIG_1215,ride_hailing,pune,bike,28940.35,0.2681,0.03255,0.00159,0.1995,0.4628,103.0,0.8759,33,0.3525,3.35,0.016,1.0,521
GIG_1216,food_delivery,bengaluru,bike,13048.34,0.2307,-0.0141,0.00799,0.4101,0.6751,109.0,0.8541,36,0.306,3.84,0.393,1.0,759
GIG_1217,food_delivery,pune,bike,34233.03,0.2236,-0.0395,0.00237,0.466,0.7731,71.0,0.5008,16,0.1501,2.82,-0.084,1.0,523
GIG_1218,food_delivery,bengaluru,scooter,43828.19,0.3073,0.0445,0.01373,0.3883,0.8657,103.0,0.6764,21,0.199,3.13,0.402,1.0,718
GIG_1219,ride_hailing,bengaluru,scooter,30434.34,0.3355,0.1137,-0.01013,0.138,0.9305,127.0,0.7233,30,0.2313,3.2,-0.524,1.0,543
GIG_1220,food_delivery,mumbai,bike,36840.5,0.2224,-0.0297,-0.00019,0.3197,0.7812,107.0,0.6354,33,0.3391,3.73,-0.063,1.0,687
GIG_1221,ride_hailing,pune,car,28366.92,0.2076,-0.0422,0.00555,0.4199,0.3445,109.0,0.994,37,0.3302,4.3,0.101,1.0,755
GIG_1222,ride_hailing,mumbai,car,40032.05,0.2667,0.0147,-0.0095,0.3093,0.59,,,31,0.348,3.74,-0.214,0.3333,414
GIG_1223,courier,pune,bike,51962.16,0.2044,-0.0282,-0.00807,0.5872,0.5622,116.0,0.7803,13,0.2485,3.88,-0.49,1.0,362
GIG_1224,food_delivery,pune,bike,53905.56,0.2411,-0.022,0.00543,0.2681,0.5842,96.0,0.6041,36,0.1915,2.4,0.019,1.0,515
GIG_1225,home_services,delhi,none,31289.58,0.3678,0.1262,-0.01797,0.1794,0.8135,,0.7914,34,0.3058,3.47,-0.634,0.6667,379
GIG_1226,courier,bengaluru,scooter,30936.21,0.1537,-0.0778,0.00159,0.3499,0.4757,112.0,0.9585,23,0.2853,3.33,0.159,1.0,600
GIG_1227,ride_hailing,pune,car,22381.11,0.2629,0.0131,0.0108,0.4755,0.6569,71.0,0.5486,22,0.2289,2.91,0.481,1.0,702
GIG_1228,ride_hailing,bengaluru,scooter,24686.03,0.3389,0.1171,-0.0142,0.2575,0.5446,98.0,0.6903,28,0.2774,2.92,-0.7,1.0,336
GIG_1229,food_delivery,bengaluru,bike,41584.17,0.2791,0.0343,-0.00482,0.1046,0.4877,155.0,0.9518,33,0.3755,3.68,-0.061,1.0,606
GIG_1230,food_delivery,hyderabad,bike,15480.29,0.2088,-0.0617,0.00139,0.5258,0.4347,93.0,0.5698,42,0.291,3.66,-0.077,1.0,621
GIG_1231,courier,hyderabad,scooter,39786.05,0.1787,-0.05615,-0.00186,0.6155,0.9261,114.0,0.5832,25,0.2816,,,0.6667,673
GIG_1232,food_delivery,bengaluru,bike,31961.53,0.221,-0.0238,-0.0032,0.4298,0.6318,84.0,,34,0.2637,3.3,-0.21,0.6667,438
GIG_1233,courier,bengaluru,bike,24190.35,0.2519,0.0105,0.00269,0.2984,1.578,107.0,0.5,35,0.2732,,,0.6667,512
GIG_1234,ride_hailing,mumbai,car,17201.3,0.3309,0.0789,0.00018,0.2155,1.1265,75.0,0.862,13,0.1871,3.06,-0.037,1.0,538
GIG_1235,courier,pune,car,26726.14,0.1921,-0.0316,-0.00286,0.4182,0.9979,104.0,0.8431,37,0.2704,4.03,0.155,1.0,688
GIG_1236,food_delivery,pune,bike,24478.71,0.213,-0.0501,0.00103,0.4732,0.805,99.0,0.7217,28,0.3006,4.43,0.102,1.0,593
GIG_1237,food_delivery,delhi,bike,24763.04,0.4011,0.13955,-0.00831,0.2368,0.6321,80.0,0.9083,17,0.2378,3.29,-0.557,1.0,350
GIG_1238,home_services,pune,none,33804.6,0.4066,0.1706,0.01589,0.1656,0.4389,77.0,0.6897,18,0.214,3.2,0.501,1.0,644
GIG_1239,courier,hyderabad,bike,33357.76,0.1815,-0.0573,0.00417,0.4462,0.5539,,0.9043,32,0.2743,4.29,0.102,0.6667,590
GIG_1240,food_delivery,hyderabad,scooter,21894.71,0.2829,0.02055,-0.00679,0.4145,1.1159,117.0,0.7649,34,0.2913,3.79,0.186,1.0,686
GIG_1241,ride_hailing,hyderabad,car,36482.22,0.1505,-0.0897,-0.00075,0.674,0.761,105.0,0.6639,36,0.2653,3.69,-0.094,1.0,697
GIG_1242,home_services,mumbai,none,46257.56,0.176,-0.0638,-0.00073,0.5746,0.9182,133.0,0.8521,27,0.3138,,,0.6667,541
GIG_1243,food_delivery,mumbai,bike,15877.96,0.2866,0.0345,-0.00796,0.1548,0.2785,66.0,0.6179,17,0.1756,3.07,-0.119,1.0,371
GIG_1244,home_services,mumbai,bike,55609.63,0.1229,-0.0954,-0.00194,0.7037,0.7443,120.0,0.9175,25,0.2969,3.48,0.002,1.0,606
GIG_1245,ride_hailing,pune,car,21008.69,0.1518,-0.098,-0.00066,0.5502,0.3415,94.0,0.9485,27,0.2734,4.06,-0.227,1.0,659
GIG_1246,ride_hailing,hyderabad,car,38640.34,0.1907,-0.0495,-0.00491,0.4701,0.8282,76.0,0.8121,29,0.2434,3.4,-0.223,1.0,530
GIG_1247,food_delivery,hyderabad,bike,14144.25,0.312,0.0415,0.01524,0.5508,0.7265,76.0,0.934,20,0.2369,3.55,0.429,1.0,807
GIG_1248,food_delivery,pune,scooter,14635.07,0.3756,0.113,-0.02157,0.2955,0.619,85.0,0.5,30,0.2262,3.8,-0.516,1.0,391
GIG_1249,food_delivery,hyderabad,scooter,18095.96,0.1887,-0.07365,0.00023,0.4704,0.6158,76.0,1.0,22,0.2714,3.99,-0.067,1.0,532
GIG_1250,home_services,hyderabad,none,13362.12,0.2741,0.0376,0.01415,0.2943,0.2966,87.0,0.7766,34,0.2477,2.96,0.378,1.0,643
GIG_1251,home_services,pune,none,23838.86,0.1143,-0.1217,-0.00037,0.7421,0.4094,77.0,0.5712,26,0.2422,3.18,-0.022,1.0,505
GIG_1252,food_delivery,mumbai,bike,12099.3,0.2937,0.0416,0.00114,0.23,0.972,,0.6472,22,0.2045,2.98,-0.099,0.6667,427
GIG_1253,courier,bengaluru,car,15321.88,0.2415,-0.0045,0.01072,0.3117,0.4658,96.0,0.6171,26,0.2225,3.24,0.26,1.0,577
GIG_1254,ride_hailing,bengaluru,car,37899.45,0.4115,0.155,-0.0232,0.3085,0.3874,,0.5971,23,0.096,2.76,-0.454,0.6667,410
GIG_1255,ride_hailing,mumbai,car,22328.33,0.2589,0.0069,0.00537,0.2859,1.0369,98.0,0.7445,28,0.2249,3.41,0.238,1.0,490
GIG_1256,food_delivery,pune,bike,46494.99,0.2937,0.0306,-0.00976,0.2044,0.6272,100.0,0.8904,19,0.2359,3.53,-0.446,1.0,391
GIG_1257,food_delivery,pune,scooter,20881.16,0.325,0.0624,0.00166,0.2273,0.4655,74.0,0.8666,12,0.189,2.9,-0.008,1.0,521
GIG_1258,ride_hailing,pune,car,53266.11,0.1952,-0.0546,0.00107,0.4151,0.4213,,,10,0.2103,3.41,0.065,0.3333,555
GIG_1259,courier,hyderabad,bike,29902.92,0.2249,-0.0139,-0.00147,0.3664,0.7966,88.0,0.6943,16,0.1906,3.65,0.229,1.0,624
GIG_1260,home_services,bengaluru,car,50528.35,0.2429,0.0,0.0094,0.4252,1.5911,137.0,0.7454,39,0.2646,3.93,0.283,1.0,671
GIG_1261,courier,hyderabad,bike,36167.19,0.2163,-0.0225,0.00476,0.2294,0.7346,112.0,0.6005,28,0.2206,3.39,0.168,1.0,552
GIG_1262,ride_hailing,hyderabad,car,24359.33,0.2708,0.0306,0.00731,0.3007,0.3967,93.0,0.6971,21,0.2642,3.99,0.017,1.0,605
GIG_1263,food_delivery,pune,bike,43814.26,0.2339,-0.0292,0.00664,0.4478,0.736,110.0,,19,0.2605,3.61,0.15,0.6667,743
GIG_1264,food_delivery,hyderabad,bike,40641.63,0.2106,-0.0599,-0.00119,0.2051,0.2728,108.0,0.8362,30,0.2376,3.02,-0.025,1.0,605
GIG_1265,food_delivery,bengaluru,scooter,19067.77,0.2093,-0.0535,0.00145,0.59,0.5285,87.0,0.773,25,0.2861,3.89,-0.1,1.0,603
GIG_1266,food_delivery,delhi,scooter,35933.16,0.3462,0.0786,-0.01997,0.2323,0.5368,109.0,0.5267,39,0.3066,3.57,-0.43,1.0,392
GIG_1267,food_delivery,pune,scooter,30039.28,0.2526,-0.01,0.00893,0.4048,0.9564,116.0,,29,0.3579,4.66,0.301,0.6667,777
GIG_1268,home_services,delhi,none,35299.7,0.2768,0.0352,0.00027,0.3728,0.5159,134.0,0.8809,46,0.3428,4.36,-0.072,1.0,460
GIG_1269,food_delivery,delhi,bike,24833.34,0.2503,-0.01125,0.00255,0.3701,0.8209,,0.697,20,0.2092,3.24,0.025,0.6667,542
GIG_1270,ride_hailing,mumbai,car,30629.17,0.2118,-0.0402,-0.00178,0.2641,0.4458,93.0,0.6916,24,0.2305,3.01,0.079,1.0,575
GIG_1271,home_services,mumbai,car,49324.61,0.1578,-0.0707,0.00237,0.5042,0.6468,106.0,0.761,16,0.2096,3.36,-0.077,1.0,527
GIG_1272,courier,bengaluru,bike,18737.32,0.2957,0.0543,0.01533,0.3709,0.3446,105.0,0.6113,29,0.2641,3.73,0.321,1.0,773
GIG_1273,ride_hailing,hyderabad,car,12605.53,0.2262,-0.014,-0.00642,0.3441,0.8074,,0.8419,23,0.2032,,,0.3333,458
GIG_1274,home_services,pune,car,43707.51,0.2085,-0.0221,0.00207,0.2026,0.8091,86.0,0.5829,20,0.1907,2.32,-0.012,1.0,410
GIG_1275,courier,pune,car,49079.1,0.2278,0.0041,-0.00133,0.3651,0.7788,104.0,0.7495,18,0.1708,3.24,-0.202,1.0,394
GIG_1276,food_delivery,bengaluru,bike,29020.98,0.2136,-0.0312,0.00387,0.5441,0.7254,69.0,0.7269,17,0.2423,3.16,-0.041,1.0,570
GIG_1277,ride_hailing,pune,car,50883.56,0.383,0.1332,-0.01807,0.2478,0.5709,97.0,0.9193,13,0.2055,3.45,-0.401,1.0,423
GIG_1278,ride_hailing,bengaluru,car,23758.13,0.1947,-0.0618,0.0008,0.4407,0.7946,,0.8859,31,0.2405,3.51,-0.086,0.6667,510
GIG_1279,courier,delhi,scooter,43152.36,0.2693,0.01785,0.00576,0.3026,0.2929,79.0,0.6979,11,0.1547,2.64,0.117,1.0,539
GIG_1280,food_delivery,mumbai,bike,20057.04,0.2352,-0.0169,0.00606,0.4332,0.357,79.0,0.9596,17,0.2926,3.51,0.081,1.0,590
GIG_1281,ride_hailing,pune,car,50754.45,0.1585,-0.0913,0.00016,0.4379,0.6174,99.0,0.9924,17,0.1945,3.39,-0.165,1.0,542
GIG_1282,ride_hailing,delhi,car,32003.72,0.2728,0.0326,-0.00847,0.3075,0.4879,113.0,0.8187,37,0.2727,3.26,-0.555,1.0,460
GIG_1283,courier,pune,scooter,38894.78,0.2548,0.02345,0.00241,0.2721,0.6674,92.0,0.8029,23,0.178,3.47,-0.159,1.0,503
GIG_1284,food_delivery,mumbai,scooter,40375.22,0.3734,0.1124,0.00877,0.3134,0.9458,96.0,0.5874,32,0.2342,2.49,0.361,1.0,696
GIG_1285,food_delivery,delhi,car,33801.9,0.2225,-0.0706,0.00188,0.3496,0.9037,60.0,0.7105,18,0.1917,3.23,0.173,1.0,587
GIG_1286,ride_hailing,pune,scooter,23191.92,0.2131,-0.0365,-0.00709,0.3475,0.5424,106.0,0.7317,29,0.2387,3.38,-0.44,1.0,417
GIG_1287,food_delivery,pune,bike,47336.27,0.2631,0.0,-0.00218,0.3195,0.8601,129.0,0.8569,20,0.288,4.31,-0.253,1.0,520
GIG_1288,ride_hailing,mumbai,car,33794.9,0.1973,-0.0547,-0.00347,0.3385,1.0094,65.0,0.7842,8,0.124,2.73,-0.163,1.0,321
GIG_1289,ride_hailing,hyderabad,car,31662.38,0.2288,-0.0114,-0.00203,0.3232,0.5963,124.0,0.7603,29,0.267,3.44,-0.107,1.0,496
GIG_1290,food_delivery,mumbai,scooter,13160.1,0.282,0.021,0.01401,0.5812,0.4651,64.0,0.7848,21,0.232,3.9,0.48,1.0,784
GIG_1291,food_delivery,pune,bike,35356.96,0.2983,0.0352,-0.00872,0.2409,0.5101,93.0,,20,0.1809,2.94,-0.036,0.6667,333
GIG_1292,ride_hailing,mumbai,car,43444.03,0.3153,0.0633,-0.00048,0.1036,0.3694,92.0,0.6803,12,0.1943,2.71,0.163,1.0,468
GIG_1293,food_delivery,bengaluru,scooter,25461.25,0.259,-0.0038,-0.01162,0.3216,0.4588,95.0,0.6754,24,0.2836,3.42,-0.336,1.0,403
GIG_1294,food_delivery,pune,scooter,46252.3,0.2734,0.0108,-0.00023,0.3174,0.6326,89.0,0.8169,18,0.202,2.94,-0.001,1.0,501
GIG_1295,food_delivery,mumbai,scooter,45497.37,0.1611,-0.0999,0.0001,0.5264,0.51,130.0,0.5,28,0.3111,3.65,0.005,1.0,719
GIG_1296,courier,bengaluru,bike,42187.93,0.2233,-0.0181,-0.00706,0.4363,0.6812,99.0,0.841,24,0.2284,3.17,-0.208,1.0,561
GIG_1297,ride_hailing,mumbai,car,18380.91,0.2996,0.0476,-0.012,0.2735,0.4713,83.0,0.8564,16,0.2425,,,0.6667,541
GIG_1298,ride_hailing,hyderabad,car,21356.84,0.2363,-0.0039,-0.00607,0.4606,0.7103,94.0,0.6728,32,0.2801,4.47,-0.359,1.0,507
GIG_1299,ride_hailing,hyderabad,car,50346.56,0.3306,0.0904,0.01245,0.2213,0.7896,90.0,0.8374,11,0.1892,2.71,0.489,1.0,661
GIG_1300,ride_hailing,hyderabad,bike,32298.35,0.1816,-0.0453,0.00043,0.2867,0.6942,96.0,0.5671,34,0.2277,3.18,0.128,1.0,573
GIG_1301,food_delivery,bengaluru,scooter,32597.07,0.3093,0.0465,-0.00409,0.1892,0.7991,86.0,0.8807,17,0.1987,3.79,-0.094,1.0,479
GIG_1302,home_services,hyderabad,bike,39130.03,0.2008,-0.0295,-0.00277,0.3847,0.7196,92.0,0.5,20,0.1385,,,0.6667,541
GIG_1303,home_services,mumbai,none,51103.25,0.1675,-0.0723,-0.00466,0.5554,0.4004,121.0,0.7089,22,0.227,,,0.6667,611
GIG_1304,ride_hailing,mumbai,car,37876.69,0.1929,-0.0591,-0.00111,0.5576,0.3394,106.0,0.7232,33,0.22,,,0.6667,589
GIG_1305,courier,delhi,scooter,11487.77,0.159,-0.09245,0.00163,0.5324,0.6929,,0.5955,20,0.1957,3.54,0.052,0.6667,624
GIG_1306,courier,mumbai,scooter,28468.84,0.1674,-0.0659,-0.00232,0.5467,0.6321,115.0,0.8432,22,0.2745,3.98,-0.044,1.0,725
GIG_1307,courier,hyderabad,bike,44076.99,0.3597,0.1209,-0.02113,0.4929,0.3196,99.0,0.8213,8,0.2119,,,0.6667,467
GIG_1308,ride_hailing,pune,car,29810.95,0.3456,0.0958,-0.01189,0.2325,0.7116,91.0,0.7134,24,0.2133,2.46,-0.661,1.0,300
GIG_1309,home_services,hyderabad,none,53529.14,0.4054,0.1689,-0.02341,0.2293,0.462,135.0,0.8545,39,0.3003,3.72,-0.376,1.0,406
GIG_1310,food_delivery,mumbai,scooter,25609.46,0.2344,-0.0266,0.00079,0.2765,0.2511,85.0,0.7779,19,0.2069,2.96,0.029,1.0,528
GIG_1311,courier,pune,scooter,38779.38,0.2264,-0.00495,0.00628,0.3486,1.3663,111.0,0.7484,26,0.2986,4.09,0.072,1.0,527
GIG_1312,ride_hailing,mumbai,car,11147.65,0.249,-0.003,-0.00185,0.3456,0.594,92.0,0.9163,39,0.3296,4.81,-0.013,1.0,668
GIG_1313,ride_hailing,pune,car,12427.41,0.3463,0.0965,-0.00025,0.1579,0.9235,76.0,0.6253,15,0.1657,1.9,-0.082,1.0,321
GIG_1314,courier,hyderabad,scooter,34075.59,0.1685,-0.06635,-0.00454,0.2456,0.5426,87.0,0.6294,26,0.2241,3.26,-0.036,1.0,432
GIG_1315,courier,hyderabad,scooter,52819.35,0.3156,0.08075,-0.01875,0.4788,0.3771,103.0,0.725,19,0.1887,2.92,-0.415,1.0,360
GIG_1316,ride_hailing,pune,car,12800.04,0.2723,0.0225,-0.00412,0.4165,0.7556,94.0,0.7632,36,0.2854,3.95,-0.174,1.0,496
GIG_1317,courier,hyderabad,bike,46082.35,0.2633,0.0245,0.00341,0.2073,0.6462,102.0,0.9793,26,0.2145,3.53,0.033,1.0,530
GIG_1318,food_delivery,hyderabad,bike,22053.27,0.3515,0.081,-0.01729,0.3579,0.591,80.0,0.9625,21,0.2122,3.69,-0.405,1.0,368
GIG_1319,courier,delhi,scooter,37728.66,0.1621,-0.08935,-0.00053,0.5795,0.8673,90.0,0.8868,9,0.2087,3.53,-0.083,1.0,632
GIG_1320,home_services,hyderabad,none,17196.73,0.2802,0.0437,0.00385,0.2751,0.6061,88.0,0.8041,24,0.2441,3.33,0.082,1.0,588
GIG_1321,home_services,delhi,none,33345.17,0.1532,-0.0884,0.00064,0.5572,0.5674,99.0,0.9947,12,0.2388,3.53,-0.008,1.0,742
GIG_1322,ride_hailing,hyderabad,car,26119.1,0.2188,-0.0214,-0.006,0.387,0.5231,96.0,0.6726,39,0.2615,3.27,-0.347,1.0,499
GIG_1323,ride_hailing,mumbai,bike,21737.01,0.3682,0.11385,-0.0014,0.2282,0.4818,90.0,0.7858,21,0.2318,2.94,-0.122,1.0,504
GIG_1324,ride_hailing,mumbai,bike,35605.77,0.2049,-0.04945,-0.00959,0.375,0.4309,120.0,0.7866,37,0.3008,3.81,-0.092,1.0,548
GIG_1325,courier,hyderabad,scooter,25881.71,0.1904,-0.04445,-0.0013,0.3966,0.4577,81.0,0.5715,23,0.1613,2.62,0.025,1.0,468
GIG_1326,home_services,mumbai,none,48503.2,0.1032,-0.1366,-0.00203,0.7894,0.2718,146.0,,32,0.3143,4.22,0.035,0.6667,708
GIG_1327,ride_hailing,mumbai,car,24130.87,0.1886,-0.0634,0.00234,0.4543,0.4193,94.0,,31,0.2339,3.78,0.124,0.6667,557
GIG_1328,food_delivery,hyderabad,bike,41335.44,0.2834,0.0129,-0.00187,0.225,0.6028,,0.884,34,0.3013,3.6,0.073,0.6667,476
GIG_1329,courier,pune,scooter,35294.96,0.2487,0.01735,-0.0009,0.3787,0.8004,103.0,0.722,35,0.276,3.2,0.027,1.0,527
GIG_1330,courier,delhi,scooter,36921.85,0.3113,0.05985,0.0093,0.3093,0.596,113.0,0.9756,31,0.2945,3.81,0.21,1.0,639
GIG_1331,home_services,pune,none,22277.06,0.2192,-0.0168,0.01006,0.4981,0.3435,95.0,0.6596,25,0.2017,2.98,0.314,1.0,607
GIG_1332,food_delivery,mumbai,scooter,40972.32,0.2287,-0.0323,0.00491,0.4886,0.8156,109.0,0.7737,29,0.3196,3.93,0.264,1.0,750
GIG_1333,ride_hailing,bengaluru,car,34592.24,0.1596,-0.0969,0.00145,0.596,0.3948,90.0,0.8045,8,0.1686,3.02,-0.008,1.0,577
GIG_1334,courier,delhi,scooter,17268.01,0.2374,-0.01405,-0.00365,0.1954,0.5422,108.0,0.7251,38,0.2985,3.27,-0.085,1.0,461
GIG_1335,ride_hailing,bengaluru,car,41179.1,0.2633,0.0068,-0.0098,0.329,0.3849,,0.6801,20,0.2292,3.06,-0.339,0.6667,415
GIG_1336,food_delivery,hyderabad,scooter,40459.14,0.2028,-0.05955,0.00115,0.3358,0.8651,,0.7904,17,0.2236,2.86,-0.077,0.6667,458
GIG_1337,home_services,hyderabad,none,12036.23,0.3371,0.1006,0.009,0.1678,0.4059,67.0,,21,0.2324,3.38,0.26,0.6667,745
GIG_1338,courier,delhi,bike,23539.18,0.2164,-0.0456,0.00792,0.3878,0.4651,121.0,0.9326,39,0.3376,3.53,0.167,1.0,735
GIG_1339,courier,mumbai,scooter,30500.05,0.3776,0.1443,-0.01516,0.2866,0.7116,101.0,0.6787,34,0.267,3.21,-0.455,1.0,349
GIG_1340,home_services,pune,car,26279.31,0.3241,0.0935,0.01246,0.2712,0.4251,94.0,0.7787,21,0.2422,3.15,0.194,1.0,710
GIG_1341,food_delivery,pune,scooter,20657.8,0.2735,0.0109,0.00225,0.3357,0.829,95.0,0.7997,28,0.2931,3.94,-0.097,1.0,619
GIG_1342,food_delivery,pune,scooter,30242.14,0.1559,-0.1067,0.00067,0.5403,0.8627,76.0,0.6361,27,0.2145,2.67,-0.179,1.0,519
GIG_1343,food_delivery,pune,bike,37147.06,0.2249,-0.0382,0.0044,0.2335,0.4978,79.0,0.5149,28,0.2157,3.07,-0.016,1.0,564
GIG_1344,home_services,bengaluru,car,25991.31,0.3017,0.0588,-0.00957,0.2405,0.5224,104.0,0.9204,25,0.2433,3.65,-0.495,1.0,379
GIG_1345,home_services,hyderabad,none,41955.35,0.1518,-0.0847,0.00234,0.5875,0.5119,131.0,0.5,39,0.3061,3.6,0.125,1.0,559
GIG_1346,ride_hailing,pune,car,24735.24,0.2199,-0.0299,-0.00103,0.3676,0.5131,103.0,0.7858,25,0.2744,4.29,-0.008,1.0,657
GIG_1347,home_services,delhi,none,45875.21,0.2853,0.0437,-0.0156,0.3797,0.7607,116.0,0.8965,26,0.2966,4.06,-0.439,1.0,474
GIG_1348,ride_hailing,delhi,car,50407.39,0.1903,-0.0499,0.00398,0.4513,0.4725,105.0,0.5,18,0.167,3.13,0.166,1.0,635
GIG_1349,food_delivery,bengaluru,scooter,37021.95,0.2876,0.0248,-0.00247,0.3452,0.6751,95.0,,13,0.1921,,,0.3333,509
GIG_1350,food_delivery,hyderabad,bike,49641.16,0.1942,-0.0763,-0.00345,0.5617,0.6865,124.0,0.6724,24,0.2644,4.07,-0.043,1.0,555
GIG_1351,food_delivery,mumbai,scooter,26200.11,0.3904,0.1294,0.00525,0.1709,0.8233,,0.5977,10,0.1365,2.25,0.248,0.6667,516
GIG_1352,ride_hailing,mumbai,car,29944.91,0.2705,0.0185,0.00023,0.2286,0.6957,99.0,0.7861,20,0.204,,,0.6667,476
GIG_1353,courier,bengaluru,bike,23577.54,0.2685,0.0271,-0.00239,0.3325,0.5305,110.0,0.6517,28,0.2663,3.56,0.024,1.0,563
GIG_1354,home_services,delhi,none,44368.05,0.2228,-0.0188,-0.00118,0.4216,0.6933,107.0,0.6373,27,0.1697,3.31,0.128,1.0,650
GIG_1355,food_delivery,hyderabad,scooter,29902.66,0.206,-0.05635,-0.0002,0.4805,0.4242,117.0,0.6058,23,0.2511,3.24,-0.085,1.0,532
GIG_1356,ride_hailing,delhi,car,44635.88,0.2421,0.0019,0.00208,0.2893,1.0315,101.0,0.8497,23,0.2566,3.49,0.138,1.0,583
GIG_1357,food_delivery,pune,bike,44781.56,0.3584,0.0953,0.01472,0.3086,0.4094,116.0,,31,0.2698,3.72,0.367,0.6667,795
GIG_1358,ride_hailing,bengaluru,car,28226.45,0.172,-0.0845,0.00082,0.3126,0.8395,103.0,0.716,30,0.2062,3.23,-0.035,1.0,577
GIG_1359,food_delivery,delhi,scooter,15155.83,0.2668,-0.0008,0.00046,0.2755,0.5306,35.0,0.9694,13,0.1977,3.21,0.008,1.0,598
GIG_1360,ride_hailing,pune,car,43798.87,0.3675,0.1177,0.01555,0.3766,0.6936,130.0,0.5,33,0.3021,3.64,0.656,1.0,756
GIG_1361,home_services,pune,car,25381.54,0.329,0.0984,-0.01762,0.3385,0.6928,90.0,,29,0.3221,3.81,-0.346,0.6667,384
GIG_1362,courier,delhi,bike,10908.93,0.3265,0.0645,0.01526,0.2535,0.6728,110.0,0.5865,40,0.3501,3.8,0.369,1.0,767
GIG_1363,ride_hailing,mumbai,car,50347.33,0.2933,0.0413,0.00968,0.33,0.8727,92.0,0.6504,10,0.1401,2.59,0.573,1.0,643
GIG_1364,home_services,bengaluru,none,18960.18,0.2947,0.06535,-0.00834,0.1316,0.5156,60.0,0.6144,10,0.148,2.22,-0.327,1.0,417
GIG_1365,courier,mumbai,scooter,35235.45,0.2431,0.0098,0.01094,0.5659,0.5366,105.0,0.9402,25,0.2971,3.81,0.575,1.0,798
GIG_1366,food_delivery,hyderabad,scooter,50830.44,0.2892,0.02685,0.01433,0.6226,0.8157,98.0,0.9501,18,0.241,4.25,0.636,1.0,816
GIG_1367,food_delivery,pune,scooter,50517.65,0.2906,0.028,0.00235,0.1463,0.8976,127.0,,22,0.2768,3.18,0.015,0.6667,479
GIG_1368,courier,bengaluru,scooter,33836.0,0.201,-0.0305,0.00651,0.4572,0.5754,83.0,0.6876,25,0.1595,3.38,0.238,1.0,651
GIG_1369,ride_hailing,delhi,car,16322.39,0.4114,0.1712,0.00783,0.0926,0.7615,51.0,,7,0.1606,2.11,0.286,0.6667,488
GIG_1370,ride_hailing,mumbai,car,48481.56,0.2804,0.0284,0.01336,0.4361,0.5337,96.0,0.7878,19,0.2221,3.11,0.546,1.0,639
GIG_1371,food_delivery,bengaluru,bike,18886.13,0.3399,0.0951,-0.00033,0.1372,0.7045,102.0,0.6856,36,0.2785,2.89,-0.04,1.0,384
GIG_1372,home_services,delhi,none,55896.73,0.1344,-0.1072,-0.00162,0.6844,0.6569,124.0,,27,0.2232,4.03,-0.069,0.6667,664
GIG_1373,home_services,bengaluru,none,32892.65,0.1714,-0.05795,0.00038,0.4774,0.6622,116.0,0.7002,43,0.2987,4.17,-0.053,1.0,602
GIG_1374,food_delivery,pune,bike,25735.89,0.3464,0.0833,-0.01351,0.4178,0.3406,118.0,0.9682,29,0.3044,4.06,-0.467,1.0,485
GIG_1375,home_services,mumbai,none,31504.78,0.3321,0.0923,-0.0137,0.2558,0.3844,120.0,0.9378,41,0.3267,3.83,-0.406,1.0,603
GIG_1376,food_delivery,pune,scooter,36256.38,0.3134,0.0508,0.00468,0.1893,0.8058,107.0,0.735,21,0.2264,3.51,0.36,1.0,541
GIG_1377,ride_hailing,delhi,car,52730.2,0.186,-0.0542,-0.00199,0.4761,0.7113,,0.6028,21,0.2075,2.94,0.115,0.6667,600
GIG_1378,ride_hailing,delhi,car,13249.27,0.2692,0.029,-0.00119,0.283,0.716,72.0,0.7317,6,0.1717,2.83,-0.136,1.0,435
GIG_1379,food_delivery,bengaluru,bike,50444.2,0.1877,-0.0571,0.00195,0.5325,0.6667,112.0,0.68,35,0.2856,3.7,0.153,1.0,623
GIG_1380,ride_hailing,mumbai,car,27652.71,0.1683,-0.0837,0.00108,0.3382,0.32,127.0,0.8049,32,0.2934,3.63,0.027,1.0,693
GIG_1381,ride_hailing,hyderabad,bike,49716.55,0.279,0.0521,-0.00231,0.2549,0.4001,113.0,0.9205,21,0.2648,3.13,0.019,1.0,433
GIG_1382,food_delivery,delhi,scooter,41891.33,0.2223,-0.0453,-0.00226,0.5162,0.7502,133.0,,42,0.3151,3.59,-0.218,0.6667,563
GIG_1383,ride_hailing,bengaluru,bike,20093.78,0.2516,-0.00465,-0.00235,0.478,0.7667,108.0,0.8537,25,0.3237,3.87,0.216,1.0,559
GIG_1384,food_delivery,mumbai,scooter,51535.83,0.2839,0.0229,0.01054,0.5746,0.3099,105.0,0.8123,11,0.2107,3.01,0.344,1.0,792
GIG_1385,food_delivery,mumbai,bike,43407.53,0.2096,-0.0425,0.0035,0.3912,0.9468,132.0,0.6942,34,0.3517,4.41,0.14,1.0,680
GIG_1386,home_services,mumbai,none,32673.49,0.2344,-0.0054,-0.0108,0.6005,0.4467,101.0,0.5,26,0.3029,3.34,-0.385,1.0,564
GIG_1387,food_delivery,delhi,scooter,29165.45,0.3774,0.1098,-0.01432,0.1119,0.9443,79.0,0.5012,22,0.1551,2.19,-0.312,1.0,300
GIG_1388,ride_hailing,delhi,car,36850.13,0.1862,-0.054,0.00142,0.5362,0.2633,123.0,0.8478,25,0.287,4.08,-0.087,1.0,697
GIG_1389,food_delivery,pune,scooter,42076.86,0.2396,-0.023,-0.00385,0.1728,0.5217,85.0,0.6911,19,0.2417,3.25,0.032,1.0,345
GIG_1390,ride_hailing,mumbai,car,25308.49,0.3878,0.1358,-0.018,0.1948,0.6115,97.0,1.0,31,0.2588,3.84,-0.542,1.0,300
GIG_1391,food_delivery,mumbai,car,43071.44,0.3167,0.06035,-0.00031,0.1727,0.7654,119.0,0.705,33,0.2358,3.36,-0.224,1.0,503
GIG_1392,food_delivery,delhi,bike,38178.29,0.3833,0.12175,0.01449,0.0837,0.8598,121.0,0.8478,35,0.2714,3.2,0.369,1.0,645
GIG_1393,courier,pune,car,48239.56,0.1351,-0.0886,-0.00543,0.7598,0.2889,140.0,,30,0.3369,4.1,-0.26,0.6667,698
GIG_1394,home_services,mumbai,none,15511.71,0.287,0.0472,-0.0017,0.3489,0.6847,82.0,0.9832,26,0.2426,3.45,0.031,1.0,578
GIG_1395,courier,hyderabad,bike,19162.29,0.1936,-0.0452,0.00172,0.4007,0.6887,101.0,0.6095,24,0.2032,3.06,0.099,1.0,562
GIG_1396,home_services,pune,none,47025.08,0.1883,-0.0477,0.00209,0.2575,0.4694,117.0,0.7702,28,0.2278,3.43,-0.076,1.0,581
GIG_1397,ride_hailing,bengaluru,car,17904.57,0.2915,0.035,0.01042,0.3161,0.4707,56.0,,23,0.195,2.65,0.512,0.6667,537
GIG_1398,food_delivery,delhi,scooter,51163.6,0.2399,-0.0277,0.00186,0.4156,0.7441,120.0,,16,0.1856,3.24,0.125,0.6667,541
GIG_1399,food_delivery,pune,car,51679.59,0.1462,-0.1291,0.00228,0.6319,0.5009,128.0,0.6684,37,0.2558,3.53,-0.023,1.0,632
GIG_1400,courier,mumbai,bike,47800.54,0.2278,0.0093,0.01025,0.507,0.6725,143.0,0.8364,28,0.2939,,,0.6667,784
GIG_1401,courier,pune,scooter,41620.37,0.2593,0.02795,-0.00073,0.2539,0.2343,73.0,0.6185,13,0.1519,2.36,-0.027,1.0,445
GIG_1402,food_delivery,delhi,scooter,38843.56,0.2655,-0.0021,0.00461,0.3916,1.1314,,0.7091,12,0.2233,3.96,-0.034,0.6667,467
GIG_1403,home_services,hyderabad,car,43389.28,0.2005,-0.0349,-0.00042,0.4029,0.4002,124.0,0.7641,18,0.2099,3.8,-0.02,1.0,544
GIG_1404,ride_hailing,bengaluru,car,12305.23,0.2534,-0.0031,-0.01191,0.4219,0.5879,79.0,,24,0.271,3.13,-0.51,0.6667,363
GIG_1405,courier,hyderabad,bike,40806.25,0.2478,0.009,0.00896,0.3016,0.5365,118.0,0.742,30,0.2332,3.12,0.432,1.0,608
GIG_1406,ride_hailing,pune,bike,44494.53,0.3129,0.07735,-0.01033,0.2206,0.6024,148.0,,36,0.2923,3.99,-0.248,0.6667,491
GIG_1407,courier,mumbai,bike,16555.32,0.2185,0.0,0.01063,0.5678,0.6132,84.0,,33,0.2432,3.56,0.26,0.6667,709
GIG_1408,food_delivery,bengaluru,scooter,28055.05,0.3273,0.0645,0.00138,0.1417,0.528,101.0,,29,0.2801,3.15,-0.098,0.6667,498
GIG_1409,home_services,bengaluru,none,27072.5,0.3763,0.14695,-0.01638,0.4156,0.9082,99.0,0.6662,29,0.2408,3.35,-0.369,1.0,449
GIG_1410,courier,hyderabad,bike,19836.18,0.2542,0.0154,-0.00603,0.3052,0.7091,85.0,0.73,23,0.2688,3.94,-0.219,1.0,470
GIG_1411,ride_hailing,hyderabad,car,42309.91,0.2738,0.0336,0.00056,0.3388,0.7966,,,26,0.2332,3.72,0.087,0.3333,455
GIG_1412,courier,hyderabad,scooter,27748.41,0.2303,-0.00455,-0.00092,0.3193,0.2585,61.0,0.6898,5,0.1512,2.51,-0.119,1.0,459
GIG_1413,ride_hailing,delhi,car,44060.87,0.2503,0.0101,-0.00039,0.2813,0.2777,114.0,0.9089,27,0.3051,3.47,0.016,1.0,603
GIG_1414,ride_hailing,delhi,car,48490.94,0.2427,0.0025,0.0076,0.2686,0.2172,121.0,0.6336,27,0.2571,3.13,0.054,1.0,538
GIG_1415,courier,hyderabad,scooter,13938.23,0.3426,0.10775,-7e-05,0.1337,1.1799,105.0,0.7909,42,0.3126,3.6,-0.063,1.0,518
GIG_1416,home_services,delhi,car,19085.18,0.1926,-0.0102,0.0012,0.2383,0.4331,53.0,0.7537,17,0.204,,,0.6667,395
GIG_1417,food_delivery,hyderabad,bike,36206.67,0.319,0.0485,-0.0048,0.0748,0.3042,99.0,,26,0.2613,3.27,0.157,0.6667,559
GIG_1418,food_delivery,hyderabad,scooter,10778.86,0.2623,-5e-05,-0.00792,0.4329,0.5654,70.0,0.5954,21,0.2931,3.5,-0.309,1.0,398
GIG_1419,food_delivery,mumbai,bike,16997.06,0.2818,0.0297,-0.01465,0.5798,0.6512,100.0,0.7637,26,0.3107,3.8,-0.38,1.0,394
GIG_1420,ride_hailing,bengaluru,car,43060.34,0.3494,0.0929,0.00886,0.107,0.5137,130.0,0.5727,35,0.1991,3.32,0.074,1.0,583
GIG_1421,food_delivery,pune,bike,32680.98,0.2186,-0.0445,-0.00053,0.4947,0.8306,87.0,0.7289,23,0.1949,3.13,0.097,1.0,677
GIG_1422,home_services,pune,car,21499.24,0.2275,-0.0031,0.00041,0.4068,1.185,105.0,0.7516,27,0.3001,3.6,0.086,1.0,581
GIG_1423,courier,delhi,bike,49772.38,0.2651,0.0031,-0.00738,0.2325,0.4015,127.0,0.8486,19,0.2738,,,0.6667,533
GIG_1424,ride_hailing,pune,car,25723.4,0.2817,0.0319,-0.00274,0.1165,0.6969,101.0,0.7653,38,0.1886,2.65,0.287,1.0,483
GIG_1425,ride_hailing,bengaluru,car,38035.41,0.2894,0.0329,-0.00858,0.2417,0.6278,119.0,0.7825,29,0.3009,3.92,-0.274,1.0,368
GIG_1426,ride_hailing,hyderabad,car,25754.22,0.2305,-0.0097,0.00104,0.259,0.5586,98.0,0.7077,28,0.2189,3.13,0.138,1.0,533
GIG_1427,ride_hailing,mumbai,car,18958.57,0.2491,-0.0029,0.00202,0.3292,0.6995,88.0,0.8057,17,0.2699,,,0.6667,447
GIG_1428,home_services,delhi,car,43030.77,0.2704,0.0676,0.00796,0.3262,0.6365,155.0,0.6176,37,0.2882,3.55,0.474,1.0,751
GIG_1429,courier,mumbai,bike,51733.71,0.2049,-0.0136,-0.00425,0.2659,0.7335,117.0,0.658,22,0.2494,3.11,0.039,1.0,438
GIG_1430,home_services,delhi,car,41513.41,0.2573,0.0545,-0.00143,0.1955,0.9253,124.0,,37,0.219,3.18,0.036,0.6667,440
GIG_1431,food_delivery,mumbai,bike,46186.17,0.3658,0.1137,-0.01284,0.0994,0.6448,105.0,0.5601,32,0.1999,2.35,-0.433,1.0,300
GIG_1432,courier,bengaluru,bike,41029.85,0.2065,-0.0349,-0.00014,0.229,0.8423,81.0,0.6814,24,0.1226,2.21,0.162,1.0,346
GIG_1433,ride_hailing,pune,car,48376.47,0.3467,0.0969,-0.01877,0.2486,0.2677,140.0,0.6333,46,0.2927,3.71,-0.496,1.0,345
GIG_1434,food_delivery,pune,bike,31802.27,0.184,-0.0791,0.00218,0.4683,0.4325,80.0,0.6253,21,0.1887,2.91,-0.015,1.0,680
GIG_1435,home_services,mumbai,none,55553.41,0.2046,-0.0352,0.00404,0.4789,0.6555,104.0,0.7096,22,0.1876,3.36,0.12,1.0,495
GIG_1436,ride_hailing,mumbai,car,30796.37,0.2476,-0.0044,0.01045,0.5594,0.5705,94.0,0.5446,20,0.2205,,,0.6667,824
GIG_1437,courier,pune,bike,37476.24,0.3809,0.1483,-0.01449,0.1738,0.8071,110.0,,14,0.2074,3.01,-0.466,0.6667,316
GIG_1438,courier,delhi,car,11132.26,0.2888,0.06335,0.01118,0.2451,0.5568,83.0,0.6821,23,0.2971,3.91,0.33,1.0,530
GIG_1439,food_delivery,bengaluru,scooter,44923.05,0.3759,0.1131,-0.01884,0.4153,0.51,79.0,0.7025,21,0.2689,3.66,-0.302,1.0,434
GIG_1440,food_delivery,delhi,car,48161.43,0.181,-0.1121,0.00088,0.529,0.584,90.0,0.6821,20,0.2436,3.63,-0.172,1.0,651
GIG_1441,home_services,mumbai,car,36061.08,0.2729,0.0444,0.01021,0.3363,0.6874,91.0,0.9094,10,0.1921,3.57,0.266,1.0,602
GIG_1442,ride_hailing,hyderabad,car,37760.54,0.1517,-0.0885,-0.00208,0.6217,0.6923,144.0,0.7691,44,0.3033,3.74,0.182,1.0,632
GIG_1443,ride_hailing,bengaluru,car,18993.35,0.2667,0.0102,0.00878,0.4694,0.6762,90.0,0.6811,17,0.2835,3.21,0.505,1.0,613
GIG_1444,ride_hailing,pune,car,23290.77,0.3916,0.1418,-0.02146,0.2354,0.5898,104.0,,29,0.2713,3.56,-0.421,0.6667,350
GIG_1445,ride_hailing,hyderabad,car,20920.81,0.217,-0.0232,-0.00439,0.3417,0.4623,97.0,0.8399,30,0.2686,3.18,-0.04,1.0,614
GIG_1446,food_delivery,delhi,scooter,26509.54,0.2394,-0.0282,0.00011,0.3951,1.0945,98.0,0.5884,36,0.2895,3.61,-0.136,1.0,542
GIG_1447,food_delivery,bengaluru,scooter,24288.75,0.2515,-0.0113,-0.00327,0.3937,0.6903,78.0,0.7578,26,0.249,3.05,-0.007,1.0,449
GIG_1448,ride_hailing,mumbai,car,19304.16,0.2018,-0.0502,-0.00043,0.589,0.8105,82.0,0.8386,27,0.2356,3.76,-0.075,1.0,567
GIG_1449,ride_hailing,pune,car,26865.34,0.3035,0.0537,0.01183,0.2284,0.4169,111.0,0.5714,36,0.2509,2.94,0.293,1.0,556
GIG_1450,courier,bengaluru,bike,25438.03,0.1546,-0.0868,-0.00359,0.5141,0.5279,84.0,0.7337,16,0.2071,3.3,0.023,1.0,555
GIG_1451,food_delivery,bengaluru,scooter,24588.99,0.2934,0.0306,-0.01443,0.2951,0.3515,78.0,0.6854,20,0.2187,3.32,-0.47,1.0,349
GIG_1452,ride_hailing,hyderabad,car,38518.9,0.1503,-0.0899,0.00074,0.4158,0.314,115.0,0.7044,29,0.2764,3.09,-0.038,1.0,658
GIG_1453,home_services,mumbai,none,18132.19,0.3941,0.1543,-0.00159,0.0906,0.5006,88.0,0.894,22,0.2447,3.13,0.225,1.0,577
GIG_1454,food_delivery,bengaluru,scooter,41394.7,0.3196,0.0568,-0.00125,0.1732,1.4299,108.0,0.7131,43,0.2882,3.27,-0.023,1.0,351
GIG_1455,home_services,pune,none,22655.71,0.1746,-0.0614,0.00604,0.5699,0.3153,86.0,0.6077,30,0.2834,3.75,0.09,1.0,706
GIG_1456,ride_hailing,hyderabad,bike,47038.3,0.2834,0.0565,0.00578,0.3283,0.5265,88.0,,19,0.1907,3.08,0.335,0.6667,672
GIG_1457,food_delivery,bengaluru,scooter,27708.22,0.263,0.0002,-0.01347,0.4557,0.322,,0.674,32,0.2979,4.02,-0.5,0.6667,547
GIG_1458,home_services,hyderabad,none,44390.68,0.1938,-0.0427,-0.0001,0.495,0.8378,,0.7835,25,0.2863,3.86,0.039,0.6667,571
GIG_1459,home_services,hyderabad,none,14812.52,0.1782,-0.0583,-0.00363,0.536,0.4078,64.0,0.5,22,0.1802,2.87,-0.063,1.0,552
GIG_1460,courier,delhi,bike,45120.37,0.2652,0.0032,0.00258,0.3,0.3388,123.0,0.6925,23,0.2451,3.37,-0.029,1.0,559
GIG_1461,ride_hailing,hyderabad,car,37090.68,0.3491,0.1089,-0.01771,0.2625,0.9273,100.0,,25,0.197,3.51,-0.481,0.6667,435
GIG_1462,home_services,delhi,car,16925.95,0.1724,-0.0304,0.00758,0.6474,0.3184,98.0,0.6169,34,0.2706,3.76,0.32,1.0,884
GIG_1463,home_services,bengaluru,none,40757.33,0.3766,0.14725,-0.02032,0.1862,0.6315,122.0,0.8479,32,0.2794,3.4,-0.382,1.0,415
GIG_1464,food_delivery,delhi,bike,33707.69,0.2864,0.02485,0.0129,0.3356,0.8802,78.0,,14,0.1913,3.02,0.309,0.6667,680
GIG_1465,ride_hailing,bengaluru,car,52449.8,0.3297,0.0732,-0.01768,0.3295,0.8836,114.0,,24,0.2839,3.19,-0.372,0.6667,409
GIG_1466,home_services,hyderabad,none,37329.52,0.161,-0.0755,-0.00118,0.4468,0.2401,128.0,0.6404,43,0.275,3.81,0.077,1.0,534
GIG_1467,ride_hailing,mumbai,car,49905.94,0.3899,0.1379,-0.02217,0.1749,0.5186,120.0,0.5822,21,0.2448,3.18,-0.422,1.0,374
GIG_1468,ride_hailing,hyderabad,car,24816.68,0.2275,-0.0127,0.00848,0.2133,0.767,,0.7685,32,0.2978,3.16,0.173,0.6667,795
GIG_1469,courier,delhi,bike,33226.31,0.1869,-0.0751,0.00115,0.6202,0.385,99.0,0.8838,33,0.2309,4.04,0.036,1.0,615
GIG_1470,ride_hailing,pune,car,41572.7,0.2872,0.0374,0.00914,0.2654,0.6159,,0.6047,19,0.2455,3.22,0.221,0.6667,539
GIG_1471,home_services,delhi,car,50883.05,0.2583,0.0555,-0.01098,0.3627,0.4947,112.0,0.5492,13,0.1891,2.82,-0.615,1.0,483
GIG_1472,food_delivery,bengaluru,bike,13793.33,0.1962,-0.0486,-0.00176,0.5404,0.6923,79.0,0.5,30,0.2113,4.07,-0.077,1.0,618
GIG_1473,food_delivery,mumbai,scooter,42600.73,0.2655,0.0045,-0.00037,0.1504,0.5397,120.0,0.6793,33,0.2672,2.99,0.033,1.0,498
GIG_1474,courier,hyderabad,scooter,45008.62,0.1943,-0.04055,-0.00204,0.3973,0.8167,105.0,0.7219,12,0.1392,2.63,0.133,1.0,597
GIG_1475,home_services,pune,bike,23210.68,0.2644,0.0299,0.00252,0.227,0.2929,107.0,0.5806,37,0.2795,2.81,0.062,1.0,678
GIG_1476,food_delivery,delhi,bike,48374.61,0.2678,0.00625,0.01362,0.3626,0.291,93.0,,8,0.1647,2.72,0.535,0.6667,699
GIG_1477,home_services,mumbai,none,40833.03,0.2122,-0.0276,0.00404,0.3449,0.9852,,0.6249,15,0.1817,2.76,0.424,0.6667,468
GIG_1478,ride_hailing,delhi,scooter,11699.85,0.2333,-0.0265,-0.00039,0.3296,0.64,90.0,0.8879,25,0.2904,3.27,-0.179,1.0,552
GIG_1479,courier,delhi,scooter,46625.55,0.2292,-0.02225,-0.00445,0.5428,1.0909,127.0,0.9598,37,0.3447,4.24,-0.323,1.0,491
GIG_1480,courier,bengaluru,car,25712.87,0.2872,0.0412,0.004,0.1857,0.9076,105.0,,26,0.254,3.59,-0.002,0.6667,516
GIG_1481,food_delivery,mumbai,bike,44385.69,0.3,0.0479,-0.00255,0.3764,0.5035,101.0,0.7735,21,0.2372,3.8,0.035,1.0,505
GIG_1482,food_delivery,hyderabad,bike,15820.79,0.289,0.0185,-0.01339,0.2658,0.4342,119.0,0.9098,29,0.2802,3.42,-0.39,1.0,464
GIG_1483,food_delivery,delhi,bike,30060.46,0.2219,-0.03965,0.00028,0.4097,0.5765,92.0,0.8584,33,0.2396,3.68,0.073,1.0,623
GIG_1484,ride_hailing,delhi,car,32318.23,0.2701,0.0299,0.00454,0.2467,0.575,100.0,0.8042,18,0.2272,3.66,0.414,1.0,587
GIG_1485,courier,hyderabad,car,17025.11,0.1927,-0.0388,0.00062,0.4661,0.7943,76.0,0.6925,25,0.2441,3.04,-0.085,1.0,670
GIG_1486,food_delivery,delhi,bike,21620.68,0.2796,0.01805,-0.00227,0.1987,0.8164,75.0,,10,0.1521,2.75,-0.029,0.6667,386
GIG_1487,ride_hailing,hyderabad,car,10829.57,0.2571,0.0169,0.00141,0.1944,0.739,87.0,0.7732,33,0.2363,3.28,-0.073,1.0,515
GIG_1488,ride_hailing,pune,car,21467.29,0.2127,-0.0371,0.00502,0.4292,0.8042,69.0,0.5532,14,0.1912,2.72,0.207,1.0,567
GIG_1489,ride_hailing,pune,car,21534.42,0.3892,0.1394,-0.01788,0.2165,0.3962,,0.7214,18,0.1862,3.07,-0.443,0.6667,300
GIG_1490,food_delivery,bengaluru,car,49445.26,0.2073,-0.0531,-0.00149,0.4604,0.291,98.0,0.897,17,0.2279,3.67,-0.038,1.0,570
GIG_1491,food_delivery,bengaluru,scooter,42647.62,0.2578,-0.005,-0.01212,0.2821,1.1142,95.0,0.8775,16,0.2321,4.13,-0.305,1.0,510
GIG_1492,courier,bengaluru,bike,49126.61,0.1583,-0.0831,0.00034,0.6117,0.5791,123.0,1.0,27,0.3104,3.85,-0.113,1.0,773
GIG_1493,courier,bengaluru,car,23258.12,0.2772,0.0312,0.00244,0.257,0.673,88.0,0.8752,18,0.2514,3.19,0.078,1.0,524
GIG_1494,courier,delhi,scooter,22258.48,0.233,-0.01845,0.00917,0.4152,0.4065,56.0,,16,0.139,3.2,0.134,0.6667,610
GIG_1495,home_services,hyderabad,none,39881.71,0.2804,0.0439,-0.00498,0.2763,0.6609,116.0,0.8387,19,0.2612,3.12,0.028,1.0,337
GIG_1496,ride_hailing,bengaluru,car,48861.17,0.1777,-0.0788,-0.00026,0.497,0.8524,154.0,0.6033,29,0.301,3.73,0.225,1.0,597
GIG_1497,courier,bengaluru,car,31216.88,0.1819,-0.0641,-0.00067,0.3286,0.504,74.0,0.5258,15,0.1639,3.08,0.078,1.0,651
GIG_1498,food_delivery,bengaluru,scooter,34039.89,0.2204,-0.0424,0.00762,0.5534,0.6007,115.0,0.8063,36,0.3097,4.04,0.33,1.0,713
GIG_1499,ride_hailing,delhi,car,32378.32,0.3252,0.085,0.01319,0.2635,0.3759,111.0,0.6877,39,0.2873,3.39,0.433,1.0,762
GIG_1500,home_services,bengaluru,none,29454.11,0.2248,-0.00455,0.01254,0.3863,0.4615,76.0,,16,0.2375,3.78,0.541,0.6667,794
GIG_1501,food_delivery,delhi,bike,30970.52,0.1754,-0.08615,-0.00013,0.5543,0.3205,102.0,0.8793,29,0.2541,3.05,-0.153,1.0,744
GIG_1502,ride_hailing,bengaluru,car,14859.66,0.1932,-0.0633,0.002,0.5305,0.9152,64.0,0.8966,16,0.2206,3.25,0.088,1.0,687
GIG_1503,ride_hailing,mumbai,scooter,11785.08,0.2646,0.0359,0.00949,0.3203,0.4209,59.0,0.9008,21,0.1806,3.35,0.342,1.0,750
GIG_1504,courier,delhi,bike,31413.61,0.1933,-0.0687,0.00349,0.3124,0.6445,137.0,,35,0.3448,4.34,0.02,0.6667,668
GIG_1505,courier,mumbai,scooter,19184.88,0.2456,0.0123,0.00203,0.187,0.598,94.0,0.6964,30,0.2824,3.82,0.046,1.0,639
GIG_1506,food_delivery,bengaluru,bike,18768.48,0.2642,0.0194,0.00678,0.199,0.3455,90.0,0.5512,27,0.1967,3.09,-0.007,1.0,550
GIG_1507,food_delivery,mumbai,scooter,48743.91,0.2252,-0.0358,0.00762,0.5328,0.6395,93.0,0.5761,12,0.2032,3.21,0.095,1.0,609
GIG_1508,home_services,hyderabad,none,30660.99,0.2797,0.0432,0.00776,0.3171,0.7995,,0.7466,10,0.1826,2.82,0.501,0.6667,545
GIG_1509,courier,hyderabad,scooter,54266.26,0.2879,0.05305,0.01534,0.4559,0.6132,115.0,0.6699,24,0.2134,,,0.6667,661
GIG_1510,home_services,delhi,car,49010.06,0.16,-0.0428,0.00209,0.4929,0.403,92.0,0.8574,15,0.1728,3.22,0.026,1.0,685
GIG_1511,courier,bengaluru,scooter,45703.09,0.271,0.0395,-0.00799,0.1447,0.6182,103.0,,11,0.202,2.8,-0.313,0.6667,300
GIG_1512,ride_hailing,bengaluru,bike,29414.44,0.2476,-0.00865,-0.0066,0.3786,0.7047,67.0,0.655,24,0.1845,3.45,-0.25,1.0,451
GIG_1513,home_services,bengaluru,none,19271.26,0.2661,0.03675,-0.00011,0.2434,0.9862,57.0,,16,0.1313,2.7,-0.066,0.6667,541
GIG_1514,food_delivery,pune,bike,28506.91,0.2335,-0.0296,0.00057,0.5029,0.4488,67.0,0.6145,26,0.2195,3.19,0.074,1.0,620
GIG_1515,ride_hailing,bengaluru,car,43493.63,0.4052,0.1487,-0.01197,0.1911,0.7142,134.0,0.8113,31,0.2573,3.54,-0.352,1.0,408
GIG_1516,food_delivery,bengaluru,scooter,41519.18,0.2436,-0.0192,0.01055,0.5474,0.3455,101.0,0.791,22,0.19,3.34,0.309,1.0,682
GIG_1517,food_delivery,delhi,bike,40048.45,0.3484,0.08685,-0.01953,0.4066,0.8106,109.0,0.7317,21,0.2899,3.71,-0.752,1.0,543
GIG_1518,food_delivery,pune,scooter,42336.57,0.2495,-0.0131,-0.00013,0.2815,0.7884,79.0,0.6903,9,0.1671,3.63,-0.054,1.0,425
GIG_1519,food_delivery,hyderabad,scooter,39412.28,0.2488,-0.01355,0.00172,0.4469,1.2796,124.0,0.7251,37,0.3105,3.86,-0.147,1.0,655
GIG_1520,home_services,delhi,none,38212.7,0.2466,0.005,0.0095,0.2987,0.2526,127.0,0.8098,22,0.2512,3.73,0.22,1.0,693
GIG_1521,home_services,bengaluru,none,38384.41,0.2036,-0.02575,0.00269,0.4936,0.7503,100.0,0.5748,24,0.2246,3.57,0.198,1.0,603
GIG_1522,food_delivery,pune,car,22690.04,0.1963,-0.079,0.00139,0.409,0.5363,,0.7628,15,0.1796,3.38,-0.21,0.6667,455
GIG_1523,ride_hailing,pune,car,37756.08,0.2301,-0.0197,-0.00195,0.2201,0.504,127.0,,26,0.2964,3.89,-0.101,0.6667,418
GIG_1524,ride_hailing,delhi,car,49680.06,0.2356,-0.0046,0.00392,0.3281,0.7374,112.0,,17,0.2315,3.33,0.076,0.6667,491
GIG_1525,home_services,delhi,none,42954.04,0.2523,0.0107,0.00461,0.2169,0.6809,89.0,0.6012,25,0.1846,2.44,0.219,1.0,463
GIG_1526,ride_hailing,mumbai,car,23758.94,0.2335,-0.0185,-0.01132,0.4622,1.1053,123.0,,36,0.2709,,,0.3333,503
GIG_1527,courier,pune,bike,12603.82,0.2684,0.0358,0.01166,0.3591,0.7107,84.0,0.6117,16,0.2089,3.58,0.363,1.0,686
GIG_1528,ride_hailing,mumbai,car,33666.5,0.3446,0.0926,-0.01922,0.4795,0.5397,131.0,0.7162,47,0.283,4.55,-0.446,1.0,549
GIG_1529,home_services,hyderabad,car,37461.44,0.2139,-0.0215,-0.00788,0.4349,0.5873,106.0,0.6474,26,0.2109,4.05,-0.412,1.0,460
GIG_1530,food_delivery,pune,bike,42341.26,0.2097,-0.0534,0.00116,0.5767,0.3066,103.0,0.6946,21,0.3012,4.29,0.026,1.0,627
GIG_1531,ride_hailing,hyderabad,car,14503.82,0.2864,0.0462,-0.01354,0.3266,0.5867,,0.8017,33,0.2647,2.88,-0.479,0.6667,438
GIG_1532,ride_hailing,mumbai,car,46156.1,0.1629,-0.0891,-0.0012,0.5416,0.4947,122.0,0.6703,18,0.2496,3.19,0.004,1.0,536
GIG_1533,food_delivery,delhi,car,24335.47,0.2483,-0.0448,0.00146,0.5037,1.0663,83.0,0.7838,33,0.2899,3.76,-0.017,1.0,746
GIG_1534,food_delivery,bengaluru,bike,44511.82,0.1996,-0.0452,-0.00045,0.3524,0.7335,141.0,0.8312,21,0.2934,3.76,-0.019,1.0,669
GIG_1535,home_services,bengaluru,car,14555.22,0.3369,0.094,-0.01464,0.2895,0.3056,75.0,0.8761,25,0.2881,4.04,-0.401,1.0,489
GIG_1536,courier,hyderabad,bike,31209.78,0.2913,0.0525,0.01144,0.4307,0.377,99.0,,34,0.3083,4.21,0.414,0.6667,786
GIG_1537,home_services,mumbai,none,32431.43,0.2731,0.0333,-0.0129,0.3504,0.4683,127.0,0.7733,42,0.2851,4.27,-0.27,1.0,507
GIG_1538,food_delivery,delhi,scooter,32860.12,0.2419,-0.0257,-0.00167,0.2349,0.7254,116.0,0.6577,32,0.2389,3.33,0.069,1.0,543
GIG_1539,ride_hailing,pune,car,16788.48,0.2197,-0.0301,0.00339,0.348,0.8294,74.0,0.9122,17,0.2161,3.29,0.221,1.0,487
GIG_1540,ride_hailing,delhi,car,38189.64,0.2279,-0.0123,0.00089,0.3609,0.4073,112.0,0.8529,20,0.2079,3.76,-0.007,1.0,694
GIG_1541,home_services,hyderabad,none,21898.61,0.2368,0.0003,-0.00056,0.1669,0.9769,85.0,0.7179,28,0.2381,2.94,-0.07,1.0,470
GIG_1542,food_delivery,bengaluru,bike,26779.19,0.2347,-0.0101,0.00579,0.1588,0.7615,76.0,,25,0.2398,2.29,0.206,0.6667,617
GIG_1543,food_delivery,hyderabad,scooter,29743.33,0.3612,0.09885,-0.02054,0.2569,0.5836,105.0,0.7039,27,0.2349,3.46,-0.258,1.0,408
GIG_1544,ride_hailing,hyderabad,car,42930.86,0.2622,0.022,0.01146,0.551,0.6104,101.0,0.8097,22,0.2202,3.97,0.525,1.0,674
GIG_1545,ride_hailing,mumbai,car,49281.17,0.2011,-0.0509,0.00375,0.4333,0.7378,125.0,0.6833,28,0.2913,,,0.6667,598
GIG_1546,home_services,mumbai,none,37589.11,0.1987,-0.0411,0.00074,0.5869,0.5462,109.0,0.809,19,0.2335,3.57,0.146,1.0,645
GIG_1547,ride_hailing,hyderabad,car,27390.16,0.2648,0.0246,0.00152,0.3184,0.9273,118.0,0.9503,15,0.2299,3.88,-0.106,1.0,541
GIG_1548,food_delivery,mumbai,bike,25448.0,0.2436,-0.0085,-0.00368,0.2848,0.9673,91.0,0.6311,30,0.2186,3.74,0.091,1.0,512
GIG_1549,home_services,mumbai,none,36941.49,0.2792,0.0394,0.00069,0.2095,1.3292,115.0,0.7994,32,0.3122,3.73,-0.027,1.0,552
GIG_1550,courier,delhi,scooter,39336.14,0.2797,0.02825,0.01506,0.288,0.4462,93.0,0.5906,21,0.1876,2.97,0.409,1.0,648
GIG_1551,home_services,pune,none,15685.58,0.1585,-0.0775,-0.00125,0.5349,0.5303,100.0,0.8022,28,0.2887,3.71,0.071,1.0,778
GIG_1552,courier,hyderabad,bike,37885.07,0.1296,-0.1092,7e-05,0.5546,0.5005,131.0,,33,0.3564,3.96,0.063,0.6667,676
GIG_1553,ride_hailing,bengaluru,car,24297.93,0.1512,-0.1053,0.00076,0.5856,0.5191,98.0,0.9062,32,0.2788,4.18,-0.024,1.0,665
GIG_1554,courier,hyderabad,bike,23004.53,0.2393,0.0005,-0.00792,0.3808,0.6857,,0.7328,16,0.218,3.8,-0.44,0.6667,399
GIG_1555,food_delivery,mumbai,bike,15004.68,0.2299,-0.0222,0.0059,0.5274,0.381,96.0,0.6523,27,0.2578,3.4,0.258,1.0,750
GIG_1556,ride_hailing,hyderabad,car,41881.15,0.2167,-0.0235,-0.00295,0.3084,0.3687,100.0,0.798,18,0.2304,2.6,0.099,1.0,497
GIG_1557,courier,hyderabad,scooter,48053.6,0.1885,-0.04635,-0.00294,0.469,0.879,123.0,0.7402,21,0.2741,3.66,-0.126,1.0,538
GIG_1558,food_delivery,hyderabad,scooter,32228.67,0.2309,-0.03145,-0.00106,0.3849,1.0657,112.0,0.7505,23,0.2461,3.76,0.017,1.0,514
GIG_1559,food_delivery,pune,bike,17429.49,0.2027,-0.0604,-0.00244,0.4272,0.5601,89.0,0.6511,30,0.2706,3.0,0.026,1.0,554
GIG_1560,ride_hailing,hyderabad,car,47231.54,0.2447,0.0045,0.01193,0.5408,0.7947,153.0,0.8479,30,0.2745,3.65,0.43,1.0,749
GIG_1561,courier,pune,scooter,41421.73,0.235,0.00365,0.00348,0.3463,0.3162,132.0,0.9949,22,0.2443,3.73,-0.004,1.0,651
GIG_1562,food_delivery,delhi,bike,49369.96,0.3623,0.10075,0.00326,0.2104,0.3404,127.0,0.903,18,0.2256,3.04,0.094,1.0,637
GIG_1563,food_delivery,hyderabad,bike,45388.64,0.2113,-0.0592,-0.00122,0.4247,0.3937,124.0,0.7579,14,0.2569,3.38,0.117,1.0,510
GIG_1564,food_delivery,mumbai,bike,29923.59,0.2357,-0.0164,0.00209,0.3554,0.6514,95.0,0.9761,20,0.3033,3.56,-0.082,1.0,720
GIG_1565,ride_hailing,pune,car,33334.15,0.2056,-0.0442,0.00463,0.3534,1.0355,141.0,0.7324,26,0.2722,3.22,0.135,1.0,636
GIG_1566,food_delivery,delhi,bike,44897.44,0.278,0.01645,0.00699,0.0759,0.4394,101.0,0.676,21,0.2346,3.05,0.123,1.0,564
GIG_1567,home_services,delhi,none,35151.04,0.2569,0.0153,0.01392,0.5299,0.332,104.0,0.8662,31,0.2994,3.99,0.399,1.0,810
GIG_1568,home_services,mumbai,none,18839.04,0.4175,0.1777,0.00124,0.045,0.9112,81.0,0.6297,27,0.203,2.4,0.021,1.0,300
GIG_1569,ride_hailing,pune,car,21225.15,0.2569,0.0071,0.00286,0.3005,0.9407,85.0,0.7192,28,0.2165,3.63,-0.063,1.0,517
GIG_1570,food_delivery,mumbai,bike,38367.23,0.2432,-0.0089,0.00669,0.3642,0.7239,105.0,0.841,20,0.2087,3.42,0.358,1.0,654
GIG_1571,ride_hailing,hyderabad,car,31454.76,0.1742,-0.066,0.00395,0.4512,0.2777,91.0,0.5,15,0.1888,2.86,0.198,1.0,601
GIG_1572,ride_hailing,bengaluru,car,42618.28,0.2122,-0.0443,-0.00043,0.4476,0.2834,104.0,1.0,14,0.2444,3.7,0.125,1.0,609
GIG_1573,courier,hyderabad,scooter,45123.5,0.1719,-0.06295,-0.00516,0.6575,0.8266,115.0,,24,0.2616,3.76,-0.179,0.6667,573
GIG_1574,ride_hailing,pune,car,15390.0,0.2216,-0.0282,0.00263,0.4419,0.875,118.0,0.7803,43,0.3369,4.01,0.112,1.0,667
GIG_1575,food_delivery,pune,bike,39022.67,0.2224,-0.0407,-0.00051,0.3834,0.7248,91.0,0.6975,18,0.2044,3.03,0.005,1.0,569
GIG_1576,ride_hailing,delhi,car,28996.44,0.2749,0.0347,-0.00068,0.3591,0.6027,,0.5759,29,0.2049,3.28,0.133,0.6667,628
GIG_1577,courier,pune,bike,53528.38,0.1744,-0.0582,-0.00174,0.345,0.4324,110.0,0.8664,22,0.2577,3.48,-0.077,1.0,532
GIG_1578,food_delivery,mumbai,bike,44174.69,0.2229,-0.0292,0.0013,0.3293,0.5236,119.0,,32,0.2479,,,0.3333,703
GIG_1579,home_services,pune,none,39955.0,0.2361,0.0001,0.00324,0.2535,0.6821,109.0,0.8845,25,0.2914,3.74,-0.08,1.0,547
GIG_1580,ride_hailing,bengaluru,car,24647.11,0.3664,0.1099,-0.01936,0.3902,0.537,114.0,0.7648,34,0.3642,3.87,-0.35,1.0,474
GIG_1581,courier,pune,bike,24449.51,0.1915,-0.0411,-0.00567,0.3755,0.8339,115.0,0.587,37,0.2746,3.97,-0.237,1.0,493
GIG_1582,food_delivery,mumbai,scooter,21814.82,0.1668,-0.0942,0.00342,0.5611,0.456,,0.6306,23,0.2403,3.46,0.26,0.6667,640
GIG_1583,home_services,mumbai,none,32121.56,0.1719,-0.0679,0.00072,0.5511,0.8641,,0.7314,13,0.1864,3.94,-0.031,0.6667,549
GIG_1584,food_delivery,delhi,bike,52519.85,0.3195,0.05795,-0.01342,0.5882,0.6625,136.0,0.898,31,0.2733,3.95,-0.425,1.0,452
GIG_1585,courier,hyderabad,bike,26402.06,0.3307,0.0919,-0.01643,0.2061,0.6113,98.0,0.7886,25,0.2238,3.2,-0.581,1.0,403
GIG_1586,ride_hailing,hyderabad,car,16885.0,0.2862,0.046,-0.00386,0.3202,0.5209,90.0,0.9168,29,0.3166,3.83,-0.149,1.0,374
GIG_1587,courier,pune,bike,36245.82,0.2034,-0.0292,0.00514,0.5667,0.3881,108.0,0.7773,32,0.2844,3.71,0.33,1.0,530
GIG_1588,ride_hailing,pune,car,38633.6,0.1757,-0.0741,-0.0074,0.5902,0.2929,100.0,0.6141,27,0.2685,4.05,-0.458,1.0,572
GIG_1589,food_delivery,pune,bike,39010.57,0.3558,0.0927,-0.01604,0.1337,0.8715,117.0,0.7646,42,0.2856,2.9,-0.444,1.0,424
GIG_1590,home_services,pune,car,31591.27,0.1841,-0.0465,0.00061,0.4063,0.6656,108.0,,29,0.2486,3.65,0.007,0.6667,667
GIG_1591,food_delivery,delhi,bike,45089.67,0.18,-0.08155,0.00073,0.5998,0.8307,131.0,0.7107,36,0.306,3.6,0.204,1.0,618
GIG_1592,ride_hailing,mumbai,car,34468.16,0.2075,-0.0445,-0.00411,0.2601,0.7828,,0.5679,13,0.1444,2.8,0.115,0.6667,496
GIG_1593,ride_hailing,bengaluru,car,43268.95,0.1838,-0.0727,0.00361,0.707,0.4758,115.0,0.6916,34,0.3145,3.86,0.096,1.0,598
GIG_1594,ride_hailing,bengaluru,car,34414.53,0.3686,0.1121,-0.01661,0.1597,0.7027,116.0,0.7394,21,0.2909,2.72,-0.36,1.0,300
GIG_1595,food_delivery,delhi,bike,52341.66,0.2356,-0.02595,0.00313,0.4061,0.4111,153.0,0.8587,36,0.3933,4.07,0.024,1.0,571
GIG_1596,food_delivery,pune,scooter,47460.8,0.2715,0.0089,0.00187,0.355,0.4389,133.0,,30,0.3083,4.0,-0.131,0.6667,543
GIG_1597,food_delivery,mumbai,bike,42602.85,0.2488,-0.0033,-0.00062,0.3586,0.923,117.0,0.8125,23,0.2833,3.72,0.112,1.0,570
GIG_1598,food_delivery,bengaluru,scooter,12774.1,0.3871,0.1243,0.01401,0.191,0.4178,73.0,0.7245,20,0.2335,3.53,0.456,1.0,692
GIG_1599,ride_hailing,pune,car,47691.3,0.1623,-0.0875,0.00316,0.6515,0.5881,120.0,0.7363,23,0.3059,,,0.6667,741
GIG_1600,food_delivery,mumbai,bike,26557.04,0.304,0.0519,-0.0126,0.5587,0.479,97.0,0.7439,22,0.2233,3.96,-0.477,1.0,368
GIG_1601,courier,mumbai,bike,29397.13,0.2604,0.0419,0.01138,0.2863,0.5426,87.0,0.8371,17,0.2532,3.27,0.346,1.0,645
GIG_1602,courier,bengaluru,car,43482.76,0.201,-0.045,0.0052,0.511,1.0374,93.0,0.7115,15,0.176,3.01,0.191,1.0,642
GIG_1603,home_services,bengaluru,none,14978.63,0.193,-0.03635,0.00628,0.6008,0.7352,64.0,0.7195,18,0.2278,3.47,0.243,1.0,706
GIG_1604,courier,bengaluru,scooter,13178.88,0.2979,0.0664,0.00431,0.1807,0.3476,87.0,0.8829,26,0.2013,3.19,-0.11,1.0,384
GIG_1605,food_delivery,delhi,scooter,39812.42,0.3097,0.0421,0.01596,0.488,0.2457,114.0,0.5844,33,0.2765,3.73,0.452,1.0,641
GIG_1606,food_delivery,delhi,scooter,53609.9,0.2361,-0.0315,0.00085,0.117,0.6052,169.0,,35,0.2872,2.82,0.131,0.6667,438
GIG_1607,food_delivery,mumbai,bike,36719.26,0.255,0.0029,0.00124,0.4007,0.557,124.0,0.8161,48,0.3519,4.46,0.107,1.0,696
GIG_1608,ride_hailing,mumbai,car,41003.71,0.3214,0.0694,-0.01531,0.2463,0.4874,122.0,0.7682,25,0.2912,,,0.6667,382
GIG_1609,food_delivery,hyderabad,bike,24041.78,0.2977,0.0272,-0.00214,0.2908,1.0946,88.0,0.5724,29,0.285,3.57,-0.089,1.0,518
GIG_1610,home_services,bengaluru,car,36552.42,0.2189,-0.024,6e-05,0.257,0.7291,119.0,,32,0.2714,3.0,0.084,0.6667,529
GIG_1611,courier,pune,bike,29520.18,0.2206,-0.012,0.00738,0.4904,0.8576,77.0,0.612,20,0.1322,2.98,0.454,1.0,607
GIG_1612,food_delivery,mumbai,scooter,53629.53,0.2627,0.0017,-0.01062,0.1921,0.7272,99.0,0.6339,24,0.1574,2.09,-0.466,1.0,389
GIG_1613,home_services,bengaluru,none,43291.87,0.1607,-0.06865,0.00421,0.4096,0.811,112.0,0.5,41,0.2691,3.81,0.12,1.0,615
GIG_1614,home_services,mumbai,none,24831.84,0.2819,0.0421,0.00401,0.202,0.571,92.0,0.5381,28,0.2563,2.66,-0.041,1.0,449
GIG_1615,courier,bengaluru,scooter,42408.38,0.2113,-0.0202,-0.00082,0.3007,0.6585,,0.6621,11,0.1092,2.58,-0.072,0.6667,411
GIG_1616,courier,hyderabad,car,49108.43,0.2315,0.0,-0.00047,0.4812,0.7899,113.0,0.7544,27,0.3002,3.94,-0.162,1.0,593
GIG_1617,food_delivery,pune,bike,48871.17,0.2454,-0.0177,-0.00664,0.4072,0.5484,,0.5849,23,0.2387,3.24,-0.352,0.6667,483
GIG_1618,courier,mumbai,bike,18941.36,0.2835,0.065,0.01325,0.2559,0.5607,97.0,,27,0.2361,2.57,0.401,0.6667,716
GIG_1619,food_delivery,bengaluru,bike,50487.0,0.2691,0.0243,0.00677,0.2569,0.5298,143.0,0.6196,33,0.2988,3.13,0.293,1.0,572
GIG_1620,ride_hailing,hyderabad,car,12619.25,0.2359,-0.0043,0.00042,0.4049,0.9597,97.0,0.6052,24,0.2662,3.23,0.107,1.0,679
GIG_1621,courier,pune,scooter,21026.58,0.3157,0.08435,0.01348,0.2584,1.4007,108.0,0.9429,31,0.3096,3.77,0.345,1.0,547
GIG_1622,food_delivery,mumbai,scooter,52817.16,0.1658,-0.0952,0.00095,0.4915,0.4034,82.0,0.7456,12,0.1934,3.46,0.103,1.0,577
GIG_1623,ride_hailing,mumbai,bike,20097.79,0.2548,0.00045,-0.00221,0.3194,0.5814,81.0,0.8991,25,0.2742,3.65,-0.096,1.0,574
GIG_1624,courier,hyderabad,scooter,37976.49,0.321,0.08615,0.01484,0.1421,0.3888,147.0,0.8637,40,0.3042,3.87,0.44,1.0,702
GIG_1625,courier,delhi,bike,30802.98,0.1564,-0.1056,0.00031,0.5411,0.3279,97.0,,16,0.2428,4.22,-0.213,0.6667,611
GIG_1626,home_services,delhi,none,11826.73,0.1514,-0.0902,-0.00398,0.566,0.338,97.0,0.9085,24,0.2959,4.08,-0.307,1.0,746
GIG_1627,courier,pune,bike,43755.53,0.3016,0.069,0.01365,0.3673,0.5306,126.0,0.8045,31,0.3135,4.02,0.521,1.0,713
GIG_1628,courier,bengaluru,bike,43145.3,0.2399,-0.0015,0.01267,0.5541,0.5626,105.0,0.7105,23,0.2636,3.49,0.29,1.0,816
GIG_1629,courier,mumbai,bike,12751.56,0.2126,-0.0059,-0.00433,0.2609,0.7836,84.0,0.9291,17,0.2378,2.71,-0.085,1.0,467
GIG_1630,food_delivery,bengaluru,scooter,45190.87,0.1919,-0.0709,0.00018,0.52,0.2736,116.0,0.5,33,0.2468,3.12,-0.019,1.0,725
GIG_1631,food_delivery,hyderabad,car,44984.99,0.2145,-0.05105,-0.00287,0.5487,0.5071,111.0,0.7756,12,0.1848,3.6,0.067,1.0,538
GIG_1632,food_delivery,hyderabad,scooter,34045.48,0.2134,-0.04895,0.00021,0.4567,0.3876,106.0,0.7661,22,0.2559,3.46,-0.018,1.0,635
GIG_1633,ride_hailing,delhi,scooter,34855.8,0.1828,-0.077,0.00225,0.4892,0.4112,107.0,,26,0.34,3.93,-0.096,0.6667,607
GIG_1634,courier,pune,scooter,52346.06,0.3654,0.13405,0.01628,0.1274,0.4721,91.0,0.5155,18,0.1955,2.65,0.451,1.0,560
GIG_1635,food_delivery,pune,scooter,32556.05,0.3408,0.0782,-0.01093,0.147,1.3163,107.0,0.8108,22,0.2212,3.49,-0.22,1.0,406
GIG_1636,ride_hailing,delhi,car,38802.19,0.3072,0.067,0.00956,0.2677,0.5765,101.0,1.0,31,0.3015,4.24,0.185,1.0,677
GIG_1637,home_services,hyderabad,none,39258.2,0.2017,-0.0348,-0.00037,0.3724,0.4502,117.0,0.7242,33,0.2647,3.22,-0.021,1.0,716
GIG_1638,home_services,pune,none,16848.74,0.3169,0.0809,0.01087,0.0883,0.4529,68.0,,16,0.2325,3.45,0.247,0.6667,505
GIG_1639,home_services,pune,car,37458.47,0.1716,-0.059,0.00141,0.578,0.2929,116.0,0.5561,51,0.3295,4.22,-0.052,1.0,666
GIG_1640,food_delivery,mumbai,bike,43256.11,0.2521,0.0,-0.0065,0.5119,0.5654,109.0,0.8823,25,0.2978,4.04,-0.252,1.0,569
GIG_1641,courier,delhi,bike,15081.6,0.2816,0.0196,0.00926,0.3489,0.3411,56.0,0.6614,13,0.1843,2.71,0.334,1.0,532
GIG_1642,home_services,delhi,car,19158.66,0.1999,-0.0029,0.00056,0.4672,1.0904,79.0,0.6296,24,0.2787,3.85,0.021,1.0,761
GIG_1643,ride_hailing,delhi,car,19872.63,0.1376,-0.1026,-0.00022,0.6268,0.6468,111.0,0.7984,34,0.2928,4.31,0.12,1.0,756
GIG_1644,courier,mumbai,car,47130.34,0.1833,-0.0335,0.00089,0.4127,0.5131,107.0,0.8023,23,0.2998,3.79,-0.013,1.0,585
GIG_1645,ride_hailing,pune,car,16287.59,0.2352,-0.0146,0.00029,0.4305,0.5569,56.0,0.7591,9,0.203,3.59,-0.057,1.0,464
GIG_1646,courier,pune,bike,41719.78,0.2145,-0.0181,-0.00305,0.2212,0.6774,105.0,0.6521,28,0.2189,2.43,-0.064,1.0,374
GIG_1647,food_delivery,delhi,scooter,18988.17,0.2491,-0.0185,-0.00855,0.3987,0.7157,104.0,0.6815,38,0.2794,3.69,-0.38,1.0,367
GIG_1648,ride_hailing,mumbai,car,10666.46,0.3502,0.0982,0.01174,0.2544,0.9368,106.0,0.7052,37,0.2842,3.4,0.39,1.0,573
GIG_1649,food_delivery,mumbai,scooter,26694.63,0.2868,0.0258,0.00901,0.2613,0.2037,66.0,0.8199,17,0.2002,3.09,0.243,1.0,743
GIG_1650,courier,mumbai,bike,21590.71,0.1779,-0.0406,0.00226,0.5219,0.9052,92.0,,28,0.2898,3.66,0.137,0.6667,566
GIG_1651,ride_hailing,hyderabad,car,35034.66,0.4257,0.1855,-0.01615,0.1616,0.6872,,0.72,18,0.2412,2.57,-0.418,0.6667,352
GIG_1652,ride_hailing,pune,car,29926.55,0.2355,-0.0143,-0.00151,0.3253,0.5123,71.0,0.8919,10,0.1908,2.76,0.185,1.0,531
GIG_1653,food_delivery,pune,bike,53945.49,0.2526,-0.0105,0.01145,0.4461,0.5792,136.0,0.7059,30,0.2793,3.8,0.357,1.0,649
GIG_1654,home_services,mumbai,car,14544.51,0.1351,-0.0934,-0.00179,0.5052,0.3547,91.0,0.8311,23,0.3178,3.44,-0.187,1.0,708
GIG_1655,courier,bengaluru,bike,32300.76,0.2531,0.0117,-0.00702,0.3754,0.9446,97.0,0.631,28,0.2539,3.35,-0.414,1.0,513
GIG_1656,ride_hailing,hyderabad,car,31857.85,0.2016,-0.0386,0.00027,0.5662,1.171,118.0,0.5589,35,0.2902,3.95,0.119,1.0,681
GIG_1657,home_services,bengaluru,none,51513.31,0.2318,0.00245,-0.00246,0.3129,0.5956,93.0,0.6999,20,0.2091,3.18,-0.075,1.0,480
GIG_1658,home_services,hyderabad,car,35440.43,0.3034,0.068,0.01539,0.3001,0.6652,,0.8171,44,0.3418,,,0.3333,794
GIG_1659,food_delivery,delhi,car,26695.59,0.353,0.0599,0.01494,0.1496,0.7853,99.0,,17,0.2437,3.21,0.476,0.6667,687
GIG_1660,courier,delhi,bike,22722.19,0.2374,-0.0246,0.00028,0.2137,0.8263,,0.7438,18,0.181,2.95,-0.084,0.6667,394
GIG_1661,ride_hailing,pune,car,17525.3,0.3266,0.0768,0.00939,0.3125,0.2351,44.0,0.8759,5,0.2068,3.28,0.248,1.0,543
GIG_1662,home_services,mumbai,none,18123.92,0.1967,-0.0431,-0.00248,0.3235,0.3825,,0.8548,18,0.1823,3.28,-0.127,0.6667,641
GIG_1663,ride_hailing,delhi,car,37391.35,0.2944,0.0542,0.01518,0.4277,0.8852,82.0,0.5077,16,0.184,3.1,0.353,1.0,548
GIG_1664,food_delivery,mumbai,bike,22235.96,0.1925,-0.0596,-0.00016,0.4672,0.575,75.0,0.7947,15,0.2428,3.51,0.204,1.0,608
GIG_1665,ride_hailing,mumbai,car,25880.55,0.2621,0.0101,0.00729,0.365,1.1523,,0.635,18,0.1287,2.41,0.178,0.6667,510
GIG_1666,food_delivery,mumbai,scooter,37726.08,0.1522,-0.1088,-0.00127,0.6408,0.6214,,0.6804,10,0.1298,2.93,0.053,0.6667,622
GIG_1667,food_delivery,mumbai,bike,50828.16,0.2247,-0.0274,0.00034,0.332,0.9239,120.0,,19,0.3175,4.1,-0.045,0.6667,608
GIG_1668,home_services,bengaluru,none,38725.77,0.1691,-0.06025,-0.00092,0.4602,0.6821,83.0,0.6668,12,0.1412,2.63,-0.139,1.0,509
GIG_1669,courier,mumbai,scooter,34011.09,0.2136,-0.0197,-0.00155,0.4621,1.0121,99.0,,28,0.184,3.63,0.046,0.6667,550
GIG_1670,food_delivery,hyderabad,bike,31893.6,0.2695,-0.001,-0.00153,0.156,0.6009,92.0,0.567,26,0.1965,2.54,-0.135,1.0,326
GIG_1671,home_services,delhi,none,14941.01,0.2665,0.0249,-0.0033,0.144,0.5839,93.0,0.6162,36,0.2191,3.35,-0.061,1.0,362
GIG_1672,ride_hailing,delhi,car,38749.62,0.1887,-0.0515,-0.00018,0.604,0.7051,,0.7785,19,0.2097,3.47,-0.039,0.6667,625
GIG_1673,food_delivery,bengaluru,bike,21027.02,0.2168,-0.028,0.00369,0.3958,0.4267,86.0,0.6679,29,0.2372,2.98,0.214,1.0,578
GIG_1674,courier,hyderabad,scooter,32645.78,0.2409,0.00605,-0.00355,0.3196,0.336,95.0,,17,0.1711,2.61,-0.108,0.6667,492
GIG_1675,courier,delhi,scooter,46323.85,0.1928,-0.05865,0.00183,0.3922,0.743,124.0,0.7024,31,0.3515,3.75,-0.15,1.0,608
GIG_1676,food_delivery,hyderabad,bike,34209.06,0.1992,-0.0713,0.00223,0.5422,1.0647,90.0,0.6064,19,0.2276,3.18,0.134,1.0,638
GIG_1677,ride_hailing,delhi,car,15666.47,0.1965,-0.0437,0.0023,0.451,0.767,119.0,0.7721,29,0.3144,3.77,0.046,1.0,671
GIG_1678,ride_hailing,bengaluru,car,29717.44,0.2058,-0.0507,0.00091,0.2301,0.5791,73.0,0.5497,25,0.2454,2.49,0.073,1.0,427
GIG_1679,home_services,mumbai,bike,30366.78,0.2795,0.0612,-0.01459,0.3272,0.6216,130.0,0.6629,30,0.2691,3.18,-0.529,1.0,513
GIG_1680,home_services,pune,car,24647.39,0.2006,-0.03,-0.01026,0.5943,0.602,81.0,0.6127,12,0.1785,3.12,-0.338,1.0,560
GIG_1681,ride_hailing,pune,car,36461.75,0.2844,0.0346,-0.00187,0.3735,0.879,89.0,0.8459,13,0.2059,3.08,0.147,1.0,590
GIG_1682,ride_hailing,mumbai,car,14090.02,0.2459,-0.0061,0.01178,0.4131,0.4853,72.0,,15,0.217,4.02,0.409,0.6667,680
GIG_1683,courier,delhi,scooter,33964.19,0.2064,-0.04505,-0.00342,0.4709,0.4559,98.0,0.7362,22,0.2468,3.18,-0.383,1.0,480
GIG_1684,food_delivery,hyderabad,bike,20530.41,0.2019,-0.0686,-0.00151,0.4864,0.6635,86.0,0.638,26,0.2569,3.93,-0.037,1.0,645
GIG_1685,courier,delhi,scooter,42091.41,0.3341,0.08265,-0.01197,0.2656,0.5916,133.0,,28,0.3402,4.07,-0.35,0.6667,476
GIG_1686,ride_hailing,hyderabad,car,39193.84,0.1973,-0.0429,-0.00628,0.3169,0.9383,84.0,0.6768,17,0.2085,2.99,-0.0,1.0,491
GIG_1687,courier,delhi,scooter,15284.93,0.2317,-0.01975,-0.00124,0.2499,1.0706,,0.6623,22,0.1973,2.64,0.073,0.6667,495
GIG_1688,home_services,bengaluru,none,12667.37,0.2818,0.05245,0.00757,0.1447,1.185,73.0,,28,0.2533,3.36,0.247,0.6667,569
GIG_1689,home_services,mumbai,none,39680.72,0.2712,0.0314,0.00979,0.2773,0.4428,132.0,0.8921,28,0.3287,2.8,0.413,1.0,691
GIG_1690,food_delivery,bengaluru,bike,16449.18,0.2985,0.0537,0.014,0.518,0.9568,82.0,0.5,33,0.23,3.54,0.325,1.0,731
GIG_1691,food_delivery,delhi,bike,46472.85,0.2245,-0.03705,-0.00281,0.4912,0.7912,124.0,0.9354,30,0.3179,4.01,0.05,1.0,730
GIG_1692,ride_hailing,mumbai,scooter,20089.66,0.1842,-0.0445,-0.00053,0.5019,0.6127,66.0,0.6013,26,0.1917,3.48,0.023,1.0,636
GIG_1693,ride_hailing,delhi,car,39542.58,0.1729,-0.0673,-0.00107,0.5561,0.4457,87.0,0.6935,22,0.2502,3.55,0.032,1.0,627
GIG_1694,ride_hailing,pune,car,24743.76,0.3344,0.0846,-0.01268,0.3062,0.8715,,0.836,14,0.2141,3.2,-0.472,0.6667,361
GIG_1695,home_services,bengaluru,none,26044.61,0.2287,-0.00065,-0.00105,0.2823,0.5127,104.0,0.64,31,0.2976,3.65,-0.028,1.0,579
GIG_1696,food_delivery,hyderabad,bike,37296.13,0.2838,0.0133,-0.00411,0.164,0.6578,125.0,0.879,30,0.2777,3.46,-0.001,1.0,609
GIG_1697,food_delivery,bengaluru,scooter,19675.19,0.3005,0.0377,-0.00805,0.2274,0.8532,91.0,0.7504,24,0.2221,2.96,-0.176,1.0,412
GIG_1698,food_delivery,mumbai,car,51299.7,0.2573,0.00095,-0.01242,0.7037,0.3917,79.0,0.6432,4,0.1472,3.26,-0.288,1.0,352
GIG_1699,home_services,delhi,none,22063.32,0.4376,0.196,-0.01879,0.1213,0.7144,,0.6054,29,0.207,3.13,-0.365,0.6667,321
GIG_1700,food_delivery,delhi,scooter,15163.32,0.2067,-0.0609,0.00541,0.549,0.7522,72.0,0.9357,18,0.2103,3.29,0.155,1.0,617
GIG_1701,courier,delhi,scooter,43449.33,0.2818,0.03035,-0.00224,0.3114,0.4979,103.0,0.7329,20,0.1766,3.53,0.002,1.0,538
GIG_1702,courier,pune,bike,26584.08,0.2781,0.0455,0.00153,0.2139,1.2438,108.0,0.6463,25,0.213,3.58,-0.097,1.0,524
GIG_1703,home_services,hyderabad,car,33587.01,0.2593,0.0239,0.00899,0.3788,0.9162,123.0,0.7976,27,0.2848,3.97,0.323,1.0,774
GIG_1704,food_delivery,bengaluru,scooter,18937.42,0.2786,0.0158,-0.0097,0.3483,0.9377,109.0,0.8116,43,0.3342,4.14,-0.335,1.0,463
GIG_1705,courier,pune,scooter,20560.28,0.3458,0.11445,-0.01544,0.1892,0.8426,84.0,,16,0.2497,3.33,-0.406,0.6667,446
GIG_1706,food_delivery,mumbai,scooter,14476.26,0.3073,0.0463,-0.01314,0.2976,0.3508,70.0,0.8614,22,0.3023,3.34,-0.39,1.0,371
GIG_1707,food_delivery,delhi,scooter,24326.95,0.2076,-0.06,0.00477,0.4661,0.8048,92.0,0.5297,41,0.2738,3.07,-0.023,1.0,653
GIG_1708,ride_hailing,mumbai,car,17413.47,0.2825,0.0305,-0.00956,0.3058,0.9409,117.0,0.8899,33,0.3644,3.66,-0.305,1.0,548
GIG_1709,food_delivery,mumbai,scooter,36915.29,0.279,0.018,-0.00447,0.2822,0.5365,116.0,0.841,35,0.332,2.96,-0.243,1.0,484
GIG_1710,food_delivery,delhi,bike,25952.76,0.2311,-0.03045,-0.00296,0.3365,0.3869,99.0,0.5767,23,0.1895,3.78,0.135,1.0,503
GIG_1711,home_services,pune,none,50246.53,0.2465,0.0105,0.00472,0.3803,0.5982,144.0,1.0,34,0.3235,4.38,0.091,1.0,650
GIG_1712,home_services,bengaluru,none,22157.23,0.2038,-0.02555,-0.00457,0.31,0.811,78.0,0.6122,19,0.2194,2.93,-0.11,1.0,480
GIG_1713,food_delivery,mumbai,scooter,47779.78,0.2247,-0.0363,-0.00118,0.3703,0.3731,132.0,,27,0.2661,3.08,0.07,0.6667,498
GIG_1714,courier,delhi,bike,21040.97,0.2883,0.0263,0.0154,0.4626,0.4053,78.0,0.9354,20,0.2447,3.99,0.536,1.0,658
GIG_1715,home_services,bengaluru,none,25344.72,0.3451,0.11575,0.00144,0.1295,0.5108,94.0,0.7883,36,0.2372,2.96,0.176,1.0,552
GIG_1716,home_services,delhi,none,33364.42,0.3014,0.0598,-9e-05,0.1637,0.3727,88.0,,27,0.2198,3.55,-0.107,0.6667,584
GIG_1717,ride_hailing,delhi,car,13252.64,0.3575,0.1173,-0.02067,0.3858,0.2685,79.0,0.7771,25,0.2803,3.64,-0.8,1.0,510
GIG_1718,ride_hailing,pune,car,38125.3,0.2771,0.0273,0.007,0.2819,0.7293,108.0,0.7028,28,0.2817,3.33,0.245,1.0,598
GIG_1719,food_delivery,mumbai,scooter,40429.74,0.2725,0.0115,-0.00152,0.3174,0.7894,137.0,0.6309,41,0.2572,3.46,0.233,1.0,631
GIG_1720,food_delivery,bengaluru,scooter,16742.02,0.2518,-0.011,0.00099,0.3385,0.9673,90.0,0.8591,31,0.2626,3.69,0.167,1.0,599
GIG_1721,ride_hailing,hyderabad,car,35488.83,0.2103,-0.0299,-0.00025,0.5381,1.0492,79.0,0.5406,19,0.1865,3.08,0.054,1.0,591
GIG_1722,courier,pune,bike,17118.36,0.3512,0.1186,0.01685,0.3713,0.9155,95.0,0.6942,22,0.2888,4.26,0.41,1.0,707
GIG_1723,food_delivery,mumbai,scooter,30292.69,0.2185,-0.0425,-0.00013,0.5537,0.7378,108.0,0.8417,30,0.2993,3.62,0.018,1.0,653
GIG_1724,food_delivery,delhi,bike,31114.0,0.3519,0.09035,0.01851,0.2353,0.5867,116.0,0.68,34,0.2523,3.49,0.135,1.0,615
GIG_1725,home_services,mumbai,none,38826.43,0.3159,0.0761,0.01489,0.1132,1.0207,87.0,0.8897,21,0.2189,3.05,0.488,1.0,626
GIG_1726,food_delivery,mumbai,bike,41812.36,0.1941,-0.058,-0.00314,0.5784,0.4591,131.0,0.8542,28,0.3326,4.47,-0.189,1.0,774
GIG_1727,food_delivery,bengaluru,bike,25638.29,0.3462,0.1014,0.01557,0.3672,0.6866,77.0,0.9188,24,0.2536,3.88,0.332,1.0,662
GIG_1728,food_delivery,pune,bike,33266.52,0.2908,0.0277,0.00897,0.2979,0.4024,132.0,0.5883,33,0.2917,3.38,0.265,1.0,563
GIG_1729,home_services,delhi,none,52513.42,0.1531,-0.0885,0.0013,0.6275,0.5681,123.0,1.0,26,0.3173,3.47,-0.191,1.0,573
GIG_1730,ride_hailing,hyderabad,car,43983.5,0.2396,-0.0006,0.00132,0.229,0.6414,146.0,,37,0.3135,3.76,-0.135,0.6667,544
GIG_1731,ride_hailing,delhi,car,47121.87,0.2031,-0.0371,-0.0008,0.4579,0.2777,146.0,0.7978,28,0.3103,4.45,-0.291,1.0,720
GIG_1732,food_delivery,hyderabad,bike,51306.59,0.1992,-0.0713,-0.00569,0.6208,0.6856,120.0,0.6741,28,0.2616,4.11,-0.206,1.0,537
GIG_1733,courier,hyderabad,scooter,50606.41,0.2149,-0.01995,-0.00041,0.3685,0.7292,118.0,0.6031,12,0.1965,2.92,0.162,1.0,583
GIG_1734,food_delivery,delhi,bike,36143.11,0.2963,0.03475,-0.01043,0.381,0.6246,97.0,0.7666,13,0.2479,3.48,-0.269,1.0,407
GIG_1735,ride_hailing,delhi,car,23165.31,0.3409,0.1007,-0.01962,0.2853,0.6582,107.0,0.8254,38,0.3086,4.09,-0.568,1.0,515
GIG_1736,home_services,delhi,none,18833.07,0.1511,-0.0905,0.00173,0.4607,0.326,94.0,0.9082,16,0.2595,4.17,0.177,1.0,586
GIG_1737,courier,bengaluru,bike,17061.35,0.2396,-0.0018,-0.00518,0.2756,0.9039,65.0,0.7081,11,0.189,3.41,-0.061,1.0,430
GIG_1738,home_services,delhi,none,38358.98,0.3233,0.0817,-0.01834,0.4003,0.6256,87.0,0.7778,20,0.2514,3.95,-0.294,1.0,368
GIG_1739,ride_hailing,pune,car,17658.57,0.2805,0.0307,0.01082,0.418,0.4854,77.0,0.6744,23,0.241,3.15,0.311,1.0,735
GIG_1740,ride_hailing,bengaluru,car,24749.52,0.2065,-0.05,0.00209,0.4683,0.6946,83.0,0.6581,13,0.1702,2.66,0.078,1.0,584
GIG_1741,courier,bengaluru,bike,37276.12,0.3532,0.1118,0.00253,0.2045,0.6253,111.0,0.6259,30,0.2684,3.11,-0.058,1.0,407
GIG_1742,ride_hailing,pune,car,49484.73,0.3256,0.0758,0.00115,0.0895,0.4976,115.0,0.7535,21,0.2661,3.66,0.053,1.0,540
GIG_1743,courier,mumbai,scooter,51239.08,0.3739,0.1406,-0.01819,0.258,0.394,133.0,0.8601,25,0.1854,3.4,-0.305,1.0,350
GIG_1744,food_delivery,pune,bike,46738.41,0.2859,0.0228,0.01327,0.5233,0.2966,135.0,0.5922,34,0.2754,3.69,0.4,1.0,765
GIG_1745,food_delivery,mumbai,bike,57287.81,0.2037,-0.0484,-0.00012,0.4881,0.2161,115.0,0.5,21,0.2216,3.08,0.168,1.0,661
GIG_1746,food_delivery,delhi,bike,47154.09,0.2597,-0.00185,-0.00312,0.4697,1.1054,82.0,0.8026,17,0.1976,2.98,0.067,1.0,513
GIG_1747,food_delivery,mumbai,car,13841.06,0.2211,-0.03525,0.00236,0.4453,0.4566,66.0,,15,0.2263,3.71,-0.177,0.6667,642
GIG_1748,ride_hailing,bengaluru,car,49110.26,0.3273,0.0708,-0.01356,0.2732,0.8583,101.0,0.6182,16,0.1844,3.39,-0.424,1.0,416
GIG_1749,ride_hailing,delhi,car,46717.43,0.2664,0.0262,0.00701,0.252,0.8434,115.0,0.8711,23,0.2983,3.94,0.494,1.0,781
GIG_1750,ride_hailing,bengaluru,car,51174.73,0.3598,0.1033,-0.01782,0.3329,0.7334,113.0,0.7392,34,0.2619,3.17,-0.28,1.0,300
GIG_1751,ride_hailing,delhi,bike,16243.53,0.2587,0.0164,-0.01277,0.3417,0.7499,115.0,0.8795,42,0.3405,4.18,-0.448,1.0,499
GIG_1752,courier,hyderabad,scooter,50544.33,0.2258,-0.00905,0.0078,0.3287,0.7408,119.0,,21,0.2443,3.88,0.266,0.6667,656
GIG_1753,ride_hailing,pune,bike,46381.4,0.1632,-0.07235,0.00543,0.6748,0.5881,87.0,,8,0.1677,3.2,0.037,0.6667,622
GIG_1754,food_delivery,bengaluru,scooter,10567.63,0.2831,0.0203,-0.00106,0.2411,0.9018,82.0,0.62,30,0.2279,3.2,-0.21,1.0,458
GIG_1755,courier,hyderabad,bike,34162.3,0.2929,0.0541,0.01229,0.2224,0.5625,71.0,,21,0.2058,3.32,0.535,0.6667,592
GIG_1756,food_delivery,pune,scooter,28126.75,0.1924,-0.0702,0.00223,0.5998,0.5453,90.0,0.8171,29,0.2544,3.76,-0.046,1.0,631
GIG_1757,food_delivery,hyderabad,bike,23848.99,0.2687,-0.0018,-0.00052,0.2615,0.3486,114.0,0.9069,36,0.2701,3.88,-0.16,1.0,588
GIG_1758,ride_hailing,mumbai,bike,48432.33,0.2486,-0.00575,0.00317,0.2949,0.381,133.0,0.755,32,0.3124,3.37,-0.038,1.0,553
GIG_1759,food_delivery,bengaluru,bike,27601.93,0.2698,0.025,-0.0009,0.2855,1.2086,78.0,0.6808,15,0.2593,3.69,0.189,1.0,481
GIG_1760,ride_hailing,pune,car,11937.6,0.2613,0.0115,0.00304,0.1152,0.2351,64.0,0.8507,12,0.1494,2.64,-0.188,1.0,430
GIG_1761,ride_hailing,delhi,car,19991.62,0.1902,-0.05,0.00262,0.4373,0.3435,100.0,0.7092,23,0.2441,3.23,0.016,1.0,611
GIG_1762,ride_hailing,hyderabad,car,10877.43,0.2293,-0.0109,0.00468,0.3303,1.1126,91.0,,37,0.2901,3.19,-0.128,0.6667,564
GIG_1763,courier,bengaluru,car,30570.2,0.2666,0.0206,-0.01349,0.4805,0.621,111.0,,31,0.3332,4.08,-0.368,0.6667,437
GIG_1764,ride_hailing,bengaluru,car,50501.75,0.295,0.0385,0.00393,0.2431,0.6729,132.0,0.6807,22,0.238,3.13,0.175,1.0,575
GIG_1765,courier,bengaluru,scooter,12887.7,0.1733,-0.0582,-0.00332,0.4487,1.2689,81.0,1.0,19,0.2655,3.94,-0.129,1.0,643
GIG_1766,ride_hailing,mumbai,car,31856.98,0.2742,0.0222,0.00262,0.4007,0.571,,,8,0.1668,3.36,-0.011,0.3333,549
GIG_1767,courier,hyderabad,scooter,28375.54,0.2411,0.00625,-0.00481,0.4104,0.8403,83.0,,14,0.2121,3.55,-0.164,0.6667,300
GIG_1768,food_delivery,hyderabad,scooter,40295.89,0.3317,0.06935,0.01487,0.4635,0.8673,,0.6827,22,0.2224,3.71,0.715,0.6667,754
GIG_1769,food_delivery,bengaluru,scooter,38546.23,0.3569,0.0941,-0.01896,0.4486,0.7784,103.0,1.0,18,0.2531,,,0.6667,534
GIG_1770,home_services,mumbai,none,29928.84,0.1745,-0.0653,-0.0004,0.3484,0.4882,129.0,0.9241,41,0.35,4.19,-0.098,1.0,630
GIG_1771,courier,mumbai,scooter,32894.17,0.2068,-0.0265,-0.00068,0.2115,0.94,,0.913,38,0.3212,3.42,0.04,0.6667,553
GIG_1772,home_services,delhi,none,29786.28,0.221,-0.0206,0.00194,0.3206,1.0663,103.0,0.8287,17,0.251,3.1,0.025,1.0,512
GIG_1773,courier,delhi,scooter,13223.39,0.2102,-0.04125,0.00204,0.5027,1.0827,98.0,,23,0.287,4.31,-0.08,0.6667,643
GIG_1774,home_services,mumbai,car,13940.04,0.3213,0.0928,0.00449,0.2739,1.2573,55.0,0.5804,15,0.1644,2.83,0.234,1.0,466
GIG_1775,home_services,mumbai,none,22946.34,0.3665,0.1267,-0.01713,0.2181,0.805,95.0,0.8465,28,0.2749,3.97,-0.265,1.0,393
GIG_1776,ride_hailing,hyderabad,car,27960.86,0.2773,0.0371,0.00123,0.3024,0.9911,93.0,0.5051,29,0.2431,3.17,-0.059,1.0,540
GIG_1777,courier,delhi,scooter,14153.31,0.2368,-0.01465,0.00071,0.2223,0.7343,60.0,0.7348,10,0.1465,2.65,0.148,1.0,369
GIG_1778,home_services,delhi,none,47336.58,0.2122,-0.0294,-0.00666,0.5038,0.9297,111.0,0.7275,27,0.2365,4.54,-0.252,1.0,505
GIG_1779,courier,mumbai,bike,13639.88,0.3489,0.1304,-0.01906,0.2348,0.9816,68.0,0.6424,12,0.208,3.39,-0.459,1.0,300
GIG_1780,ride_hailing,hyderabad,scooter,25406.04,0.1269,-0.1035,-0.00572,0.8272,0.3213,98.0,0.6915,26,0.2955,4.28,-0.163,1.0,591
GIG_1781,courier,bengaluru,bike,25516.58,0.3248,0.0834,0.0111,0.1639,0.4885,101.0,0.7727,23,0.2655,2.88,0.399,1.0,740
GIG_1782,food_delivery,hyderabad,scooter,46812.05,0.2978,0.03545,0.0137,0.3252,0.4938,122.0,0.7787,25,0.2135,3.01,0.402,1.0,766
GIG_1783,ride_hailing,delhi,car,34722.92,0.2201,-0.0201,0.00677,0.4308,0.9102,109.0,0.9101,22,0.2825,3.63,0.185,1.0,591
GIG_1784,ride_hailing,hyderabad,car,12843.7,0.3014,0.0612,-0.00777,0.2209,0.9013,68.0,0.7183,17,0.2369,2.78,-0.188,1.0,467
GIG_1785,food_delivery,hyderabad,bike,51653.77,0.2959,0.0254,-0.01396,0.3057,0.5129,106.0,0.8987,9,0.2298,3.24,-0.218,1.0,433
GIG_1786,ride_hailing,pune,bike,35335.04,0.2318,-0.00375,0.01092,0.3495,0.7462,,0.9153,32,0.2676,,,0.3333,643
GIG_1787,courier,mumbai,bike,41325.62,0.2064,-0.0121,-0.00016,0.4758,0.8999,128.0,0.7604,34,0.3735,3.98,0.073,1.0,580
GIG_1788,food_delivery,hyderabad,bike,10996.91,0.2187,-0.0518,0.00012,0.4031,0.7213,79.0,0.6767,29,0.2585,3.66,0.062,1.0,581
GIG_1789,ride_hailing,pune,bike,18724.36,0.275,0.03945,0.00284,0.22,0.7393,87.0,0.7453,20,0.2725,3.28,0.231,1.0,592
GIG_1790,home_services,hyderabad,none,29736.61,0.2193,-0.0172,-0.00081,0.3241,0.4615,83.0,0.7966,18,0.2048,3.01,0.094,1.0,437
GIG_1791,home_services,delhi,none,20180.21,0.287,0.0454,0.01326,0.3175,0.6913,98.0,0.5015,30,0.2539,,,0.6667,738
GIG_1792,ride_hailing,mumbai,car,33896.73,0.3275,0.0755,0.01187,0.3306,0.9319,115.0,0.5987,37,0.3221,3.94,0.519,1.0,778
GIG_1793,ride_hailing,pune,car,18780.33,0.2601,0.0103,0.00436,0.411,0.2691,97.0,0.7405,37,0.3293,3.69,0.089,1.0,641
GIG_1794,home_services,bengaluru,none,50020.24,0.1989,-0.03045,0.00469,0.4281,0.6271,168.0,0.549,36,0.3039,,,0.6667,605
GIG_1795,food_delivery,mumbai,bike,33207.35,0.3305,0.0784,-0.01641,0.2865,0.3651,110.0,0.6537,32,0.2677,3.63,-0.271,1.0,487
GIG_1796,courier,bengaluru,scooter,12179.58,0.1515,-0.08,0.00044,0.5385,0.3752,68.0,0.6839,23,0.194,2.86,-0.045,1.0,675
GIG_1797,food_delivery,delhi,bike,36489.28,0.2367,-0.02485,0.0087,0.4213,0.9113,103.0,0.679,22,0.2224,,,0.6667,667
GIG_1798,courier,delhi,scooter,17689.07,0.1959,-0.05555,0.00279,0.229,0.6014,93.0,0.6006,37,0.3096,3.71,0.384,1.0,567
GIG_1799,food_delivery,hyderabad,scooter,16754.86,0.2296,-0.03275,0.00203,0.3865,0.5901,80.0,0.799,36,0.2259,3.11,-0.048,1.0,646
GIG_1800,food_delivery,pune,scooter,53006.03,0.1961,-0.0665,0.00393,0.608,0.4184,145.0,0.7697,36,0.3055,4.36,0.052,1.0,700
GIG_1801,ride_hailing,mumbai,car,29798.15,0.3539,0.1019,-0.01289,0.1706,0.7928,141.0,0.677,35,0.3079,3.77,-0.261,1.0,344
GIG_1802,home_services,bengaluru,none,21814.77,0.2243,-0.00505,-0.00606,0.5309,0.4724,79.0,,19,0.1576,3.3,-0.379,0.6667,533
GIG_1803,ride_hailing,bengaluru,car,25649.96,0.2449,-0.0116,-0.00282,0.3129,0.7712,86.0,,33,0.2956,3.97,-0.096,0.6667,617
GIG_1804,courier,delhi,scooter,16611.56,0.3817,0.13025,0.00252,0.1474,0.7149,94.0,0.9631,25,0.2855,3.84,-0.157,1.0,511
GIG_1805,courier,bengaluru,bike,45800.0,0.2311,-0.0103,-0.00336,0.3215,0.3606,102.0,,20,0.2442,3.24,-0.375,0.6667,484
GIG_1806,courier,mumbai,bike,14957.5,0.2584,0.0399,0.00749,0.4562,0.9392,57.0,0.7877,10,0.1277,3.09,0.321,1.0,794
GIG_1807,ride_hailing,pune,car,50405.59,0.3153,0.0655,0.00728,0.1147,0.8377,117.0,1.0,20,0.2802,,,0.6667,551
GIG_1808,ride_hailing,delhi,bike,19416.34,0.2114,-0.0309,0.0027,0.5088,0.8537,94.0,0.9731,33,0.2792,4.19,0.009,1.0,570
GIG_1809,courier,delhi,scooter,39099.39,0.2635,0.01205,-0.01164,0.5871,0.7631,103.0,0.7335,33,0.2736,3.91,-0.409,1.0,623
GIG_1810,food_delivery,bengaluru,bike,47218.8,0.3351,0.0903,0.00716,0.1347,0.5763,91.0,0.8852,24,0.1594,2.13,0.396,1.0,551
GIG_1811,home_services,delhi,bike,32433.29,0.2037,-0.0127,0.00116,0.4746,0.7189,99.0,0.7429,31,0.2989,4.1,-0.011,1.0,591
GIG_1812,courier,mumbai,car,24421.59,0.2697,0.0529,0.01113,0.2265,0.5745,,0.5781,31,0.2429,2.95,0.414,0.6667,632
GIG_1813,courier,pune,scooter,27806.18,0.249,0.01765,-0.00029,0.1486,0.9811,120.0,0.8028,49,0.3173,3.5,0.167,1.0,436
GIG_1814,food_delivery,bengaluru,bike,28244.44,0.226,-0.0188,0.00123,0.3895,0.3184,92.0,0.5595,38,0.2364,3.12,0.029,1.0,579
GIG_1815,food_delivery,delhi,bike,19359.21,0.2038,-0.05775,-0.00546,0.565,1.3421,107.0,,29,0.3237,4.99,-0.16,0.6667,609
GIG_1816,ride_hailing,hyderabad,scooter,21251.91,0.3574,0.127,-0.02131,0.5158,0.6603,123.0,0.8119,41,0.3409,4.14,-0.556,1.0,462
GIG_1817,food_delivery,mumbai,bike,51946.68,0.2798,0.0277,-3e-05,0.2518,0.5753,128.0,0.8278,22,0.2566,3.98,-0.009,1.0,473
GIG_1818,ride_hailing,delhi,car,41822.72,0.2165,-0.0237,-0.00128,0.431,0.4496,95.0,1.0,20,0.2793,3.25,-0.025,1.0,652
GIG_1819,food_delivery,delhi,car,12939.77,0.3761,0.083,-0.02029,0.4428,0.3555,104.0,0.8693,26,0.2885,,,0.6667,599
GIG_1820,courier,hyderabad,car,39061.37,0.2865,0.055,0.00087,0.1485,0.5473,102.0,0.9329,34,0.2648,,,0.6667,534
GIG_1821,home_services,pune,bike,50764.35,0.1517,-0.0828,-0.00174,0.4286,0.4846,121.0,0.8437,19,0.2815,3.17,-0.11,1.0,534
GIG_1822,courier,delhi,scooter,44755.89,0.2298,-0.02165,0.00166,0.4989,1.2437,132.0,,27,0.3365,4.08,0.083,0.6667,613
GIG_1823,ride_hailing,pune,car,16383.4,0.243,-0.0068,0.00191,0.3058,0.8776,56.0,0.5529,16,0.1995,2.99,-0.01,1.0,349
GIG_1824,ride_hailing,delhi,bike,43353.48,0.273,0.0307,0.01133,0.2432,0.5623,128.0,0.6328,28,0.2172,2.83,0.432,1.0,550
GIG_1825,courier,delhi,car,46818.64,0.2556,0.03015,0.01084,0.3242,0.34,126.0,0.9762,30,0.2066,3.79,0.39,1.0,740
GIG_1826,food_delivery,pune,bike,43887.21,0.2657,0.0026,0.0097,0.3372,0.6913,131.0,0.6648,24,0.2773,3.15,-0.027,1.0,681
GIG_1827,ride_hailing,hyderabad,car,42561.72,0.244,0.0038,-0.00308,0.172,0.5905,106.0,,38,0.2788,2.98,-0.061,0.6667,507
GIG_1828,ride_hailing,bengaluru,car,13151.75,0.2578,0.0013,-0.00998,0.3871,1.0744,77.0,0.5342,31,0.2138,3.54,-0.367,1.0,349
GIG_1829,food_delivery,delhi,bike,26559.3,0.3803,0.11875,-0.01979,0.3714,0.3637,139.0,0.7703,36,0.3538,4.31,-0.337,1.0,501
GIG_1830,home_services,hyderabad,none,46358.63,0.1846,-0.0519,-0.00446,0.43,0.4928,134.0,1.0,36,0.3343,4.88,-0.292,1.0,616
GIG_1831,food_delivery,hyderabad,scooter,48680.79,0.2345,-0.02785,0.00485,0.51,1.1579,95.0,0.8661,10,0.1904,3.14,-0.118,1.0,483
GIG_1832,food_delivery,delhi,bike,33600.35,0.2013,-0.06025,0.00092,0.4664,0.7512,99.0,0.5546,29,0.2773,3.25,0.059,1.0,589
GIG_1833,ride_hailing,mumbai,car,40929.09,0.3337,0.0817,0.01061,0.2086,0.3411,97.0,1.0,23,0.2541,3.31,0.52,1.0,745
GIG_1834,ride_hailing,pune,car,25005.08,0.2724,0.0226,0.00307,0.2951,0.7339,61.0,,16,0.2352,2.95,0.054,0.6667,549
GIG_1835,ride_hailing,pune,car,46630.61,0.3387,0.0889,-0.00305,0.1532,1.0628,128.0,0.6838,33,0.2814,3.61,-0.151,1.0,529
GIG_1836,home_services,delhi,none,24308.84,0.2818,0.0402,0.01641,0.3925,0.6436,,0.5867,8,0.1761,3.11,0.301,0.6667,773
GIG_1837,home_services,delhi,none,48346.78,0.2076,-0.034,0.0092,0.3337,0.311,,0.5435,17,0.1611,2.6,0.376,0.6667,610
GIG_1838,food_delivery,hyderabad,bike,25511.06,0.2919,0.0214,0.01597,0.3795,0.4352,105.0,0.7212,28,0.2147,3.2,0.464,1.0,729
GIG_1839,home_services,mumbai,bike,45273.16,0.2017,-0.0166,0.00571,0.3076,0.7036,111.0,0.9501,20,0.2754,2.94,0.122,1.0,640
GIG_1840,food_delivery,mumbai,scooter,43481.91,0.1866,-0.0744,-0.00372,0.4258,0.5229,120.0,0.8252,25,0.291,,,0.6667,623
GIG_1841,home_services,pune,none,24717.94,0.1621,-0.0739,-0.00044,0.145,0.3983,83.0,0.5607,28,0.1808,2.72,-0.067,1.0,346
GIG_1842,ride_hailing,hyderabad,car,16425.06,0.2147,-0.0255,-0.00225,0.1975,0.5986,62.0,0.9673,18,0.1785,3.79,-0.061,1.0,563
GIG_1843,ride_hailing,hyderabad,bike,25566.95,0.1268,-0.1001,-0.00218,0.6972,0.6603,74.0,0.6202,25,0.2211,3.06,0.048,1.0,529
GIG_1844,ride_hailing,delhi,bike,31443.44,0.3822,0.1399,0.01778,0.243,0.4149,76.0,0.7474,16,0.1559,2.75,0.48,1.0,571
GIG_1845,ride_hailing,bengaluru,car,36716.21,0.2291,-0.0274,-0.00978,0.3939,0.4492,73.0,0.9221,10,0.1988,3.03,-0.197,1.0,494
GIG_1846,food_delivery,bengaluru,car,20913.79,0.2942,0.0338,0.00546,0.2217,0.849,92.0,0.5541,24,0.2255,3.29,0.251,1.0,406
GIG_1847,food_delivery,mumbai,scooter,48810.89,0.2461,-0.0149,-0.00039,0.3389,0.6116,128.0,0.8371,25,0.2924,,,0.6667,684
GIG_1848,food_delivery,hyderabad,bike,15659.42,0.2296,-0.0409,0.00698,0.2607,0.7256,110.0,0.7832,26,0.2499,3.5,0.215,1.0,637
GIG_1849,food_delivery,hyderabad,bike,10917.52,0.2859,0.0154,0.00447,0.2608,0.4418,81.0,0.778,24,0.1876,2.82,0.233,1.0,506
GIG_1850,ride_hailing,hyderabad,car,25088.48,0.1422,-0.098,-0.0016,0.6951,0.6994,111.0,,21,0.2136,2.9,-0.269,0.6667,551
GIG_1851,ride_hailing,hyderabad,car,46442.88,0.2038,-0.0364,0.00273,0.4265,0.4752,95.0,0.6706,24,0.1643,3.43,-0.054,1.0,562
GIG_1852,courier,hyderabad,bike,38598.92,0.2888,0.05,-0.00822,0.2604,0.784,97.0,0.7253,19,0.1564,3.01,-0.284,1.0,412
GIG_1853,ride_hailing,delhi,car,29459.15,0.2907,0.0505,0.0044,0.1639,0.6062,76.0,0.8517,15,0.2217,2.83,0.049,1.0,557
GIG_1854,ride_hailing,mumbai,bike,26498.52,0.2539,-0.00045,0.01031,0.2668,0.479,68.0,0.5046,13,0.1802,2.88,0.301,1.0,650
GIG_1855,home_services,mumbai,bike,25096.3,0.2313,0.013,0.00634,0.3042,0.8633,85.0,0.6901,33,0.2466,3.47,0.36,1.0,465
GIG_1856,home_services,bengaluru,none,49662.94,0.1306,-0.09875,-0.00202,0.4119,0.2728,,,38,0.3606,4.16,0.025,0.3333,545
GIG_1857,food_delivery,bengaluru,bike,17590.82,0.2235,-0.0213,0.00147,0.3947,0.8459,82.0,0.9812,20,0.2252,3.37,0.043,1.0,542
GIG_1858,ride_hailing,delhi,car,39847.51,0.2008,-0.0394,-0.00191,0.1695,0.535,95.0,0.8792,38,0.3098,3.52,0.091,1.0,599
GIG_1859,ride_hailing,hyderabad,car,12496.14,0.1621,-0.0781,-0.00155,0.2777,0.8315,86.0,0.8188,21,0.2363,3.64,0.027,1.0,508
GIG_1860,courier,bengaluru,car,43361.86,0.3294,0.0834,-0.01778,0.3424,0.9086,104.0,0.8858,27,0.2501,3.76,-0.475,1.0,403
GIG_1861,ride_hailing,delhi,car,12497.31,0.2446,0.0044,-0.00243,0.3279,0.7339,112.0,0.7053,39,0.2939,3.82,-0.283,1.0,575
GIG_1862,ride_hailing,hyderabad,car,11528.47,0.2647,0.0245,0.00314,0.368,0.5761,110.0,0.928,42,0.3028,4.25,0.105,1.0,671
GIG_1863,ride_hailing,pune,car,23927.76,0.2929,0.0431,-0.00108,0.1079,0.648,89.0,0.5375,13,0.1818,2.99,-0.023,1.0,370
GIG_1864,food_delivery,delhi,bike,20184.04,0.2534,-0.00815,0.00742,0.3809,0.8092,,,33,0.3015,,,0.0,668
GIG_1865,courier,mumbai,car,17147.8,0.145,-0.0718,-0.00171,0.5935,0.6369,121.0,0.6366,36,0.3197,4.03,0.023,1.0,752
GIG_1866,ride_hailing,delhi,car,13955.79,0.3803,0.1401,-0.01774,0.2584,0.8008,93.0,0.7929,31,0.2717,3.26,-0.545,1.0,309
GIG_1867,ride_hailing,bengaluru,car,40912.53,0.2699,0.0134,0.01268,0.2119,0.9658,136.0,0.8019,36,0.3051,3.09,0.562,1.0,630
GIG_1868,ride_hailing,pune,car,23894.57,0.1614,-0.0884,-0.0022,0.5349,0.7635,96.0,0.8371,31,0.2986,3.9,-0.046,1.0,556
GIG_1869,food_delivery,bengaluru,bike,21311.48,0.2208,-0.024,0.00423,0.4826,0.9896,109.0,,27,0.2579,2.94,0.171,0.6667,720
GIG_1870,courier,pune,car,23825.28,0.2237,0.0,0.00944,0.5567,0.4934,102.0,0.8593,28,0.3103,4.15,0.049,1.0,887
GIG_1871,food_delivery,hyderabad,car,26665.23,0.2526,-0.01295,-0.01119,0.3725,1.091,122.0,0.6423,29,0.2961,3.68,-0.212,1.0,444
GIG_1872,home_services,mumbai,none,12956.53,0.2518,0.012,-0.00143,0.243,0.5651,95.0,0.9382,37,0.2968,3.94,-0.097,1.0,559
GIG_1873,ride_hailing,bengaluru,bike,36676.91,0.1795,-0.07675,-7e-05,0.4593,0.6801,77.0,,13,0.194,3.84,0.216,0.6667,566
GIG_1874,ride_hailing,mumbai,car,18662.77,0.238,-0.014,0.01098,0.313,0.6663,94.0,1.0,22,0.2115,,,0.6667,752
GIG_1875,ride_hailing,mumbai,scooter,38018.28,0.2279,-0.0008,2e-05,0.3274,0.6916,104.0,0.8057,24,0.2593,3.33,-0.055,1.0,664
GIG_1876,food_delivery,hyderabad,scooter,15176.22,0.3797,0.11735,-0.01262,0.093,0.4949,65.0,0.8248,32,0.2166,2.75,-0.487,1.0,300
GIG_1877,home_services,pune,none,19591.74,0.244,0.008,0.00034,0.2801,0.3453,107.0,,35,0.2821,3.68,-0.193,0.6667,589
GIG_1878,courier,mumbai,scooter,20835.65,0.2212,-0.0121,-1e-05,0.4623,0.6923,79.0,0.7244,23,0.2482,,,0.6667,354
GIG_1879,ride_hailing,pune,car,13256.52,0.3506,0.1008,-0.02035,0.4102,0.9439,70.0,0.9202,12,0.2491,3.72,-0.509,1.0,400
GIG_1880,courier,mumbai,bike,47223.54,0.263,0.0445,0.00677,0.3298,0.5397,135.0,0.5037,40,0.2476,3.91,0.207,1.0,664
GIG_1881,home_services,mumbai,none,31463.36,0.1804,-0.0594,-0.00478,0.4332,0.5709,102.0,0.9596,18,0.2322,3.54,-0.037,1.0,556
GIG_1882,courier,pune,bike,12741.49,0.3327,0.1001,0.00374,0.2171,0.6616,107.0,0.6383,40,0.2598,3.49,0.068,1.0,546
GIG_1883,food_delivery,delhi,bike,53050.97,0.2625,0.00095,-0.00228,0.4779,0.7626,140.0,0.8136,37,0.3206,4.54,0.098,1.0,716
GIG_1884,courier,bengaluru,bike,22953.9,0.2912,0.0498,0.01172,0.2027,0.4328,124.0,0.7531,27,0.2429,3.61,0.315,1.0,756
GIG_1885,food_delivery,delhi,bike,42987.85,0.3453,0.08375,-0.0199,0.515,0.4854,120.0,0.8781,18,0.2402,3.57,-0.344,1.0,422
GIG_1886,courier,bengaluru,bike,46783.19,0.2032,-0.0382,-0.00746,0.5226,0.6857,109.0,0.622,28,0.1617,3.33,-0.29,1.0,373
GIG_1887,courier,bengaluru,bike,15762.15,0.311,0.0696,0.00231,0.2787,0.9562,91.0,0.8283,11,0.2159,3.27,0.093,1.0,423
GIG_1888,ride_hailing,delhi,car,21437.0,0.3028,0.0626,-0.01609,0.43,0.5758,98.0,0.8823,29,0.3017,4.01,-0.548,1.0,439
GIG_1889,food_delivery,pune,scooter,29713.68,0.2497,-0.0129,-0.01403,0.643,0.5873,,,28,0.2773,4.01,-0.302,0.3333,520
GIG_1890,food_delivery,pune,bike,43551.71,0.2681,0.005,-0.00829,0.1588,0.525,,0.7276,37,0.2781,2.96,-0.504,0.6667,326
GIG_1891,courier,hyderabad,scooter,31424.04,0.2545,0.01965,0.00127,0.2517,0.6677,81.0,0.9106,20,0.2142,3.02,0.062,1.0,541
GIG_1892,ride_hailing,bengaluru,car,45992.09,0.1961,-0.0604,0.00036,0.3479,0.385,96.0,0.8959,19,0.254,3.47,-0.062,1.0,547
GIG_1893,ride_hailing,delhi,car,42292.93,0.4419,0.2017,-0.01676,0.1138,0.6603,112.0,,29,0.2709,,,0.3333,415
GIG_1894,ride_hailing,hyderabad,car,15471.85,0.1883,-0.0519,0.00158,0.4406,0.5129,84.0,0.7851,23,0.2612,3.71,0.172,1.0,533
GIG_1895,food_delivery,mumbai,scooter,15104.53,0.2559,-0.0051,0.00527,0.2669,0.983,116.0,0.5416,34,0.3093,3.87,0.06,1.0,612
GIG_1896,ride_hailing,mumbai,car,46920.37,0.2076,-0.0444,-0.00258,0.445,0.4608,128.0,,31,0.2946,3.65,-0.078,0.6667,653
GIG_1897,food_delivery,hyderabad,scooter,22585.04,0.2996,0.03725,0.01167,0.2555,0.5982,95.0,0.7293,33,0.2593,2.94,0.488,1.0,624
GIG_1898,home_services,mumbai,none,19929.53,0.3257,0.0859,-0.00346,0.1871,0.4087,,,12,0.1789,2.45,0.085,0.3333,480
GIG_1899,food_delivery,bengaluru,scooter,40069.49,0.3364,0.0736,-0.00335,0.1059,0.4034,69.0,0.8922,13,0.2239,2.56,0.225,1.0,381
GIG_1900,ride_hailing,mumbai,car,49053.18,0.2968,0.0448,-0.01087,0.3103,1.1672,102.0,0.8618,20,0.2102,2.87,-0.354,1.0,377
GIG_1901,ride_hailing,delhi,car,17708.7,0.2037,-0.0365,0.00052,0.3186,0.7887,81.0,0.5579,32,0.2802,2.96,0.134,1.0,550
GIG_1902,courier,mumbai,bike,43134.32,0.1231,-0.0954,0.00124,0.7154,0.5901,114.0,0.6413,25,0.197,2.71,-0.051,1.0,439
GIG_1903,food_delivery,hyderabad,scooter,34966.14,0.2095,-0.05285,0.00125,0.6062,0.9931,94.0,,22,0.2021,3.01,-0.098,0.6667,523
GIG_1904,food_delivery,delhi,bike,46844.78,0.2081,-0.05345,-0.00319,0.6459,0.6804,92.0,,16,0.2321,3.79,-0.319,0.6667,525
GIG_1905,courier,hyderabad,scooter,50071.57,0.1836,-0.05125,-0.00046,0.4292,0.5481,104.0,0.72,23,0.1564,3.33,0.008,1.0,406
GIG_1906,courier,delhi,scooter,21118.57,0.2246,-0.02685,-0.00574,0.4321,0.5015,108.0,0.6811,35,0.3079,3.46,-0.281,1.0,532
GIG_1907,courier,hyderabad,bike,46835.3,0.1448,-0.094,-0.00065,0.5723,0.3759,121.0,0.9902,25,0.3084,3.82,-0.031,1.0,624
GIG_1908,food_delivery,hyderabad,bike,38477.39,0.2693,-0.0012,0.01216,0.5319,0.7808,115.0,0.8329,26,0.2504,3.71,0.281,1.0,762
GIG_1909,food_delivery,hyderabad,scooter,25033.84,0.3102,0.04785,-0.01453,0.2076,0.4385,62.0,0.7734,14,0.1589,2.98,-0.37,1.0,445
GIG_1910,ride_hailing,mumbai,bike,55214.71,0.2882,0.03385,-0.01685,0.3338,0.717,95.0,0.5456,19,0.1627,3.1,-0.487,1.0,319
GIG_1911,courier,hyderabad,bike,43333.57,0.2591,0.0203,0.00774,0.3232,0.8205,103.0,0.708,17,0.1913,3.31,0.179,1.0,515
GIG_1912,home_services,hyderabad,car,44086.47,0.2423,0.0069,-0.00013,0.4001,0.5156,84.0,0.7373,9,0.196,,,0.6667,494
GIG_1913,courier,hyderabad,car,11629.56,0.2644,0.0329,-0.00366,0.2972,0.2924,95.0,0.811,24,0.2803,3.61,-0.19,1.0,687
GIG_1914,courier,mumbai,bike,41228.9,0.2049,-0.0136,0.00223,0.4291,0.6426,125.0,,36,0.3091,4.25,0.055,0.6667,544
GIG_1915,food_delivery,bengaluru,scooter,43718.29,0.2069,-0.0559,-0.00013,0.4533,0.6709,96.0,0.8653,30,0.2834,3.8,0.049,1.0,656
GIG_1916,ride_hailing,pune,bike,37354.42,0.2504,0.01485,0.00205,0.4042,0.8227,127.0,0.7406,30,0.2884,3.8,-0.125,1.0,554
GIG_1917,courier,bengaluru,bike,26595.27,0.1348,-0.1066,-0.00083,0.5722,0.4668,86.0,,17,0.2326,3.07,0.006,0.6667,562
GIG_1918,ride_hailing,mumbai,car,27648.2,0.2473,-0.0047,0.01001,0.3944,0.4169,76.0,0.7364,28,0.1884,3.04,0.298,1.0,523
GIG_1919,food_delivery,pune,scooter,31163.79,0.3454,0.0828,-0.01902,0.3031,0.4462,89.0,0.6556,30,0.3025,3.27,-0.317,1.0,498
GIG_1920,home_services,delhi,none,19623.62,0.308,0.0664,0.01178,0.3124,0.6336,,0.5,33,0.2541,3.56,0.345,0.6667,727
GIG_1921,ride_hailing,hyderabad,car,30150.13,0.2498,0.0096,0.0054,0.4016,1.2109,103.0,0.7507,41,0.3157,3.77,0.135,1.0,651
GIG_1922,courier,delhi,bike,14868.79,0.1733,-0.0887,0.00434,0.6049,0.3632,62.0,0.8274,14,0.2073,3.68,-0.126,1.0,629
GIG_1923,ride_hailing,pune,bike,20247.91,0.1367,-0.09885,0.00028,0.7823,0.7586,92.0,0.7292,22,0.2438,3.95,0.03,1.0,676
GIG_1924,food_delivery,pune,scooter,43437.13,0.2879,0.0253,-0.01367,0.4962,0.3409,115.0,,17,0.2093,3.91,-0.304,0.6667,421
GIG_1925,ride_hailing,hyderabad,scooter,51898.03,0.1372,-0.0932,-0.00137,0.5378,0.3394,124.0,0.7471,23,0.2726,4.33,-0.045,1.0,525
GIG_1926,food_delivery,bengaluru,scooter,20184.94,0.1953,-0.0675,0.0018,0.45,0.64,65.0,0.6673,31,0.2388,3.41,0.107,1.0,566
GIG_1927,ride_hailing,mumbai,scooter,41968.41,0.2295,0.0008,0.00902,0.409,0.5594,101.0,,26,0.2336,4.03,0.375,0.6667,659
GIG_1928,food_delivery,delhi,scooter,14562.63,0.2461,-0.0215,-0.00086,0.2226,0.698,76.0,0.9595,16,0.2229,,,0.6667,460
GIG_1929,food_delivery,mumbai,bike,46462.33,0.2756,0.0235,-0.0094,0.4668,0.8853,128.0,0.9039,39,0.2649,4.1,-0.587,1.0,641
GIG_1930,ride_hailing,pune,car,43141.39,0.2382,-0.0116,-0.00058,0.4325,0.6065,90.0,0.8228,17,0.2148,,,0.6667,565
GIG_1931,food_delivery,bengaluru,scooter,50021.24,0.295,0.0322,0.01505,0.494,0.6652,87.0,,6,0.1594,3.4,0.396,0.6667,791
GIG_1932,food_delivery,bengaluru,bike,22265.67,0.2843,0.0395,-0.00236,0.177,0.353,84.0,0.6063,34,0.2543,2.79,-0.095,1.0,495
GIG_1933,courier,delhi,bike,51914.35,0.1724,-0.0896,-0.00436,0.5296,0.7234,95.0,0.6775,16,0.189,3.24,-0.143,1.0,530
GIG_1934,courier,hyderabad,car,47193.78,0.21,-0.0215,-0.00493,0.4013,0.7938,156.0,0.816,27,0.2775,3.94,-0.29,1.0,448
GIG_1935,courier,hyderabad,car,49783.99,0.1953,-0.0362,0.0034,0.3909,0.361,105.0,0.8043,26,0.264,3.26,0.106,1.0,682
GIG_1936,ride_hailing,pune,car,17872.3,0.2035,-0.0463,0.00165,0.6366,0.4406,67.0,,11,0.23,3.85,-0.212,0.6667,621
GIG_1937,food_delivery,mumbai,scooter,31696.4,0.2552,-0.0058,-0.00287,0.2173,0.6578,121.0,,34,0.3679,3.64,0.142,0.6667,522
GIG_1938,food_delivery,bengaluru,bike,26283.18,0.2185,-0.0263,0.00264,0.3655,0.7667,73.0,0.8381,19,0.2544,3.3,0.07,1.0,609
GIG_1939,ride_hailing,bengaluru,car,25267.69,0.4041,0.1476,-0.01537,0.1762,0.49,95.0,0.9412,25,0.221,3.8,-0.411,1.0,300
GIG_1940,courier,pune,scooter,48990.57,0.2267,-0.00465,0.00191,0.464,0.9149,93.0,0.7371,16,0.2145,3.06,0.144,1.0,563
GIG_1941,ride_hailing,hyderabad,bike,31066.84,0.1365,-0.0904,-0.00061,0.7667,0.4536,71.0,0.8356,19,0.3089,4.05,0.129,1.0,703
GIG_1942,food_delivery,mumbai,bike,33289.6,0.3073,0.0552,-0.01127,0.4269,0.8071,94.0,0.8953,20,0.2798,4.05,-0.48,1.0,517
GIG_1943,food_delivery,mumbai,bike,20511.2,0.3532,0.1011,-0.01603,0.1959,0.7938,84.0,0.6796,20,0.2081,3.31,-0.354,1.0,372
GIG_1944,home_services,pune,none,25211.01,0.188,-0.048,0.00047,0.2466,1.1783,98.0,0.7855,20,0.2676,,,0.6667,473
GIG_1945,home_services,delhi,bike,11981.2,0.2283,0.0119,0.00446,0.3532,0.6503,91.0,0.8358,36,0.2319,3.41,0.199,1.0,628
GIG_1946,courier,mumbai,scooter,16049.09,0.2223,-0.011,-0.00119,0.3594,1.085,84.0,0.7222,25,0.2365,3.45,-0.104,1.0,572
GIG_1947,food_delivery,delhi,bike,17144.52,0.2154,-0.04615,-0.00227,0.4602,0.8549,84.0,0.8533,31,0.2563,3.59,0.096,1.0,619
GIG_1948,food_delivery,delhi,bike,29381.04,0.1747,-0.08685,-0.00167,0.5881,0.5188,119.0,0.6772,42,0.3122,3.94,-0.314,1.0,595
GIG_1949,ride_hailing,delhi,car,33511.39,0.1868,-0.0534,0.00033,0.5153,0.769,132.0,0.8641,29,0.3427,3.81,0.008,1.0,629
GIG_1950,food_delivery,delhi,bike,22252.26,0.2515,-0.01005,-0.00311,0.287,0.5677,,0.8602,20,0.2182,3.21,-0.005,0.6667,524
GIG_1951,home_services,hyderabad,car,43197.29,0.2297,-0.0057,-8e-05,0.4415,0.6036,106.0,0.5,19,0.2086,3.04,0.141,1.0,521
GIG_1952,food_delivery,delhi,scooter,23955.5,0.3167,0.0491,0.0071,0.3889,1.1174,49.0,0.7208,11,0.216,2.91,0.312,1.0,746
GIG_1953,ride_hailing,hyderabad,bike,48961.73,0.2869,0.06,-0.01333,0.2991,0.5519,97.0,0.8677,14,0.2074,3.31,-0.409,1.0,316
GIG_1954,food_delivery,mumbai,scooter,28015.73,0.3329,0.0719,-0.01429,0.3355,0.5396,56.0,0.5202,17,0.1233,2.78,-0.524,1.0,413
GIG_1955,ride_hailing,hyderabad,scooter,14963.8,0.2324,0.002,0.00177,0.4138,1.0907,108.0,0.7534,24,0.2716,3.29,0.055,1.0,527
GIG_1956,food_delivery,bengaluru,bike,28017.25,0.1541,-0.0907,-0.00079,0.4543,0.4661,93.0,0.7486,19,0.2537,3.78,-0.037,1.0,639
GIG_1957,ride_hailing,bengaluru,car,29299.66,0.3332,0.0767,-0.01735,0.3233,0.4418,99.0,0.7167,40,0.2744,3.68,-0.614,1.0,494
GIG_1958,food_delivery,mumbai,scooter,22441.4,0.2466,-0.0144,-0.00998,0.4237,0.5593,94.0,0.6907,30,0.2502,3.75,-0.431,1.0,604
GIG_1959,food_delivery,hyderabad,bike,48043.08,0.2705,0.0,-0.01209,0.6316,0.4626,,0.5733,23,0.2007,3.89,-0.339,0.6667,577
GIG_1960,courier,pune,scooter,44925.07,0.2617,0.03035,-0.01048,0.2917,0.3388,94.0,0.9223,11,0.1627,3.05,-0.266,1.0,369
GIG_1961,courier,hyderabad,car,30411.42,0.3725,0.141,-0.0209,0.4079,0.5329,,,43,0.2941,3.94,-0.552,0.3333,539
GIG_1962,ride_hailing,delhi,car,49444.01,0.1872,-0.053,0.00351,0.3728,0.6596,107.0,,19,0.2057,3.11,0.063,0.6667,486
GIG_1963,food_delivery,hyderabad,bike,11438.95,0.2016,-0.0689,0.00088,0.5988,0.5013,82.0,0.6407,28,0.2249,3.27,-0.053,1.0,701
GIG_1964,food_delivery,hyderabad,bike,52238.63,0.2559,-0.0146,-0.00096,0.2233,0.3256,121.0,0.5974,38,0.2813,3.41,-0.006,1.0,584
GIG_1965,home_services,hyderabad,car,36396.38,0.2577,0.0223,-0.00865,0.587,0.8484,81.0,,13,0.174,3.03,-0.332,0.6667,300
GIG_1966,food_delivery,bengaluru,scooter,15887.28,0.3113,0.0485,0.00886,0.2085,0.6985,67.0,0.8117,15,0.1598,3.13,0.266,1.0,534
GIG_1967,courier,pune,scooter,52685.96,0.1511,-0.08025,0.00241,0.5685,0.4743,97.0,,17,0.1765,3.56,-0.07,0.6667,677
GIG_1968,courier,hyderabad,bike,23962.0,0.2194,-0.0194,0.00312,0.1821,0.8384,,0.7518,13,0.1869,3.07,0.251,0.6667,450
GIG_1969,courier,bengaluru,car,50294.14,0.2034,-0.0426,0.00073,0.3215,0.7586,,0.8135,26,0.2134,2.76,0.075,0.6667,468
GIG_1970,ride_hailing,bengaluru,car,45463.13,0.2893,0.0328,0.00457,0.3011,0.911,113.0,0.7735,28,0.2458,3.09,0.207,1.0,725
GIG_1971,ride_hailing,mumbai,car,49466.4,0.3444,0.0924,0.01267,0.2991,1.0719,,0.5765,20,0.2625,3.17,0.488,0.6667,742
GIG_1972,ride_hailing,mumbai,car,13038.66,0.2892,0.0372,-0.00108,0.1949,0.7713,101.0,0.6294,34,0.2914,3.35,0.002,1.0,586
GIG_1973,ride_hailing,delhi,car,50395.07,0.1467,-0.0935,0.00108,0.6842,0.5397,117.0,0.8593,24,0.2836,4.19,0.058,1.0,634
GIG_1974,courier,bengaluru,scooter,50664.09,0.334,0.1025,0.01631,0.2855,0.3759,,0.9671,16,0.1873,3.37,0.634,0.6667,726
GIG_1975,food_delivery,mumbai,bike,44037.49,0.2213,-0.0308,0.00215,0.1349,0.7929,134.0,0.7811,37,0.2633,2.53,0.041,1.0,606
GIG_1976,home_services,bengaluru,car,13668.47,0.2121,-0.0308,0.0012,0.3572,0.4822,86.0,0.63,24,0.2168,3.3,0.052,1.0,575
GIG_1977,food_delivery,mumbai,bike,22335.41,0.2156,-0.0365,0.00268,0.4794,0.7929,,0.678,19,0.1932,2.19,0.037,0.6667,488
GIG_1978,ride_hailing,delhi,car,18947.74,0.143,-0.0972,-0.00022,0.6149,0.9477,65.0,0.6718,10,0.2001,2.99,0.09,1.0,571
GIG_1979,ride_hailing,hyderabad,car,42335.85,0.3742,0.134,-0.02017,0.3323,1.0139,126.0,1.0,34,0.3264,4.64,-0.457,1.0,619
GIG_1980,ride_hailing,delhi,car,21707.02,0.2031,-0.0371,0.00217,0.4869,0.4455,105.0,0.957,30,0.2978,4.34,0.095,1.0,742
GIG_1981,food_delivery,delhi,car,37426.25,0.2411,-0.052,0.00081,0.399,0.6674,126.0,0.8582,33,0.2866,4.19,-0.039,1.0,638
GIG_1982,ride_hailing,delhi,car,18813.53,0.3182,0.078,-0.00111,0.12,0.754,71.0,0.764,20,0.202,2.85,0.079,1.0,319
GIG_1983,home_services,mumbai,car,28934.29,0.2001,-0.0284,-0.00576,0.503,0.6953,118.0,0.5,39,0.2317,3.66,0.008,1.0,470
GIG_1984,home_services,pune,none,38815.84,0.1537,-0.0823,0.0012,0.5684,0.5964,93.0,,28,0.2581,4.09,0.027,0.6667,669
GIG_1985,ride_hailing,pune,car,30035.01,0.261,0.0112,-0.00607,0.3549,0.7256,126.0,0.9974,33,0.3019,3.9,-0.283,1.0,523
GIG_1986,ride_hailing,hyderabad,car,34055.52,0.2851,0.0449,0.00813,0.244,0.5724,86.0,0.5666,24,0.2034,2.45,0.382,1.0,648
GIG_1987,food_delivery,pune,scooter,31482.34,0.3329,0.0703,0.00401,0.1078,0.3606,95.0,0.5971,18,0.1593,2.27,-0.108,1.0,398
GIG_1988,courier,hyderabad,scooter,49517.09,0.1416,-0.09325,0.00202,0.6622,0.4839,,0.9602,33,0.3125,4.15,0.123,0.6667,550
GIG_1989,home_services,delhi,none,15435.73,0.3705,0.1289,-0.02199,0.335,1.3817,,0.5387,11,0.1492,2.9,-0.459,0.6667,356
GIG_1990,ride_hailing,delhi,car,26314.26,0.2114,-0.0288,-0.00037,0.4073,0.554,95.0,0.6684,42,0.2992,3.35,-0.065,1.0,476
GIG_1991,ride_hailing,mumbai,car,53322.04,0.1904,-0.0616,-0.00062,0.278,0.6061,121.0,0.7429,38,0.2585,3.5,0.158,1.0,595
GIG_1992,ride_hailing,pune,car,15217.88,0.2804,0.0306,-0.01063,0.3652,0.4065,65.0,0.8745,15,0.2588,3.4,-0.339,1.0,383
GIG_1993,home_services,bengaluru,none,20020.8,0.209,-0.02035,-0.00138,0.3533,0.3087,,,32,0.3143,4.27,-0.166,0.3333,799
GIG_1994,food_delivery,mumbai,scooter,16178.38,0.3696,0.1086,-0.01688,0.0822,0.5249,109.0,0.6257,34,0.2924,3.24,-0.46,1.0,322
GIG_1995,home_services,mumbai,none,36814.66,0.3088,0.069,-0.01549,0.3287,1.3763,93.0,0.8369,22,0.1992,3.51,-0.459,1.0,501
GIG_1996,food_delivery,hyderabad,bike,29699.96,0.2511,-0.0194,-0.01393,0.4383,0.5973,100.0,0.6265,26,0.2732,3.71,-0.399,1.0,490
GIG_1997,courier,delhi,bike,47554.53,0.3059,0.0439,-0.01326,0.3382,0.7757,96.0,0.5736,13,0.1914,2.6,-0.516,1.0,366
GIG_1998,ride_hailing,delhi,car,50155.72,0.1934,-0.0468,-3e-05,0.4445,0.4947,108.0,0.5532,19,0.2408,3.13,-0.013,1.0,586
GIG_1999,home_services,delhi,none,34765.35,0.1771,-0.0645,0.00263,0.5383,0.8953,108.0,0.9317,25,0.3078,3.79,0.156,1.0,597
GIG_2000,food_delivery,bengaluru,bike,35082.84,0.2088,-0.036,0.00118,0.4038,0.7795,102.0,0.6552,14,0.2061,2.72,-0.085,1.0,536
GIG_2001,courier,mumbai,scooter,48599.12,0.2116,-0.0217,-0.00862,0.4803,0.5641,,0.8033,41,0.3256,3.83,-0.329,0.6667,499
GIG_2002,food_delivery,delhi,scooter,35213.73,0.2539,-0.0137,0.01389,0.579,0.5047,119.0,0.5809,27,0.3029,3.18,0.407,1.0,681
GIG_2003,home_services,delhi,none,37027.81,0.2226,-0.019,0.01201,0.598,0.482,99.0,0.6457,29,0.2332,3.88,0.392,1.0,816
GIG_2004,ride_hailing,pune,car,40500.26,0.411,0.1612,0.00111,0.0803,0.5397,123.0,0.8092,29,0.2956,3.08,0.149,1.0,460
GIG_2005,ride_hailing,mumbai,car,30769.51,0.3689,0.1169,-0.01645,0.1722,0.3958,82.0,0.7309,13,0.1948,3.21,-0.411,1.0,314
GIG_2006,ride_hailing,pune,car,15430.25,0.2601,0.0103,0.01107,0.5428,0.9011,70.0,0.677,17,0.1971,,,0.6667,638
GIG_2007,home_services,mumbai,none,23647.95,0.1755,-0.0643,-0.00099,0.4694,0.3881,90.0,0.8422,15,0.2362,3.53,-0.125,1.0,447
GIG_2008,ride_hailing,bengaluru,car,36931.68,0.1896,-0.0669,0.00161,0.5138,0.7737,138.0,0.6673,34,0.3482,4.29,0.12,1.0,527
GIG_2009,ride_hailing,delhi,car,17668.79,0.3044,0.0642,-0.00951,0.2608,0.9648,,0.7543,27,0.2433,3.08,-0.326,0.6667,378
GIG_2010,ride_hailing,mumbai,car,33740.59,0.2436,-0.0084,-0.00328,0.271,0.8447,97.0,0.7317,15,0.1741,2.99,-0.173,1.0,523
GIG_2011,ride_hailing,bengaluru,car,35999.03,0.2014,-0.0551,-0.00121,0.3968,0.4854,78.0,0.6893,24,0.1674,3.24,0.077,1.0,646
GIG_2012,ride_hailing,delhi,scooter,55227.03,0.1728,-0.087,-0.00068,0.2785,0.5792,130.0,0.5977,30,0.2565,3.1,-0.038,1.0,510
GIG_2013,food_delivery,hyderabad,bike,36705.78,0.2361,-0.0344,0.00094,0.3352,0.6424,104.0,0.8982,30,0.288,3.7,-0.129,1.0,515
GIG_2014,courier,mumbai,bike,35404.85,0.1723,-0.0462,-0.00066,0.5682,0.6934,128.0,,39,0.3381,4.4,0.059,0.6667,768
GIG_2015,food_delivery,delhi,scooter,43504.5,0.2732,0.0056,0.01321,0.406,0.73,138.0,0.7503,38,0.2836,3.82,0.214,1.0,732
GIG_2016,food_delivery,mumbai,bike,49862.03,0.2002,-0.0519,-0.00127,0.3757,0.2966,96.0,0.6603,17,0.2282,3.34,0.016,1.0,486
GIG_2017,ride_hailing,pune,car,38655.06,0.3079,0.0581,-0.01754,0.3538,0.3639,92.0,0.9311,17,0.2123,3.18,-0.463,1.0,414
GIG_2018,food_delivery,delhi,bike,31344.38,0.2519,-0.00965,-0.00381,0.2007,0.2777,,0.5,28,0.1928,2.55,-0.165,0.6667,481
GIG_2019,food_delivery,bengaluru,bike,39548.42,0.2337,-0.0111,0.00237,0.4916,0.5393,124.0,0.7775,31,0.2683,3.67,0.222,1.0,629
GIG_2020,home_services,delhi,none,11013.34,0.2493,0.0077,-0.00484,0.2915,0.5484,74.0,0.7012,17,0.1865,3.19,-0.343,1.0,454
GIG_2021,ride_hailing,pune,car,50936.82,0.2407,-0.0091,0.00473,0.5829,0.3044,140.0,,40,0.3174,4.37,0.221,0.6667,752
GIG_2022,food_delivery,bengaluru,scooter,19409.03,0.2022,-0.0606,0.00217,0.3886,0.5223,55.0,0.6895,15,0.1865,2.99,-0.11,1.0,622
GIG_2023,courier,hyderabad,car,27658.79,0.1447,-0.0868,0.00032,0.5575,0.5131,82.0,0.7678,25,0.2881,3.3,-0.056,1.0,673
GIG_2024,food_delivery,pune,scooter,31496.82,0.3433,0.0807,0.00235,0.1349,0.7092,88.0,,20,0.2326,2.67,0.136,0.6667,458
GIG_2025,home_services,bengaluru,car,35669.87,0.2605,0.0176,0.00607,0.3282,0.8775,97.0,0.5925,35,0.2657,3.88,0.437,1.0,614
GIG_2026,food_delivery,bengaluru,bike,37443.6,0.3001,0.0553,-0.00055,0.2596,0.4899,90.0,,11,0.1791,3.47,0.031,0.6667,426
GIG_2027,ride_hailing,hyderabad,car,26624.24,0.1475,-0.0927,-0.00061,0.7155,0.5483,98.0,0.646,31,0.2888,4.02,-0.019,1.0,611
GIG_2028,home_services,hyderabad,none,33117.36,0.1212,-0.1153,-0.00063,0.6315,0.3515,75.0,0.9258,10,0.1763,3.54,-0.008,1.0,541
GIG_2029,courier,mumbai,scooter,48578.13,0.2782,0.0449,-0.0013,0.1288,0.9372,115.0,0.5271,30,0.2825,3.25,-0.036,1.0,368
GIG_2030,food_delivery,delhi,scooter,11465.33,0.2395,-0.0281,0.00602,0.342,0.9988,67.0,0.7677,16,0.1884,3.25,0.095,1.0,552
GIG_2031,courier,mumbai,scooter,34773.82,0.2354,0.0021,0.00622,0.4411,1.2096,88.0,,27,0.2361,3.2,0.234,0.6667,659
GIG_2032,ride_hailing,delhi,car,40876.73,0.377,0.1368,0.00892,0.0924,0.5293,108.0,0.7462,28,0.2707,2.67,0.349,1.0,482
GIG_2033,food_delivery,delhi,bike,18288.73,0.2964,0.03485,-0.00563,0.2377,0.554,68.0,0.8859,13,0.2083,3.25,-0.285,1.0,430
GIG_2034,ride_hailing,hyderabad,bike,15708.35,0.2674,0.0405,0.01002,0.4379,0.4826,88.0,1.0,17,0.2513,3.81,0.329,1.0,779
GIG_2035,food_delivery,bengaluru,bike,54151.81,0.2223,-0.0225,0.00236,0.2204,0.3989,136.0,0.5413,28,0.2032,3.21,0.158,1.0,490
GIG_2036,home_services,pune,car,34972.45,0.2257,-0.0049,-0.00235,0.3642,0.7404,86.0,0.823,15,0.2442,3.02,0.113,1.0,529
GIG_2037,food_delivery,bengaluru,bike,23324.35,0.2808,0.036,0.0114,0.2889,0.5484,74.0,0.6948,11,0.1594,3.2,0.448,1.0,610
GIG_2038,food_delivery,mumbai,bike,46968.02,0.2415,-0.0106,-0.00528,0.2619,0.4458,120.0,,25,0.2797,,,0.3333,564
GIG_2039,ride_hailing,delhi,car,39899.46,0.266,0.0258,0.00617,0.3177,0.8539,83.0,,33,0.2485,3.12,-0.086,0.6667,497
GIG_2040,ride_hailing,bengaluru,car,29052.12,0.3207,0.0642,-0.01728,0.2989,0.59,108.0,0.8189,23,0.2221,3.55,-0.391,1.0,423
GIG_2041,food_delivery,bengaluru,scooter,23887.02,0.2048,-0.058,0.00224,0.5043,0.4242,89.0,0.6042,22,0.2466,3.05,-0.059,1.0,600
GIG_2042,food_delivery,mumbai,scooter,18944.25,0.277,0.016,-0.00576,0.2789,0.7093,109.0,0.7998,31,0.2816,3.88,-0.099,1.0,420
GIG_2043,food_delivery,delhi,scooter,15205.89,0.2753,0.0077,-0.01008,0.4073,0.6992,68.0,,21,0.1749,2.71,-0.409,0.6667,445
GIG_2044,courier,hyderabad,scooter,32032.78,0.2477,0.01285,0.00752,0.2505,0.4328,97.0,,22,0.2594,3.49,0.418,0.6667,708
GIG_2045,ride_hailing,bengaluru,car,46236.57,0.2631,0.0066,-0.00703,0.3224,0.7433,98.0,0.7285,21,0.2254,3.48,-0.264,1.0,457
GIG_2046,food_delivery,hyderabad,bike,15881.09,0.271,0.0005,-0.00092,0.1778,0.6947,60.0,0.636,16,0.1225,2.45,-0.227,1.0,427
GIG_2047,food_delivery,mumbai,bike,56342.16,0.1526,-0.0995,0.00076,0.7632,0.2877,92.0,0.7697,22,0.2482,3.32,0.044,1.0,662
GIG_2048,ride_hailing,delhi,scooter,53402.13,0.2598,0.0,-0.00038,0.3645,0.6722,128.0,0.6573,33,0.2163,3.24,-0.179,1.0,486
GIG_2049,food_delivery,bengaluru,scooter,33254.93,0.2318,-0.031,0.00097,0.4493,0.757,115.0,0.8054,43,0.3117,3.96,-0.098,1.0,538
GIG_2050,food_delivery,mumbai,scooter,42772.46,0.1902,-0.0708,0.0006,0.4795,0.5705,,0.7267,23,0.2146,4.03,0.002,0.6667,531
GIG_2051,ride_hailing,hyderabad,car,34564.19,0.2501,0.0099,0.01342,0.606,0.4135,85.0,0.7627,29,0.2474,3.9,0.366,1.0,852
GIG_2052,food_delivery,delhi,scooter,15384.29,0.3001,0.0325,0.00428,0.2044,0.8152,73.0,0.5,20,0.1663,2.75,0.003,1.0,404
GIG_2053,ride_hailing,delhi,car,44866.66,0.1565,-0.0837,-0.00099,0.5229,0.4469,103.0,0.7539,20,0.2307,2.86,-0.133,1.0,470
GIG_2054,food_delivery,hyderabad,bike,21129.09,0.2472,-0.0233,0.0099,0.5296,0.3247,85.0,0.7831,17,0.2528,3.76,0.389,1.0,733
GIG_2055,ride_hailing,mumbai,bike,26047.1,0.3095,0.05515,0.01563,0.0846,0.8392,101.0,0.6224,22,0.241,3.51,0.407,1.0,613
GIG_2056,ride_hailing,delhi,car,30856.62,0.1696,-0.0706,0.00229,0.5702,0.5077,110.0,0.7847,20,0.2439,4.42,0.291,1.0,564
GIG_2057,food_delivery,hyderabad,scooter,35111.46,0.2243,-0.03805,-0.00016,0.4329,0.5901,,,21,0.2433,3.45,-0.144,0.3333,583
GIG_2058,food_delivery,delhi,scooter,12559.6,0.2551,-0.0125,0.00014,0.4683,0.5867,68.0,,18,0.2627,,,0.3333,507
GIG_2059,courier,hyderabad,car,45693.74,0.2187,-0.0128,-0.00756,0.3741,0.6652,104.0,0.7287,23,0.2777,3.38,-0.256,1.0,522
GIG_2060,food_delivery,mumbai,bike,50095.34,0.2303,-0.0218,-0.00654,0.4162,0.68,92.0,0.6033,13,0.2267,3.35,-0.195,1.0,491
GIG_2061,courier,bengaluru,bike,49892.88,0.2238,-0.0176,0.00101,0.2932,0.4366,106.0,0.6726,20,0.2197,2.9,0.086,1.0,477
GIG_2062,food_delivery,mumbai,bike,30395.78,0.357,0.1049,-0.01607,0.2232,0.4646,87.0,1.0,27,0.2414,3.83,-0.337,1.0,410
GIG_2063,ride_hailing,bengaluru,car,55298.94,0.2375,-0.019,-0.01107,0.6138,0.3231,108.0,0.6406,27,0.2344,3.45,-0.456,1.0,425
GIG_2064,ride_hailing,mumbai,car,11326.38,0.2518,-0.0002,-0.00344,0.2837,0.9481,123.0,0.9902,40,0.302,4.09,-0.185,1.0,617
GIG_2065,home_services,mumbai,none,46134.11,0.1569,-0.0829,-0.00354,0.5607,0.4948,98.0,0.576,26,0.2106,3.49,-0.008,1.0,707
GIG_2066,home_services,hyderabad,none,51481.1,0.2632,0.0267,0.00738,0.2843,0.4149,132.0,,28,0.339,3.97,0.362,0.6667,733
GIG_2067,food_delivery,mumbai,bike,27980.25,0.2505,-0.0016,0.00122,0.1957,0.7473,,0.8086,23,0.2644,,,0.3333,603
GIG_2068,ride_hailing,pune,bike,33466.15,0.2724,0.03685,-0.00073,0.1969,0.5863,110.0,0.7251,34,0.2318,2.94,0.211,1.0,500
GIG_2069,ride_hailing,delhi,car,37772.83,0.1715,-0.0687,0.00196,0.4501,0.403,113.0,0.5,35,0.2564,3.62,0.163,1.0,610
GIG_2070,ride_hailing,pune,car,41243.6,0.2208,-0.029,0.00171,0.3083,0.2351,97.0,0.6786,17,0.2075,2.28,0.063,1.0,602
GIG_2071,food_delivery,hyderabad,bike,11722.81,0.2473,-0.0232,-0.0033,0.2061,0.7979,79.0,0.9906,17,0.2441,3.2,-0.147,1.0,506
GIG_2072,ride_hailing,hyderabad,car,41553.06,0.2005,-0.0397,0.00427,0.2539,0.422,128.0,0.9375,35,0.2989,3.73,0.316,1.0,595
GIG_2073,ride_hailing,hyderabad,car,45932.84,0.2476,0.0074,0.00222,0.1697,0.6897,115.0,0.5454,18,0.1876,2.84,-0.003,1.0,342
GIG_2074,ride_hailing,bengaluru,scooter,25443.84,0.2063,-0.0155,-0.00099,0.4704,0.3036,,0.5,25,0.2117,2.93,0.245,0.6667,554
GIG_2075,home_services,delhi,none,26781.48,0.2312,-0.0104,0.00404,0.2104,0.5691,102.0,0.7101,22,0.2355,3.25,0.182,1.0,603
GIG_2076,food_delivery,mumbai,scooter,44397.98,0.3102,0.0492,0.01258,0.2691,0.4945,82.0,0.5,19,0.1754,2.99,0.413,1.0,599
GIG_2077,food_delivery,bengaluru,bike,21058.09,0.2298,-0.015,-0.00455,0.1993,0.2899,,0.748,33,0.2794,3.05,-0.068,0.6667,525
GIG_2078,home_services,bengaluru,none,42736.99,0.3604,0.13105,0.00239,0.2379,0.7385,98.0,,11,0.2079,2.52,-0.118,0.6667,526
GIG_2079,food_delivery,pune,bike,31791.21,0.3143,0.0512,0.00312,0.2852,0.2976,90.0,0.7486,11,0.2453,2.73,0.128,1.0,568
GIG_2080,ride_hailing,pune,car,21662.03,0.2981,0.0483,-0.00359,0.088,0.346,79.0,0.8093,26,0.1904,2.6,-0.038,1.0,370
GIG_2081,ride_hailing,hyderabad,scooter,49131.13,0.1885,-0.0419,-0.00162,0.3272,0.3532,106.0,0.7531,26,0.2653,3.12,-0.124,1.0,573
GIG_2082,food_delivery,pune,bike,12343.75,0.2301,-0.033,0.00334,0.5054,0.9125,73.0,0.6372,22,0.269,3.45,0.148,1.0,632
GIG_2083,ride_hailing,pune,car,28025.15,0.1875,-0.0623,0.00139,0.5577,0.7145,116.0,0.9437,30,0.3088,4.31,0.049,1.0,672
GIG_2084,courier,mumbai,bike,19767.49,0.2172,-0.0013,-0.00101,0.1677,0.8179,,0.7903,16,0.2032,2.74,-0.001,0.6667,479
GIG_2085,home_services,pune,none,51272.58,0.2583,0.0223,0.00082,0.2722,0.2929,120.0,0.9278,24,0.2307,3.07,0.077,1.0,520
GIG_2086,home_services,delhi,none,19120.93,0.1303,-0.1113,-0.0007,0.5789,0.8546,81.0,,30,0.2661,3.91,0.004,0.6667,687
GIG_2087,ride_hailing,bengaluru,car,12520.39,0.1872,-0.0693,0.00385,0.3876,0.6034,111.0,,31,0.3186,4.09,0.08,0.6667,609
GIG_2088,courier,delhi,scooter,39515.39,0.2444,-0.00705,-0.00109,0.3554,1.0417,110.0,,37,0.3084,3.78,0.006,0.6667,618
GIG_2089,food_delivery,delhi,bike,15100.69,0.3846,0.12305,-0.01856,0.1581,0.7279,85.0,0.5424,29,0.2332,,,0.6667,300
GIG_2090,food_delivery,hyderabad,bike,42674.13,0.2434,-0.0271,0.00977,0.6326,0.7591,121.0,0.5871,34,0.262,3.85,0.33,1.0,684
GIG_2091,food_delivery,bengaluru,bike,37380.22,0.3054,0.0606,-0.00572,0.388,0.5657,88.0,,13,0.1882,3.17,-0.39,0.6667,574
GIG_2092,food_delivery,pune,scooter,20945.41,0.2869,0.0243,0.00262,0.2938,0.8947,103.0,0.899,30,0.2833,3.69,-0.019,1.0,699
GIG_2093,food_delivery,pune,scooter,42379.55,0.3088,0.0462,-0.01104,0.2492,0.8196,97.0,0.6789,18,0.1939,2.9,-0.485,1.0,311
GIG_2094,ride_hailing,hyderabad,car,38894.98,0.281,0.0408,0.01212,0.3094,0.2899,102.0,,27,0.2794,3.56,0.498,0.6667,718
GIG_2095,ride_hailing,mumbai,car,46592.31,0.1735,-0.0785,-0.00205,0.5862,0.7355,137.0,0.7694,34,0.321,4.46,-0.016,1.0,649
GIG_2096,courier,delhi,bike,18260.32,0.3247,0.0627,0.00833,0.1482,1.1607,86.0,,23,0.2468,3.42,0.303,0.6667,676
GIG_2097,food_delivery,mumbai,scooter,44993.61,0.3042,0.0432,0.01597,0.2267,0.3411,117.0,,25,0.2612,3.37,0.617,0.6667,738
GIG_2098,food_delivery,delhi,bike,40005.22,0.1953,-0.06625,-0.00385,0.4854,0.6084,126.0,0.7542,36,0.3147,3.26,-0.068,1.0,622
GIG_2099,ride_hailing,pune,car,25860.0,0.2225,-0.0273,-0.01172,0.6835,0.4322,87.0,0.7528,27,0.2539,3.77,-0.519,1.0,504
GIG_2100,food_delivery,pune,bike,38063.5,0.2346,-0.0285,-0.00045,0.334,0.7165,94.0,0.9423,24,0.2226,3.51,-0.088,1.0,538
GIG_2101,food_delivery,mumbai,bike,19407.5,0.2013,-0.0508,0.00121,0.4355,0.5625,85.0,0.7641,27,0.2112,3.61,0.036,1.0,610
GIG_2102,courier,hyderabad,scooter,40791.71,0.1759,-0.05895,0.00587,0.6318,0.9101,110.0,0.8111,18,0.2638,,,0.6667,710
GIG_2103,ride_hailing,mumbai,car,30301.5,0.1568,-0.0952,0.00373,0.5688,0.5251,110.0,1.0,26,0.2757,3.89,0.099,1.0,698
GIG_2104,courier,delhi,bike,45479.03,0.2087,-0.0533,0.00237,0.4028,0.8556,127.0,0.8738,37,0.3047,4.22,-0.088,1.0,600
GIG_2105,courier,hyderabad,scooter,50589.8,0.2223,-0.01255,-0.00133,0.3285,0.6012,120.0,0.6467,34,0.2726,3.05,-0.093,1.0,483
GIG_2106,ride_hailing,hyderabad,car,28673.94,0.2956,0.0554,0.00248,0.2202,0.5221,101.0,0.5868,22,0.2391,3.25,0.114,1.0,482
GIG_2107,courier,mumbai,bike,43433.63,0.1958,-0.0227,0.00207,0.2913,0.5368,94.0,0.8902,19,0.1897,3.42,0.22,1.0,599
GIG_2108,courier,delhi,scooter,51740.8,0.2533,0.00185,0.00948,0.5308,1.1245,98.0,0.8129,15,0.2517,3.8,0.195,1.0,693
GIG_2109,food_delivery,bengaluru,scooter,53745.33,0.2726,0.0098,-0.00924,0.2313,0.6964,126.0,,20,0.2471,4.07,-0.206,0.6667,504
GIG_2110,food_delivery,pune,bike,50690.32,0.2482,-0.0149,0.00237,0.3525,0.7468,123.0,0.5215,40,0.2722,3.57,0.087,1.0,596
GIG_2111,home_services,hyderabad,none,19906.24,0.1988,-0.0377,0.0099,0.4541,0.4707,84.0,0.5349,24,0.2294,3.47,0.529,1.0,831
GIG_2112,courier,delhi,bike,29523.24,0.1577,-0.1043,0.00345,0.5321,0.5548,,0.8801,28,0.3038,4.4,-0.034,0.6667,601
GIG_2113,courier,mumbai,bike,38068.95,0.2047,-0.0138,0.00179,0.201,0.479,107.0,,25,0.2534,3.45,0.193,0.6667,549
GIG_2114,home_services,hyderabad,none,39810.88,0.2328,-0.0037,-0.0024,0.2772,0.9426,,0.6581,8,0.1022,2.31,-0.123,0.6667,454
GIG_2115,courier,hyderabad,scooter,17272.78,0.2111,-0.02375,-0.00465,0.3404,0.479,76.0,0.5,37,0.2663,3.77,-0.294,1.0,611
GIG_2116,ride_hailing,hyderabad,car,40170.35,0.3504,0.1102,-0.01848,0.3789,0.7554,111.0,0.535,17,0.1949,3.38,-0.549,1.0,382
GIG_2117,courier,mumbai,scooter,34905.32,0.1794,-0.0539,-0.0018,0.3244,0.4583,77.0,,13,0.1855,3.37,0.193,0.6667,544
GIG_2118,courier,pune,bike,10654.37,0.3673,0.1347,0.01566,0.1554,0.6899,60.0,0.6245,7,0.143,2.56,0.454,1.0,503
GIG_2119,ride_hailing,delhi,car,48432.86,0.2845,0.0443,-0.00959,0.1003,0.7367,114.0,0.6573,21,0.2243,2.97,-0.294,1.0,322
GIG_2120,food_delivery,bengaluru,scooter,40321.41,0.2894,0.0266,0.00984,0.3726,0.3818,93.0,0.6957,13,0.1637,3.28,0.493,1.0,573
GIG_2121,ride_hailing,pune,car,35160.62,0.1951,-0.0547,0.00484,0.4172,0.7401,120.0,0.9339,31,0.3321,4.4,0.256,1.0,745
GIG_2122,food_delivery,pune,scooter,37226.39,0.205,-0.0576,-0.00309,0.3522,0.8402,115.0,0.7272,35,0.3035,4.01,-0.073,1.0,525
GIG_2123,ride_hailing,hyderabad,car,21182.35,0.3095,0.0693,-0.00024,0.2219,0.7511,83.0,0.9345,21,0.2231,3.77,0.097,1.0,525
GIG_2124,food_delivery,delhi,scooter,22012.34,0.1687,-0.0989,-0.0002,0.683,0.5159,,0.9723,22,0.2648,3.29,-0.235,0.6667,672
GIG_2125,courier,mumbai,bike,30690.78,0.1493,-0.0692,-0.00014,0.5322,0.8254,111.0,0.6473,28,0.3159,3.96,0.041,1.0,699
GIG_2126,courier,hyderabad,bike,24284.93,0.1997,-0.0391,0.00042,0.4593,0.5161,,0.8035,19,0.2026,3.54,0.067,0.6667,510
GIG_2127,courier,bengaluru,car,43362.7,0.4233,0.1773,-0.02077,0.1822,1.2681,117.0,0.6704,30,0.2486,3.01,-0.33,1.0,327
GIG_2128,courier,hyderabad,scooter,47252.6,0.2364,0.00155,-0.00144,0.3421,1.0449,167.0,0.8811,40,0.3635,3.93,0.038,1.0,634
GIG_2129,ride_hailing,mumbai,car,31432.96,0.2572,0.0052,0.00055,0.3485,0.6159,119.0,,30,0.2952,4.19,-0.079,0.6667,457
GIG_2130,food_delivery,hyderabad,bike,15965.93,0.3384,0.0679,-0.0178,0.387,0.6141,73.0,0.7381,26,0.2201,3.14,-0.331,1.0,438
GIG_2131,ride_hailing,mumbai,car,23904.88,0.3052,0.0532,-0.0028,0.2157,1.043,88.0,0.9932,19,0.2819,3.76,-0.079,1.0,408
GIG_2132,courier,delhi,scooter,20581.44,0.3181,0.06665,-0.01224,0.288,0.372,88.0,0.6369,25,0.2336,3.61,-0.249,1.0,384
GIG_2133,food_delivery,mumbai,bike,44924.66,0.2086,-0.0435,-0.00147,0.3979,0.4135,87.0,0.7499,5,0.1827,3.52,-0.012,1.0,576
GIG_2134,courier,mumbai,scooter,41275.05,0.2647,0.0314,0.00244,0.1089,0.2777,104.0,0.8209,13,0.1612,1.95,0.262,1.0,447
GIG_2135,home_services,pune,car,43356.33,0.2178,-0.0128,0.00926,0.4369,0.7599,113.0,0.6501,25,0.273,4.02,0.512,1.0,620
GIG_2136,food_delivery,delhi,scooter,23239.24,0.4522,0.1846,-0.01179,0.1067,0.8052,72.0,0.7508,21,0.2028,2.78,-0.323,1.0,340
GIG_2137,ride_hailing,pune,bike,53482.98,0.1866,-0.04895,-9e-05,0.4187,0.6642,139.0,0.7918,32,0.3417,4.77,0.154,1.0,718
GIG_2138,food_delivery,delhi,bike,35459.07,0.2514,-0.01015,0.00232,0.2169,0.5397,99.0,0.6524,17,0.2145,2.99,0.104,1.0,600
GIG_2139,home_services,bengaluru,none,51369.36,0.2639,0.03455,-0.00158,0.1454,0.4347,120.0,0.6375,17,0.2115,2.78,0.074,1.0,516
GIG_2140,ride_hailing,pune,car,20626.97,0.2591,0.0093,0.0124,0.5819,0.3508,91.0,,23,0.2995,4.36,0.453,0.6667,767
GIG_2141,food_delivery,delhi,bike,40579.85,0.3665,0.10495,0.01557,0.3296,1.1704,114.0,0.6826,30,0.1831,3.19,0.511,1.0,675
GIG_2142,food_delivery,hyderabad,bike,24694.02,0.2269,-0.0436,0.00454,0.356,0.7644,112.0,0.9996,37,0.3171,3.57,-0.065,1.0,666
GIG_2143,ride_hailing,delhi,car,11635.38,0.2616,0.0214,0.00881,0.3326,0.3144,59.0,0.9145,25,0.2173,3.36,0.19,1.0,712
GIG_2144,courier,hyderabad,scooter,51471.49,0.2493,0.01445,-0.00278,0.3351,0.4425,114.0,0.6206,22,0.2941,3.55,-0.068,1.0,528
GIG_2145,food_delivery,bengaluru,scooter,13091.54,0.3971,0.1343,-0.01572,0.3423,0.8335,110.0,0.8644,41,0.3275,3.94,-0.549,1.0,468
GIG_2146,ride_hailing,hyderabad,car,37118.47,0.377,0.1368,-0.01614,0.3724,0.8099,114.0,0.622,32,0.2764,3.55,-0.482,1.0,364
GIG_2147,food_delivery,hyderabad,bike,52760.85,0.3104,0.0399,0.01437,0.2374,1.2134,123.0,0.642,38,0.239,3.74,0.458,1.0,659
GIG_2148,home_services,mumbai,none,20229.06,0.1609,-0.0789,-0.00221,0.569,0.4077,79.0,0.7416,34,0.3206,4.57,-0.141,1.0,763
GIG_2149,home_services,bengaluru,none,48811.37,0.2248,-0.00455,-0.00067,0.4226,1.0668,129.0,0.7297,30,0.2869,3.79,0.038,1.0,607
GIG_2150,food_delivery,bengaluru,bike,29684.52,0.1985,-0.0463,0.00181,0.5613,0.6009,,0.7536,24,0.2589,3.8,0.016,0.6667,533
GIG_2151,ride_hailing,delhi,car,18993.67,0.2177,-0.0225,0.00128,0.5958,1.1913,97.0,0.7788,22,0.2286,3.83,-0.151,1.0,586
GIG_2152,food_delivery,pune,scooter,49354.2,0.3429,0.0803,-0.01272,0.2056,0.6856,85.0,0.5707,22,0.2243,3.07,-0.407,1.0,354
GIG_2153,food_delivery,pune,scooter,43494.0,0.1859,-0.0767,0.00107,0.5616,0.6587,116.0,0.9393,25,0.3317,4.21,-0.022,1.0,582
GIG_2154,courier,hyderabad,bike,24167.31,0.2326,-0.0062,-0.00577,0.4905,1.0622,112.0,0.8426,36,0.3533,4.91,-0.201,1.0,682
GIG_2155,food_delivery,pune,scooter,13898.75,0.2843,0.0217,0.00111,0.1952,0.7703,74.0,0.6334,20,0.18,2.96,-0.068,1.0,437
GIG_2156,home_services,hyderabad,none,56865.11,0.3217,0.0852,-0.01743,0.2046,0.4618,97.0,,21,0.2028,3.09,-0.608,0.6667,368
GIG_2157,home_services,mumbai,none,35111.41,0.3149,0.0751,0.01349,0.387,0.9512,,0.7523,14,0.2423,2.85,0.415,0.6667,638
GIG_2158,ride_hailing,pune,car,21436.57,0.1788,-0.071,0.00289,0.5569,0.7054,101.0,0.8972,28,0.3045,4.33,0.065,1.0,535
GIG_2159,home_services,hyderabad,bike,36830.33,0.2314,0.0011,0.00096,0.3428,1.4277,114.0,0.6182,30,0.2045,2.74,0.004,1.0,399
GIG_2160,ride_hailing,pune,car,22141.88,0.2445,-0.0053,0.00188,0.4283,0.625,105.0,0.8558,35,0.2866,4.17,0.073,1.0,728
GIG_2161,home_services,delhi,none,51572.67,0.2211,-0.0205,-0.00362,0.1686,0.7473,124.0,0.7117,31,0.2594,4.15,-0.118,1.0,479
GIG_2162,ride_hailing,mumbai,car,29709.81,0.3062,0.0542,-0.00519,0.2639,1.0489,115.0,0.8412,30,0.3262,3.7,-0.111,1.0,537
GIG_2163,ride_hailing,pune,car,51624.28,0.3779,0.1281,-0.01911,0.2416,0.3446,112.0,0.7862,29,0.2669,4.05,-0.359,1.0,323
GIG_2164,home_services,hyderabad,car,11705.25,0.1658,-0.0696,0.00118,0.4879,0.8288,73.0,,31,0.2275,3.32,-0.064,0.6667,554
GIG_2165,food_delivery,delhi,scooter,21977.3,0.3124,0.0448,0.00675,0.2477,0.7027,69.0,0.6487,15,0.1824,2.85,0.052,1.0,518
GIG_2166,food_delivery,mumbai,bike,14840.96,0.2212,-0.0309,-0.00155,0.4019,0.4757,77.0,0.7813,24,0.2044,3.15,0.055,1.0,515
GIG_2167,food_delivery,hyderabad,bike,42480.78,0.2629,-0.0076,-0.01016,0.1861,0.4422,81.0,0.7611,18,0.137,2.59,-0.421,1.0,488
GIG_2168,food_delivery,pune,bike,39726.99,0.1928,-0.0703,0.00297,0.4496,0.2966,109.0,0.6148,32,0.2031,2.56,0.341,1.0,620
GIG_2169,food_delivery,hyderabad,scooter,28331.56,0.2592,-0.00315,0.00068,0.4159,0.4789,126.0,0.7132,28,0.3325,3.92,-0.022,1.0,707
GIG_2170,courier,bengaluru,bike,44536.42,0.2791,0.0377,0.00955,0.4058,0.3833,,,20,0.2121,3.15,0.442,0.3333,648
GIG_2171,home_services,pune,none,11277.24,0.2118,-0.0242,0.00399,0.4834,0.3339,102.0,0.6918,23,0.2805,3.9,0.135,1.0,600
GIG_2172,home_services,bengaluru,car,17599.24,0.329,0.0861,0.01313,0.2341,0.6427,81.0,,24,0.1805,2.84,0.298,0.6667,565
GIG_2173,food_delivery,hyderabad,scooter,30948.12,0.2382,-0.02415,-0.00888,0.2396,0.6709,95.0,0.6531,21,0.2299,3.55,-0.316,1.0,351
GIG_2174,food_delivery,delhi,scooter,35147.96,0.2582,-0.0094,-0.00599,0.2056,0.6083,118.0,0.7371,21,0.1827,2.69,-0.039,1.0,357
GIG_2175,courier,hyderabad,bike,35754.93,0.2834,0.0446,0.01411,0.3199,0.4462,125.0,0.9418,39,0.3684,4.33,0.329,1.0,745
GIG_2176,ride_hailing,delhi,car,33569.98,0.2892,0.049,-0.00244,0.2695,0.5176,103.0,0.69,28,0.2531,3.42,0.056,1.0,389
GIG_2177,home_services,pune,none,49972.36,0.2084,-0.0276,0.00616,0.4033,0.8902,,,16,0.2125,2.93,0.017,0.3333,484
GIG_2178,courier,bengaluru,scooter,13480.41,0.4404,0.2089,-0.02327,0.2381,0.8481,68.0,0.5988,19,0.171,3.04,-0.395,1.0,311
GIG_2179,courier,mumbai,scooter,39103.53,0.22,-0.0133,0.00326,0.3161,0.472,107.0,0.5,38,0.2883,3.31,-0.025,1.0,437
GIG_2180,courier,mumbai,bike,37954.64,0.1922,-0.0263,-0.00079,0.3877,0.5742,,0.6193,17,0.1823,2.77,-0.193,0.6667,496
GIG_2181,ride_hailing,hyderabad,bike,28449.32,0.3072,0.0803,0.00275,0.2693,0.7098,131.0,0.5601,33,0.3204,3.71,0.009,1.0,592
GIG_2182,courier,hyderabad,scooter,24548.02,0.2554,0.02055,-0.00081,0.2553,0.6323,104.0,0.5653,37,0.2392,2.92,-0.114,1.0,363
GIG_2183,food_delivery,hyderabad,bike,53055.33,0.3248,0.0543,-0.01813,0.4667,0.4494,117.0,0.8497,18,0.2063,3.18,-0.537,1.0,398
GIG_2184,food_delivery,delhi,bike,29308.28,0.3251,0.06355,-0.01626,0.4346,0.7743,122.0,0.8175,30,0.2556,3.69,-0.416,1.0,490
GIG_2185,food_delivery,pune,bike,46690.69,0.2068,-0.0563,0.00287,0.3492,0.9138,118.0,0.7209,33,0.2822,4.02,0.06,1.0,632
GIG_2186,ride_hailing,delhi,car,39747.41,0.2976,0.0574,0.01379,0.3701,0.3134,117.0,0.6339,29,0.2698,4.17,0.266,1.0,613
GIG_2187,courier,bengaluru,car,23815.96,0.2826,0.0366,0.01184,0.5319,0.5366,74.0,0.9848,25,0.2389,3.98,0.491,1.0,663
GIG_2188,home_services,pune,none,16397.97,0.3193,0.0833,-0.00081,0.0977,0.4424,98.0,0.5,40,0.3143,3.58,0.21,1.0,500
GIG_2189,ride_hailing,pune,car,10667.69,0.3274,0.0776,0.0068,0.0882,0.5792,65.0,,10,0.1894,2.62,-0.121,0.6667,504
GIG_2190,food_delivery,mumbai,bike,20888.77,0.2484,-0.0037,0.00273,0.2345,0.3632,61.0,0.7713,10,0.17,3.06,0.084,1.0,478
GIG_2191,food_delivery,hyderabad,scooter,44431.81,0.287,0.02465,0.00065,0.2709,0.7802,132.0,0.7529,30,0.3163,3.84,0.026,1.0,610
GIG_2192,food_delivery,delhi,bike,35455.61,0.2657,0.00415,0.01171,0.2817,0.7245,91.0,0.6141,26,0.1636,2.36,0.298,1.0,585
GIG_2193,food_delivery,mumbai,bike,41337.55,0.2746,0.0225,-0.00612,0.3542,0.7935,89.0,,18,0.1762,2.84,-0.329,0.6667,371
GIG_2194,home_services,hyderabad,none,20922.62,0.2718,0.0353,-0.00322,0.2954,1.1165,88.0,0.8674,20,0.2359,3.22,0.092,1.0,622
GIG_2195,courier,delhi,scooter,26599.15,0.3005,0.04905,0.00495,0.2693,0.4529,,0.7018,29,0.2585,2.56,0.288,0.6667,601
GIG_2196,food_delivery,delhi,scooter,24419.74,0.2232,-0.0444,0.00336,0.2849,0.4502,83.0,0.5159,37,0.2336,3.83,0.128,1.0,560
GIG_2197,ride_hailing,pune,car,48834.76,0.2486,-0.0012,0.00094,0.2946,0.4595,116.0,0.902,30,0.2964,3.48,0.031,1.0,647
GIG_2198,courier,delhi,bike,52735.96,0.2391,-0.0229,0.00692,0.3948,0.4718,148.0,,33,0.3074,4.12,-0.065,0.6667,653
GIG_2199,ride_hailing,pune,car,50336.34,0.2335,-0.0163,-0.01098,0.5259,0.8616,137.0,0.9852,38,0.3349,4.47,-0.504,1.0,454
GIG_2200,food_delivery,pune,car,24892.82,0.3233,0.048,-0.01385,0.5931,1.2374,100.0,0.5447,30,0.2854,3.3,-0.633,1.0,509
GIG_2201,ride_hailing,pune,car,22743.61,0.2467,-0.0031,0.01174,0.648,0.3746,73.0,0.6639,28,0.2691,3.44,0.368,1.0,685
GIG_2202,courier,pune,car,19898.12,0.2222,-0.0015,0.00316,0.6288,0.9846,77.0,0.6642,24,0.2537,3.6,0.125,1.0,622
GIG_2203,courier,mumbai,scooter,29175.01,0.3276,0.0943,0.01494,0.213,1.096,124.0,0.7193,34,0.3174,3.11,0.608,1.0,685
GIG_2204,home_services,pune,none,28732.59,0.1723,-0.0637,-0.00232,0.3355,0.505,116.0,0.8275,35,0.3075,3.93,-0.271,1.0,549
GIG_2205,food_delivery,pune,scooter,43292.47,0.2079,-0.0547,0.00284,0.4944,0.4919,94.0,0.5,17,0.209,3.17,0.107,1.0,550
GIG_2206,ride_hailing,mumbai,car,35720.81,0.2937,0.0417,0.00994,0.3724,0.9968,114.0,0.6412,35,0.2764,3.8,0.177,1.0,646
GIG_2207,food_delivery,pune,scooter,29069.2,0.3032,0.0406,0.00213,0.2345,0.7073,102.0,0.5785,35,0.2485,3.25,0.057,1.0,500
GIG_2208,food_delivery,mumbai,scooter,46638.6,0.4293,0.1683,-0.0179,0.2851,1.0818,83.0,0.5,14,0.1859,3.36,-0.208,1.0,388
GIG_2209,ride_hailing,hyderabad,car,21195.0,0.2642,0.024,-0.01559,0.4074,0.8192,89.0,0.77,25,0.2813,3.36,-0.444,1.0,541
GIG_2210,food_delivery,pune,bike,29468.8,0.3053,0.0422,-0.01255,0.4288,0.7995,102.0,0.7569,20,0.2475,3.39,-0.407,1.0,526
GIG_2211,food_delivery,hyderabad,bike,37967.72,0.1717,-0.0988,0.00541,0.6146,0.6694,110.0,0.6313,32,0.2624,3.49,0.313,1.0,612
GIG_2212,courier,hyderabad,scooter,51092.66,0.3399,0.10505,0.00249,0.1902,0.5706,,0.8448,16,0.2286,2.69,-0.084,0.6667,311
GIG_2213,ride_hailing,pune,car,34993.57,0.2814,0.0316,-0.00055,0.3166,0.7833,98.0,0.7596,19,0.2251,,,0.6667,516
GIG_2214,ride_hailing,bengaluru,bike,46213.96,0.2695,0.01325,-0.00537,0.2565,0.5748,129.0,0.5938,22,0.2436,3.69,-0.159,1.0,416
GIG_2215,food_delivery,bengaluru,bike,39969.7,0.2216,-0.0232,0.00191,0.4458,0.816,97.0,0.8037,20,0.1754,2.98,0.032,1.0,609
GIG_2216,ride_hailing,mumbai,car,52908.0,0.3441,0.0921,0.01224,0.2659,0.5034,118.0,0.7431,28,0.2687,3.18,0.646,1.0,563
GIG_2217,ride_hailing,mumbai,car,50980.42,0.2553,0.0033,0.0019,0.4831,0.3692,91.0,0.6839,26,0.2345,3.17,0.134,1.0,620
GIG_2218,ride_hailing,bengaluru,car,18960.5,0.1708,-0.0857,0.00239,0.6335,0.825,92.0,0.7932,25,0.271,4.33,0.158,1.0,685
GIG_2219,courier,delhi,car,43956.39,0.17,-0.05545,-0.0029,0.5794,0.7745,94.0,0.8615,26,0.2283,3.76,0.108,1.0,633
GIG_2220,ride_hailing,pune,scooter,24468.05,0.2348,-0.0148,0.00213,0.2401,0.4111,94.0,0.7527,20,0.2388,3.1,-0.19,1.0,637
GIG_2221,food_delivery,delhi,bike,25719.04,0.2616,5e-05,0.00171,0.4032,0.646,,0.6905,37,0.3213,4.45,-0.115,0.6667,789
GIG_2222,food_delivery,bengaluru,bike,55198.68,0.2297,-0.0151,-1e-05,0.337,0.3994,96.0,0.7548,21,0.1718,2.95,-0.199,1.0,564
GIG_2223,courier,delhi,bike,16496.69,0.1549,-0.1071,-0.0001,0.622,0.9442,121.0,0.7752,37,0.3891,4.34,-0.001,1.0,759
GIG_2224,home_services,delhi,none,48908.57,0.2701,0.0285,-0.00504,0.3208,0.7844,111.0,0.75,38,0.2658,3.22,-0.212,1.0,430
GIG_2225,home_services,hyderabad,none,35276.52,0.2019,-0.0346,0.00053,0.4414,0.8744,,0.8694,33,0.2727,3.04,-0.117,0.6667,686
GIG_2226,ride_hailing,bengaluru,car,50207.74,0.2943,0.0378,-0.01007,0.266,1.0158,121.0,,22,0.2297,,,0.3333,364
GIG_2227,home_services,pune,none,42305.68,0.1448,-0.0912,0.00037,0.5519,0.5846,126.0,0.9014,27,0.3184,3.7,0.13,1.0,675
GIG_2228,ride_hailing,bengaluru,car,14142.23,0.2727,0.0162,-0.00145,0.388,0.6003,118.0,0.7311,36,0.3306,3.98,-0.246,1.0,502
GIG_2229,ride_hailing,mumbai,bike,17263.16,0.3684,0.11405,0.00058,0.159,0.8273,83.0,0.7283,15,0.2077,3.33,-0.055,1.0,423
GIG_2230,ride_hailing,hyderabad,car,45407.78,0.1537,-0.0865,-0.00057,0.5738,0.8679,115.0,0.7193,25,0.2868,3.68,0.075,1.0,670
GIG_2231,courier,mumbai,bike,40081.05,0.3095,0.091,-0.00075,0.1414,0.6866,126.0,,32,0.3188,4.33,-0.038,0.6667,446
GIG_2232,courier,mumbai,bike,49771.75,0.1868,-0.0317,-0.00094,0.4088,0.3998,125.0,0.6708,28,0.2496,3.82,0.11,1.0,716
GIG_2233,courier,pune,scooter,30099.41,0.155,-0.07635,-0.00094,0.4951,0.7916,90.0,0.7955,22,0.223,4.38,0.024,1.0,610
GIG_2234,ride_hailing,bengaluru,car,20595.64,0.2226,-0.0339,0.00039,0.3376,0.5483,80.0,0.9213,25,0.225,3.69,0.041,1.0,518
GIG_2235,ride_hailing,bengaluru,car,21559.14,0.1778,-0.0787,0.0003,0.4957,0.5964,98.0,0.8314,32,0.3147,4.0,0.075,1.0,748
GIG_2236,ride_hailing,bengaluru,scooter,48650.59,0.1878,-0.034,-0.00031,0.3301,0.5368,93.0,0.5832,22,0.1285,,,0.6667,536
GIG_2237,food_delivery,hyderabad,scooter,14795.48,0.2813,0.01895,3e-05,0.2587,0.8812,70.0,0.7658,13,0.2129,2.83,0.21,1.0,590
GIG_2238,ride_hailing,bengaluru,car,53880.98,0.3168,0.0603,-0.01837,0.2226,0.5009,109.0,0.506,26,0.2436,2.99,-0.53,1.0,371
GIG_2239,food_delivery,delhi,scooter,34024.08,0.3379,0.0703,0.00314,0.2258,0.9494,103.0,0.6941,32,0.2836,3.53,0.035,1.0,592
GIG_2240,home_services,mumbai,car,37725.08,0.1596,-0.0689,-0.00095,0.535,0.7153,62.0,0.6895,5,0.1492,2.71,0.047,1.0,493
GIG_2241,food_delivery,mumbai,bike,15704.55,0.294,0.0419,-0.01457,0.2574,0.5009,77.0,0.5448,23,0.2218,2.23,-0.521,1.0,300
GIG_2242,food_delivery,hyderabad,bike,49815.68,0.3142,0.0437,0.01617,0.4342,0.3881,131.0,0.5954,40,0.265,3.87,0.614,1.0,739
GIG_2243,food_delivery,bengaluru,bike,45561.49,0.3267,0.0819,0.01605,0.434,1.1636,90.0,0.5624,12,0.1919,3.38,0.608,1.0,608
GIG_2244,home_services,delhi,none,44376.89,0.1454,-0.0962,0.00209,0.4543,0.6603,117.0,0.6548,37,0.2201,3.43,0.013,1.0,575
GIG_2245,courier,hyderabad,car,38965.06,0.202,-0.0295,0.00769,0.6245,0.8127,89.0,0.7139,5,0.1694,3.33,0.495,1.0,598
GIG_2246,food_delivery,mumbai,scooter,23642.18,0.3595,0.0985,-0.01676,0.2812,0.5653,98.0,0.6887,33,0.2297,3.03,-0.603,1.0,337
GIG_2247,food_delivery,hyderabad,bike,13228.08,0.2764,0.0059,-0.00941,0.3118,0.8042,85.0,0.9237,23,0.2901,3.33,-0.147,1.0,483
GIG_2248,ride_hailing,delhi,car,15115.63,0.266,0.0258,0.01435,0.544,0.4108,66.0,0.7997,18,0.2054,3.1,0.377,1.0,770
GIG_2249,ride_hailing,hyderabad,scooter,14581.57,0.2874,0.057,0.00632,0.1453,0.545,85.0,0.9046,28,0.2632,3.45,0.348,1.0,539
GIG_2250,food_delivery,delhi,bike,32451.94,0.2067,-0.05485,0.00258,0.6413,0.5006,126.0,0.7498,36,0.3649,4.44,-0.016,1.0,794
GIG_2251,home_services,pune,none,23872.01,0.1946,-0.0414,-0.00189,0.5031,0.8889,73.0,0.609,19,0.2135,3.14,0.076,1.0,574
GIG_2252,ride_hailing,pune,car,13601.99,0.267,0.0172,0.01097,0.3765,0.4629,87.0,0.943,34,0.2713,3.86,0.549,1.0,688
GIG_2253,home_services,bengaluru,car,46660.37,0.1314,-0.1115,-2e-05,0.6591,0.3196,116.0,0.841,34,0.3081,3.85,0.027,1.0,720
GIG_2254,ride_hailing,hyderabad,car,20439.67,0.191,-0.0492,0.00018,0.3348,0.9633,88.0,0.8938,28,0.258,3.66,0.021,1.0,597
GIG_2255,home_services,hyderabad,car,48462.49,0.2145,-0.0209,0.0002,0.3023,0.4358,132.0,0.5838,29,0.3099,3.56,-0.116,1.0,535
GIG_2256,food_delivery,bengaluru,bike,54050.89,0.2198,-0.025,0.001,0.3264,0.5147,149.0,0.8061,24,0.2297,3.61,0.045,1.0,549
GIG_2257,home_services,hyderabad,none,13707.49,0.2408,0.0043,-0.00251,0.3041,0.6418,111.0,,35,0.2913,,,0.3333,481
GIG_2258,food_delivery,pune,scooter,25938.45,0.3303,0.0677,-0.01264,0.3552,0.4755,89.0,0.8756,34,0.2857,3.74,-0.61,1.0,408
GIG_2259,ride_hailing,delhi,bike,13759.06,0.2024,-0.0399,0.00957,0.6376,0.8713,71.0,0.835,25,0.2754,3.42,0.213,1.0,654
GIG_2260,ride_hailing,pune,car,24631.62,0.2232,-0.0266,0.00254,0.4491,0.6709,54.0,,25,0.1564,2.89,0.165,0.6667,567
GIG_2261,courier,bengaluru,car,47721.27,0.246,0.0,0.01375,0.5601,0.4427,,,39,0.2018,3.73,0.589,0.3333,846
GIG_2262,food_delivery,pune,scooter,51341.33,0.2557,-0.0069,-0.00237,0.2769,0.4727,,0.876,30,0.2932,4.06,-0.182,0.6667,523
GIG_2263,ride_hailing,delhi,car,18520.8,0.242,0.0018,-0.00975,0.231,0.5842,78.0,,13,0.1908,3.19,-0.198,0.6667,396
GIG_2264,courier,mumbai,bike,23339.12,0.2455,0.027,-0.00821,0.1244,0.8151,,,19,0.2239,,,0.0,478
GIG_2265,food_delivery,bengaluru,scooter,51017.55,0.3416,0.0788,-0.01895,0.5367,0.9125,115.0,0.8407,27,0.2526,3.69,-0.604,1.0,661
GIG_2266,food_delivery,pune,scooter,16480.46,0.1948,-0.0678,-0.00076,0.5719,0.9345,,0.7457,17,0.2756,3.43,0.006,0.6667,531
GIG_2267,ride_hailing,hyderabad,car,31495.99,0.275,0.0348,0.0014,0.1601,0.7074,104.0,0.8095,36,0.3306,3.46,0.043,1.0,601
GIG_2268,food_delivery,hyderabad,bike,49106.72,0.2137,-0.0568,-0.00618,0.6289,0.3399,104.0,0.5,17,0.1968,3.56,-0.462,1.0,630
GIG_2269,home_services,pune,car,22492.98,0.2817,0.0511,0.00934,0.3051,1.0771,105.0,0.8353,32,0.2656,,,0.6667,677
GIG_2270,courier,mumbai,scooter,53997.65,0.2613,0.028,0.01027,0.4169,0.4979,88.0,0.5966,19,0.1749,3.3,0.445,1.0,809
GIG_2271,home_services,hyderabad,car,32738.93,0.1981,-0.0373,0.01044,0.6217,0.5129,117.0,0.7973,32,0.2935,3.38,0.362,1.0,859
GIG_2272,food_delivery,mumbai,scooter,52000.62,0.2553,-0.0057,-0.00698,0.3951,0.7837,97.0,,25,0.2119,3.34,-0.28,0.6667,588
GIG_2273,ride_hailing,hyderabad,car,46962.8,0.2452,0.005,-0.01316,0.2895,0.5561,122.0,0.6862,26,0.2641,3.13,-0.449,1.0,353
GIG_2274,ride_hailing,pune,car,22024.07,0.2243,-0.0255,-0.00072,0.3321,0.9359,119.0,0.5,46,0.2731,3.96,-0.044,1.0,493
GIG_2275,courier,hyderabad,bike,40122.31,0.2957,0.0569,0.0101,0.2674,1.195,141.0,0.757,35,0.3394,3.79,0.315,1.0,663
GIG_2276,ride_hailing,bengaluru,car,10997.58,0.2058,-0.0507,-0.00484,0.4186,0.5245,94.0,,28,0.2519,4.4,-0.089,0.6667,585
GIG_2277,ride_hailing,mumbai,car,44296.22,0.1656,-0.0864,0.00216,0.5555,0.4394,72.0,0.6578,13,0.1945,3.38,-0.009,1.0,707
GIG_2278,food_delivery,bengaluru,bike,14537.17,0.2791,0.0343,-0.00367,0.3736,1.0985,84.0,0.6921,30,0.3281,3.2,0.035,1.0,637
GIG_2279,ride_hailing,hyderabad,scooter,53845.51,0.2522,0.0218,-0.01325,0.2742,0.3256,82.0,0.5602,12,0.1556,2.2,-0.232,1.0,403
GIG_2280,home_services,bengaluru,none,47920.55,0.2779,0.04855,-0.01409,0.4042,0.7836,132.0,0.6604,42,0.2743,4.61,-0.497,1.0,528
GIG_2281,ride_hailing,hyderabad,car,49431.21,0.3323,0.0921,0.01385,0.1799,1.0121,133.0,0.8086,36,0.3466,3.53,0.332,1.0,733
GIG_2282,ride_hailing,bengaluru,car,19894.31,0.2292,-0.0273,0.00659,0.6063,0.9851,109.0,0.7372,44,0.3175,4.35,0.365,1.0,796
GIG_2283,home_services,pune,bike,42166.11,0.1878,-0.0467,-0.00021,0.5141,1.3883,142.0,0.9437,29,0.3758,,,0.6667,618
GIG_2284,food_delivery,pune,bike,32110.09,0.1698,-0.0933,-0.00033,0.5529,0.7337,89.0,,14,0.259,3.48,0.147,0.6667,664
GIG_2285,home_services,bengaluru,none,39796.36,0.2371,0.00775,0.01347,0.5366,0.701,93.0,0.6334,25,0.2616,3.33,0.349,1.0,715
GIG_2286,food_delivery,pune,bike,31547.23,0.1977,-0.0654,0.00127,0.4934,0.925,83.0,,17,0.2286,,,0.3333,637
GIG_2287,home_services,mumbai,none,27805.1,0.1298,-0.11,0.00118,0.6186,0.5246,111.0,,27,0.2608,3.8,-0.035,0.6667,617
GIG_2288,food_delivery,delhi,bike,14256.79,0.2615,-5e-05,-0.01091,0.1914,0.5216,123.0,,30,0.2829,3.61,-0.494,0.6667,498
GIG_2289,courier,pune,scooter,44107.4,0.1483,-0.08305,0.00378,0.6192,0.3998,134.0,0.72,39,0.2632,3.75,0.322,1.0,662
GIG_2290,food_delivery,delhi,scooter,26290.19,0.2569,-0.0107,0.01114,0.4644,0.4953,76.0,0.5655,22,0.213,3.4,0.373,1.0,663
GIG_2291,ride_hailing,bengaluru,car,35390.47,0.1816,-0.0749,-0.00155,0.4155,0.5251,91.0,,9,0.2003,2.52,-0.068,0.6667,479
GIG_2292,food_delivery,delhi,bike,13931.83,0.2578,-0.00375,0.00337,0.2248,0.6901,81.0,0.7103,28,0.2148,3.24,0.122,1.0,545
GIG_2293,food_delivery,pune,bike,50555.84,0.3115,0.0484,0.01702,0.36,0.4629,111.0,0.6247,22,0.2443,3.03,0.446,1.0,665
GIG_2294,home_services,pune,none,27261.48,0.1538,-0.0822,0.00469,0.6197,0.7386,102.0,0.8811,24,0.3002,4.03,0.241,1.0,569
GIG_2295,courier,hyderabad,bike,24071.36,0.146,-0.0928,-0.00249,0.3105,0.5511,86.0,0.8523,9,0.1953,3.29,0.12,1.0,548
GIG_2296,home_services,bengaluru,bike,48909.7,0.1934,-0.0419,0.00673,0.5593,0.4978,100.0,0.6481,23,0.1687,3.33,0.348,1.0,729
GIG_2297,food_delivery,mumbai,bike,21531.41,0.2659,0.0138,0.01067,0.4576,0.6345,110.0,0.7968,30,0.3204,3.5,0.317,1.0,759
GIG_2298,ride_hailing,mumbai,car,44509.28,0.3445,0.0925,-0.01999,0.5879,0.7809,,0.9924,16,0.239,3.9,-0.291,0.6667,468
GIG_2299,food_delivery,hyderabad,scooter,46355.32,0.2645,0.00215,-0.00228,0.4707,0.4546,117.0,0.8672,34,0.3111,4.0,-0.152,1.0,614
GIG_2300,home_services,bengaluru,car,47986.49,0.3198,0.0769,0.00033,0.1068,0.8342,109.0,0.5373,27,0.205,2.44,-0.013,1.0,300
GIG_2301,food_delivery,hyderabad,scooter,17283.06,0.3009,0.03855,0.00554,0.2307,0.9723,93.0,0.8316,22,0.2511,3.77,0.234,1.0,684
GIG_2302,courier,delhi,scooter,34216.24,0.4046,0.15315,-0.02136,0.2633,0.8307,135.0,0.7778,36,0.366,4.43,-0.468,1.0,436
GIG_2303,food_delivery,pune,bike,45718.29,0.2496,-0.0135,0.00058,0.3073,0.7098,106.0,0.7053,21,0.242,2.9,-0.162,1.0,531
GIG_2304,food_delivery,mumbai,scooter,31047.97,0.3323,0.0713,0.0019,0.2254,0.6452,101.0,,31,0.2023,3.37,-0.004,0.6667,461
GIG_2305,ride_hailing,pune,bike,13167.25,0.2213,-0.01425,0.00304,0.4434,0.3393,90.0,0.7393,34,0.2552,3.59,0.17,1.0,648
GIG_2306,food_delivery,hyderabad,bike,20606.43,0.3548,0.0843,0.01659,0.3872,0.3639,102.0,0.6516,27,0.2924,3.49,0.48,1.0,714
GIG_2307,food_delivery,mumbai,scooter,29754.2,0.2117,-0.0493,0.00624,0.587,0.5901,91.0,0.9426,21,0.2772,3.82,0.319,1.0,743
GIG_2308,courier,hyderabad,car,40798.85,0.2813,0.0498,-0.01565,0.653,0.4001,124.0,,27,0.2934,4.14,-0.535,0.6667,630
GIG_2309,food_delivery,delhi,scooter,20300.67,0.2796,0.012,0.01359,0.4596,1.3319,63.0,0.8224,7,0.2069,3.01,0.376,1.0,789
GIG_2310,ride_hailing,hyderabad,car,21854.09,0.2019,-0.0383,-0.00284,0.5297,0.3922,68.0,0.6865,25,0.2147,2.89,-0.028,1.0,726
GIG_2311,courier,bengaluru,bike,33828.2,0.1555,-0.0859,0.00263,0.4599,0.7221,114.0,0.7254,30,0.2573,3.96,0.08,1.0,624
GIG_2312,food_delivery,mumbai,bike,47021.04,0.2765,0.0244,0.01104,0.4324,0.6218,,0.9284,42,0.3799,4.45,0.437,0.6667,733
GIG_2313,food_delivery,hyderabad,scooter,25672.09,0.3602,0.09785,0.01426,0.1745,0.9163,121.0,0.716,37,0.3147,3.24,0.426,1.0,602
GIG_2314,courier,hyderabad,scooter,37534.58,0.2624,0.02755,0.00835,0.2697,1.0843,115.0,0.779,34,0.319,3.65,0.51,1.0,726
GIG_2315,courier,delhi,scooter,47849.72,0.2932,0.04175,-0.00308,0.3227,0.6089,127.0,,24,0.2634,3.47,0.131,0.6667,482
GIG_2316,ride_hailing,pune,car,54029.26,0.1975,-0.0523,0.00325,0.3635,0.5138,118.0,0.8893,19,0.2618,3.46,0.221,1.0,571
GIG_2317,home_services,hyderabad,none,16749.7,0.3733,0.1368,-0.00038,0.2201,0.6601,106.0,0.8315,34,0.3211,4.04,0.053,1.0,531
GIG_2318,food_delivery,bengaluru,scooter,21381.28,0.3749,0.1121,-0.01843,0.4364,0.6676,69.0,0.6929,9,0.1941,2.95,-0.608,1.0,347
GIG_2319,food_delivery,hyderabad,scooter,15895.86,0.3894,0.12705,-0.02082,0.1241,0.4851,83.0,0.7884,20,0.2595,3.67,-0.455,1.0,362
GIG_2320,food_delivery,delhi,bike,12342.13,0.2238,-0.03775,-0.00764,0.5318,1.0039,64.0,0.641,17,0.2347,3.15,-0.243,1.0,550
GIG_2321,courier,mumbai,bike,25945.33,0.3586,0.1401,0.01591,0.166,0.2677,90.0,0.7398,22,0.2453,2.81,0.538,1.0,732
GIG_2322,food_delivery,delhi,scooter,39547.3,0.268,0.0004,-0.01175,0.3538,0.4196,106.0,1.0,23,0.316,,,0.6667,300
GIG_2323,ride_hailing,delhi,car,29322.75,0.2019,-0.0383,0.00755,0.5293,0.841,115.0,0.6763,33,0.2817,3.43,0.348,1.0,715
GIG_2324,food_delivery,pune,bike,52011.49,0.2455,-0.0176,-0.00115,0.4002,0.7019,156.0,0.6889,46,0.3204,3.68,-0.123,1.0,582
GIG_2325,courier,hyderabad,scooter,17139.95,0.2259,-0.00895,-0.00314,0.3011,1.0892,,0.8404,18,0.2539,3.61,-0.033,0.6667,554
GIG_2326,home_services,delhi,none,28890.95,0.1421,-0.0995,-0.00207,0.602,0.3486,96.0,0.8076,19,0.287,4.15,-0.138,1.0,744
GIG_2327,food_delivery,bengaluru,bike,47690.83,0.2836,0.0388,-0.00858,0.1798,0.4787,105.0,,18,0.1826,2.35,-0.23,0.6667,356
GIG_2328,food_delivery,hyderabad,scooter,46334.59,0.2162,-0.04615,-0.00222,0.4158,0.5732,118.0,0.8085,28,0.2089,3.72,-0.089,1.0,604
GIG_2329,ride_hailing,pune,car,40017.64,0.1804,-0.0694,0.00501,0.461,0.5217,123.0,0.5162,34,0.2817,3.42,-0.094,1.0,611
GIG_2330,courier,bengaluru,bike,40579.9,0.1494,-0.092,0.00182,0.425,0.591,119.0,0.7209,23,0.2695,3.55,0.022,1.0,567
GIG_2331,courier,hyderabad,scooter,38455.82,0.23,-0.00485,0.0109,0.4188,0.504,90.0,,13,0.2151,2.83,0.511,0.6667,663
GIG_2332,ride_hailing,pune,car,40673.32,0.1986,-0.0512,-0.00677,0.4792,0.2633,140.0,0.7033,42,0.2522,3.92,-0.205,1.0,544
GIG_2333,food_delivery,pune,scooter,27224.63,0.233,-0.0296,-0.00428,0.4327,0.4915,72.0,0.7844,12,0.1876,,,0.6667,421
GIG_2334,food_delivery,hyderabad,bike,43060.12,0.2049,-0.0656,-0.00086,0.4394,0.7051,84.0,,21,0.1759,3.07,0.01,0.6667,505
GIG_2335,ride_hailing,delhi,car,55069.09,0.2079,-0.0323,0.00295,0.2379,0.3727,,0.6918,40,0.2742,3.63,0.113,0.6667,505
GIG_2336,food_delivery,bengaluru,scooter,34131.7,0.2302,-0.0326,0.007,0.4061,0.9768,123.0,0.6865,30,0.2858,4.0,0.255,1.0,680
GIG_2337,food_delivery,bengaluru,scooter,42377.95,0.2191,-0.0437,0.00158,0.2629,0.4615,92.0,0.6942,19,0.1859,3.16,-0.047,1.0,479
GIG_2338,ride_hailing,mumbai,car,24961.46,0.2726,0.0206,0.01202,0.5587,0.6757,65.0,0.5214,24,0.1899,3.06,0.574,1.0,736
GIG_2339,ride_hailing,bengaluru,car,19427.35,0.2404,-0.0161,0.00096,0.4411,0.9272,64.0,0.8677,21,0.2429,3.48,0.129,1.0,472
GIG_2340,ride_hailing,mumbai,car,37992.88,0.2237,-0.0283,-0.00921,0.5117,0.2626,112.0,,26,0.2731,3.28,-0.34,0.6667,628
GIG_2341,food_delivery,mumbai,bike,42905.41,0.2937,0.0416,0.01404,0.5348,0.6298,99.0,0.6611,7,0.184,3.84,0.423,1.0,642
GIG_2342,food_delivery,pune,bike,40821.29,0.4205,0.1574,-0.02211,0.1128,0.5006,101.0,0.6576,30,0.2491,3.74,-0.638,1.0,327
GIG_2343,food_delivery,hyderabad,bike,54411.69,0.2717,0.0012,-0.00917,0.3202,0.2736,122.0,0.6614,17,0.2605,3.98,-0.231,1.0,544
GIG_2344,courier,pune,scooter,26900.98,0.2392,0.00785,0.00151,0.1345,0.3081,101.0,0.6712,31,0.2523,2.96,0.013,1.0,539
GIG_2345,food_delivery,bengaluru,scooter,19748.61,0.2509,-0.0119,-0.0055,0.2744,0.5484,74.0,0.7717,22,0.2052,2.76,0.002,1.0,508
GIG_2346,courier,hyderabad,scooter,18971.18,0.3303,0.09545,-0.01063,0.2112,0.9597,85.0,0.8883,29,0.2487,3.52,-0.425,1.0,300
GIG_2347,home_services,delhi,none,24237.28,0.1852,-0.0564,0.00185,0.1679,0.7781,94.0,,17,0.1987,3.04,0.043,0.6667,556
GIG_2348,ride_hailing,hyderabad,car,12994.37,0.2268,-0.0134,0.00322,0.2211,0.4909,91.0,0.6546,21,0.1953,2.69,-0.043,1.0,467
GIG_2349,food_delivery,pune,scooter,16102.12,0.3439,0.0813,-0.0184,0.3844,0.8741,52.0,0.7059,20,0.1832,3.2,-0.409,1.0,483
GIG_2350,ride_hailing,bengaluru,car,18105.76,0.1946,-0.0619,0.00178,0.3878,0.8911,59.0,0.5534,29,0.2116,3.44,0.058,1.0,628
GIG_2351,ride_hailing,hyderabad,car,53501.15,0.2028,-0.0374,-0.00145,0.1896,0.4885,149.0,0.6581,45,0.3172,3.67,-0.275,1.0,527
GIG_2352,food_delivery,bengaluru,scooter,17677.09,0.3667,0.1039,-0.01912,0.3446,0.6244,54.0,0.6033,17,0.2171,3.16,-0.425,1.0,477
GIG_2353,ride_hailing,delhi,car,46061.18,0.2341,-0.0061,-0.00528,0.4264,0.2983,109.0,0.8789,23,0.219,3.23,-0.252,1.0,373
GIG_2354,ride_hailing,hyderabad,scooter,41193.78,0.3255,0.0951,-0.00688,0.1212,0.6151,94.0,0.8403,16,0.2043,2.63,-0.593,1.0,380
GIG_2355,ride_hailing,bengaluru,car,18018.24,0.1624,-0.0941,0.00067,0.5428,0.5115,92.0,0.8891,35,0.3208,4.14,0.041,1.0,705
GIG_2356,home_services,bengaluru,bike,31023.91,0.3171,0.0818,-0.00997,0.1508,0.7795,70.0,0.5643,12,0.1139,2.24,-0.119,1.0,351
GIG_2357,food_delivery,delhi,scooter,29222.59,0.1955,-0.0721,0.00449,0.451,0.5825,83.0,0.8454,22,0.203,3.69,-0.023,1.0,688
GIG_2358,food_delivery,mumbai,bike,14633.18,0.2664,0.0143,-0.00845,0.2841,0.2792,105.0,,38,0.3763,3.67,-0.275,0.6667,510
GIG_2359,food_delivery,bengaluru,scooter,21934.47,0.3328,0.07,0.01269,0.2505,0.6693,109.0,0.7137,47,0.3082,3.49,0.58,1.0,782
GIG_2360,courier,bengaluru,scooter,29821.06,0.1936,-0.0379,0.00303,0.4657,0.4398,92.0,0.8322,16,0.2276,3.69,0.049,1.0,662
GIG_2361,food_delivery,delhi,scooter,16238.59,0.2778,0.0102,-0.01239,0.219,0.2976,113.0,0.6131,40,0.3054,3.68,-0.511,1.0,556
GIG_2362,food_delivery,bengaluru,bike,42866.93,0.2454,0.0006,0.00214,0.4253,0.2742,83.0,0.567,26,0.2014,3.28,0.18,1.0,593
GIG_2363,food_delivery,delhi,scooter,33691.19,0.2145,-0.0531,-0.00136,0.4728,0.5339,117.0,0.7749,29,0.2496,3.57,-0.158,1.0,683
GIG_2364,food_delivery,mumbai,bike,26057.55,0.2482,-0.0039,-0.00797,0.2468,0.5424,94.0,0.7106,27,0.3023,,,0.6667,478
GIG_2365,food_delivery,mumbai,bike,51261.68,0.2065,-0.0456,-0.00631,0.6118,0.5847,119.0,,15,0.2077,4.02,-0.084,0.6667,424
GIG_2366,ride_hailing,mumbai,car,13256.39,0.2891,0.0371,-0.01558,0.3967,0.2404,,0.6397,28,0.3035,3.15,-0.313,0.6667,565
GIG_2367,courier,bengaluru,bike,16569.11,0.2644,0.023,0.01197,0.3866,0.5097,51.0,0.5,21,0.1826,2.95,0.435,1.0,801
GIG_2368,courier,hyderabad,car,20621.78,0.2859,0.0544,0.00278,0.3749,0.5337,99.0,,31,0.3312,4.16,0.14,0.6667,653
GIG_2369,ride_hailing,delhi,car,38238.57,0.2295,-0.0107,0.00248,0.2063,0.8904,110.0,0.9142,27,0.2401,,,0.6667,511
GIG_2370,ride_hailing,delhi,car,53500.97,0.2978,0.0576,0.01239,0.3216,0.5077,138.0,,35,0.2947,4.19,0.438,0.6667,796
GIG_2371,food_delivery,delhi,bike,41189.86,0.2306,-0.03095,-0.00032,0.3735,0.6024,,0.8209,19,0.2461,3.51,0.143,0.6667,594
GIG_2372,ride_hailing,bengaluru,car,32154.76,0.386,0.1295,-0.01727,0.4249,0.659,96.0,0.6607,14,0.186,2.79,-0.297,1.0,454
GIG_2373,ride_hailing,bengaluru,car,45757.75,0.1929,-0.0636,0.00547,0.418,0.9041,117.0,0.8513,34,0.2703,3.93,0.234,1.0,661
GIG_2374,ride_hailing,pune,car,38333.69,0.2178,-0.032,-0.00692,0.4853,0.6253,122.0,0.7322,31,0.2376,4.18,-0.522,1.0,467
GIG_2375,courier,pune,car,39754.91,0.2452,0.0215,0.00022,0.3715,0.5732,117.0,0.5573,33,0.2619,3.59,-0.022,1.0,586
GIG_2376,ride_hailing,bengaluru,bike,17745.63,0.1842,-0.07205,-0.00189,0.4417,0.879,106.0,0.7814,30,0.2889,3.89,-0.022,1.0,535
GIG_2377,home_services,hyderabad,none,41091.04,0.4106,0.1741,-0.01758,0.2186,0.8452,131.0,0.8422,35,0.2765,4.04,-0.357,1.0,542
GIG_2378,food_delivery,bengaluru,bike,39998.52,0.2585,0.0137,0.00864,0.4226,0.7551,134.0,0.8334,28,0.2847,4.29,0.298,1.0,665
GIG_2379,courier,pune,bike,47987.87,0.2891,0.0565,0.01469,0.3567,0.6032,126.0,,21,0.2598,3.35,0.543,0.6667,752
GIG_2380,courier,delhi,scooter,47270.78,0.2143,-0.03715,0.00141,0.2146,0.7315,136.0,0.8345,32,0.292,3.47,-0.018,1.0,658
GIG_2381,ride_hailing,hyderabad,car,52743.28,0.361,0.1208,-0.02115,0.247,0.724,103.0,0.8444,20,0.2378,2.8,-0.59,1.0,343
GIG_2382,food_delivery,mumbai,scooter,47100.92,0.2547,-0.0063,0.00024,0.1263,0.5302,,,25,0.2398,3.2,-0.029,0.3333,568
GIG_2383,ride_hailing,hyderabad,car,37565.78,0.1925,-0.0477,0.00028,0.5282,0.7986,95.0,0.5782,17,0.1373,,,0.6667,687
GIG_2384,home_services,pune,none,40829.77,0.205,-0.031,-0.00057,0.4334,0.4108,108.0,,24,0.2307,3.45,-0.119,0.6667,531
GIG_2385,food_delivery,mumbai,bike,16379.07,0.2359,-0.0162,-0.00694,0.484,0.4979,,0.8238,31,0.242,3.56,-0.41,0.6667,492
GIG_2386,ride_hailing,bengaluru,car,36958.64,0.319,0.0625,0.00495,0.1241,0.4947,113.0,0.6587,29,0.2282,3.28,0.343,1.0,573
GIG_2387,food_delivery,hyderabad,bike,15990.4,0.4114,0.1409,-0.01185,0.2304,1.2904,43.0,0.5,15,0.0979,2.91,-0.524,1.0,300
GIG_2388,ride_hailing,hyderabad,bike,23030.11,0.2244,-0.0025,-0.00527,0.2915,0.5069,117.0,0.8305,28,0.3451,3.85,-0.287,1.0,418
GIG_2389,courier,pune,car,18690.3,0.2265,0.0028,0.00838,0.4142,0.7498,84.0,0.7338,21,0.2269,3.74,0.133,1.0,824
GIG_2390,food_delivery,delhi,bike,18924.25,0.2906,0.02905,0.00849,0.1907,0.6614,70.0,,20,0.2342,3.15,0.092,0.6667,562
GIG_2391,food_delivery,mumbai,bike,43711.23,0.2155,-0.0366,0.00856,0.4559,0.3774,100.0,0.6796,22,0.1881,2.86,0.232,1.0,588
GIG_2392,home_services,mumbai,none,22760.91,0.2177,-0.0221,0.00045,0.3811,0.9986,69.0,0.8066,5,0.1609,3.1,-0.048,1.0,576
GIG_2393,food_delivery,mumbai,bike,15982.4,0.2761,0.024,0.00808,0.34,0.4779,110.0,0.9018,40,0.3237,4.08,0.421,1.0,749
GIG_2394,ride_hailing,pune,car,13619.9,0.2516,0.0018,2e-05,0.1191,0.4822,79.0,0.9535,13,0.2078,3.28,-0.037,1.0,517
GIG_2395,food_delivery,bengaluru,scooter,42231.93,0.2312,-0.0316,0.00391,0.2272,0.7451,89.0,,14,0.1717,2.33,-0.016,0.6667,403
GIG_2396,ride_hailing,hyderabad,car,44528.69,0.3722,0.132,-0.02093,0.4384,1.1489,133.0,0.8868,30,0.2956,4.02,-0.477,1.0,407
GIG_2397,ride_hailing,pune,car,15142.83,0.2564,0.0066,0.0038,0.2363,0.9407,90.0,,24,0.2258,3.2,0.073,0.6667,544
GIG_2398,courier,delhi,bike,14924.77,0.2188,-0.0432,0.00038,0.3392,1.1394,90.0,0.5063,19,0.2169,3.25,-0.023,1.0,433
GIG_2399,food_delivery,delhi,scooter,42917.17,0.2675,-0.0001,-0.01156,0.3956,0.736,80.0,0.7352,14,0.2117,3.19,-0.247,1.0,464
GIG_2400,food_delivery,delhi,scooter,42725.77,0.2479,-0.0197,0.00185,0.242,0.6463,96.0,,12,0.1861,2.58,-0.055,0.6667,475
GIG_2401,ride_hailing,hyderabad,car,49160.25,0.1528,-0.0874,-0.00082,0.537,0.8054,92.0,0.6095,16,0.14,3.46,0.083,1.0,438
GIG_2402,ride_hailing,delhi,car,45235.8,0.324,0.0838,0.01784,0.5119,1.0056,140.0,0.7543,27,0.3088,3.8,0.563,1.0,834
GIG_2403,food_delivery,mumbai,bike,44463.32,0.2006,-0.0515,0.00406,0.5418,0.7313,139.0,0.8329,30,0.2586,3.74,0.221,1.0,618
GIG_2404,food_delivery,mumbai,bike,43111.56,0.2022,-0.0499,-0.00017,0.6364,0.4561,128.0,0.8202,33,0.3318,4.35,0.113,1.0,539
GIG_2405,ride_hailing,hyderabad,car,35657.77,0.2957,0.0555,0.00991,0.1743,0.7061,94.0,0.9882,37,0.3275,3.87,0.191,1.0,722
GIG_2406,ride_hailing,bengaluru,car,30279.74,0.1941,-0.0624,-0.00296,0.461,0.4749,92.0,0.9248,32,0.2793,3.99,0.014,1.0,528
GIG_2407,food_delivery,delhi,scooter,29268.9,0.2585,-0.0091,-0.00148,0.365,0.6448,93.0,0.597,33,0.3046,3.31,-0.246,1.0,540
GIG_2408,home_services,delhi,bike,20280.15,0.2105,-0.0059,0.0019,0.4599,0.8827,119.0,,28,0.3027,4.02,-0.057,0.6667,722
GIG_2409,courier,mumbai,bike,30031.59,0.3261,0.1076,-0.01931,0.431,0.4948,,0.683,21,0.2362,3.83,-0.369,0.6667,524
GIG_2410,food_delivery,delhi,scooter,42964.68,0.1996,-0.068,0.00757,0.6458,0.3685,103.0,,32,0.2575,3.5,0.364,0.6667,659
GIG_2411,food_delivery,mumbai,bike,42513.73,0.3281,0.076,0.00742,0.2334,0.9234,94.0,0.6831,22,0.1871,2.86,-0.022,1.0,457
GIG_2412,ride_hailing,hyderabad,car,46985.18,0.2466,0.0064,0.00495,0.4715,1.0769,86.0,0.8183,19,0.1673,2.88,0.274,1.0,621
GIG_2413,food_delivery,bengaluru,scooter,37390.93,0.3684,0.1056,-0.01396,0.2938,0.7039,117.0,0.9141,32,0.3106,4.29,-0.352,1.0,421
GIG_2414,home_services,delhi,none,36037.88,0.2115,-0.0301,0.00458,0.5551,0.8277,105.0,0.8554,26,0.2217,3.85,-0.024,1.0,636
GIG_2415,food_delivery,delhi,scooter,41545.83,0.2856,0.018,-0.01601,0.6376,0.4018,107.0,0.6733,21,0.1915,3.22,-0.4,1.0,488
GIG_2416,courier,bengaluru,car,16506.94,0.2158,-0.0302,0.00341,0.4755,1.1651,48.0,0.7835,19,0.1909,2.89,0.263,1.0,632
GIG_2417,ride_hailing,bengaluru,car,48866.44,0.1928,-0.0637,0.00114,0.4178,0.4053,113.0,0.6797,18,0.2555,3.49,-0.02,1.0,546
GIG_2418,home_services,delhi,none,46287.77,0.2739,0.0323,0.0152,0.3198,0.2746,141.0,0.9431,21,0.2659,,,0.6667,726
GIG_2419,food_delivery,bengaluru,bike,33899.91,0.2001,-0.0447,-0.0034,0.5543,0.7737,128.0,0.5789,32,0.257,3.65,0.034,1.0,681
GIG_2420,courier,bengaluru,bike,45373.64,0.169,-0.0724,-0.00166,0.4059,0.6359,133.0,0.6816,44,0.3081,3.89,-0.004,1.0,636
GIG_2421,food_delivery,delhi,scooter,25907.32,0.2159,-0.0517,-0.0046,0.5991,1.1715,,0.7147,17,0.2513,3.19,-0.502,0.6667,343
GIG_2422,courier,delhi,scooter,19432.74,0.241,-0.01045,0.00769,0.3714,0.7567,,0.9236,27,0.2747,3.95,0.266,0.6667,686
GIG_2423,ride_hailing,hyderabad,car,38094.49,0.2656,0.0254,-0.00217,0.3092,1.1326,69.0,,9,0.1331,3.3,0.06,0.6667,570
GIG_2424,food_delivery,pune,scooter,37335.89,0.2205,-0.0421,9e-05,0.3896,0.2351,,0.6661,31,0.2497,3.64,-0.055,0.6667,596
GIG_2425,food_delivery,hyderabad,bike,12126.12,0.2293,-0.0412,0.00943,0.5202,0.3615,81.0,0.6615,28,0.2674,2.88,0.217,1.0,764
GIG_2426,courier,delhi,car,24935.69,0.1507,-0.07475,0.00013,0.6386,0.4252,89.0,0.9304,23,0.283,3.99,0.07,1.0,627
GIG_2427,ride_hailing,bengaluru,car,29521.68,0.2098,-0.0467,0.00773,0.4494,0.7203,72.0,0.8411,14,0.164,4.11,0.409,1.0,667
GIG_2428,ride_hailing,hyderabad,car,28412.95,0.183,-0.0572,-0.00064,0.3199,0.5901,80.0,0.8101,17,0.2251,2.93,-0.028,1.0,488
GIG_2429,food_delivery,bengaluru,scooter,41363.39,0.2019,-0.0609,0.00224,0.4741,0.8763,131.0,0.6819,37,0.273,4.21,0.014,1.0,622
GIG_2430,food_delivery,pune,scooter,10498.63,0.2623,-0.0003,-0.00042,0.3252,0.8054,82.0,0.7538,30,0.2401,3.65,-0.019,1.0,420
GIG_2431,courier,bengaluru,car,50991.53,0.2475,0.0015,0.01384,0.4222,0.5814,108.0,0.703,18,0.196,,,0.6667,691
GIG_2432,ride_hailing,pune,car,44251.32,0.3578,0.108,-0.0176,0.3976,0.5799,104.0,0.845,24,0.2389,3.28,-0.47,1.0,353
GIG_2433,food_delivery,delhi,scooter,49040.78,0.3364,0.0688,-0.01852,0.462,0.6929,130.0,,36,0.3697,4.72,-0.521,0.6667,527
GIG_2434,courier,delhi,bike,28040.87,0.2906,0.0286,-0.00205,0.1834,0.4783,120.0,0.5246,39,0.3007,3.37,-0.44,1.0,453
GIG_2435,food_delivery,pune,scooter,40811.85,0.2507,-0.0119,-0.00687,0.3587,0.5367,94.0,0.7845,31,0.2799,3.67,-0.249,1.0,423
GIG_2436,ride_hailing,delhi,car,17672.36,0.1884,-0.0518,0.00185,0.3898,0.47,93.0,0.6663,40,0.2841,3.38,0.184,1.0,657
GIG_2437,ride_hailing,mumbai,scooter,54657.27,0.148,-0.0807,-0.00228,0.4094,0.482,92.0,,13,0.21,2.91,-0.139,0.6667,615
GIG_2438,ride_hailing,delhi,car,11106.36,0.2162,-0.024,0.00233,0.5961,0.8569,,0.8582,11,0.1811,3.63,0.152,0.6667,598
GIG_2439,food_delivery,delhi,bike,19301.22,0.2372,-0.02435,0.00342,0.2764,0.4692,90.0,0.6433,47,0.2503,3.28,-0.073,1.0,521
GIG_2440,food_delivery,mumbai,bike,13968.34,0.1548,-0.0973,-0.0024,0.6755,0.3769,101.0,0.7858,39,0.3449,4.35,-0.145,1.0,691
GIG_2441,ride_hailing,pune,car,42396.84,0.2245,-0.0253,0.00175,0.4467,0.4495,114.0,1.0,19,0.2798,3.68,-0.004,1.0,658
GIG_2442,ride_hailing,pune,car,37268.29,0.2321,-0.0177,0.0002,0.359,0.7208,118.0,,29,0.2612,4.29,0.173,0.6667,479
GIG_2443,food_delivery,delhi,bike,31107.0,0.1784,-0.08315,-0.00569,0.5146,0.7823,90.0,0.7635,42,0.309,3.76,-0.066,1.0,518
GIG_2444,courier,pune,bike,44317.97,0.3046,0.072,-0.01096,0.1337,1.1972,100.0,0.774,23,0.2116,2.87,-0.409,1.0,461
GIG_2445,ride_hailing,mumbai,car,17336.22,0.3888,0.1368,-0.02179,0.3663,0.4242,104.0,0.7287,29,0.3372,4.15,-0.474,1.0,536
GIG_2446,ride_hailing,hyderabad,car,11903.66,0.3127,0.0725,0.01047,0.3024,0.6017,102.0,0.6988,29,0.2675,3.88,0.372,1.0,697
GIG_2447,ride_hailing,pune,car,47422.99,0.2221,-0.0277,0.00217,0.4257,0.3011,100.0,0.845,26,0.2193,3.41,0.004,1.0,436
GIG_2448,food_delivery,pune,bike,50238.6,0.2053,-0.0578,-0.0018,0.3636,0.9624,148.0,0.7132,28,0.279,3.34,-0.073,1.0,635
GIG_2449,food_delivery,delhi,bike,32355.37,0.2008,-0.06075,0.00035,0.6328,0.6942,97.0,0.6737,40,0.2557,3.7,0.037,1.0,616
GIG_2450,food_delivery,hyderabad,scooter,29418.54,0.2454,-0.01695,0.00376,0.3025,0.5508,104.0,0.6266,16,0.1761,2.94,0.127,1.0,509
GIG_2451,home_services,hyderabad,none,11202.04,0.3741,0.1376,-0.0196,0.4647,0.9026,100.0,,33,0.2759,3.62,-0.394,0.6667,535
GIG_2452,food_delivery,bengaluru,bike,15626.25,0.2338,-0.011,0.00157,0.3445,0.5217,87.0,0.8734,18,0.1956,2.9,-0.015,1.0,350
GIG_2453,courier,hyderabad,scooter,40481.6,0.2494,0.01455,0.00747,0.4964,0.7159,124.0,0.8175,34,0.3276,4.31,0.443,1.0,891
GIG_2454,food_delivery,delhi,scooter,32835.32,0.2152,-0.0524,-0.00546,0.4738,0.2617,116.0,0.7572,33,0.2634,3.93,-0.296,1.0,562
GIG_2455,ride_hailing,pune,car,29777.22,0.1704,-0.0794,0.00204,0.6675,0.6032,102.0,,24,0.2294,,,0.3333,587
GIG_2456,ride_hailing,bengaluru,car,20189.25,0.2281,-0.0284,0.00088,0.4356,0.7862,,0.8308,29,0.2858,3.43,-0.026,0.6667,695
GIG_2457,food_delivery,pune,bike,17081.79,0.1923,-0.0708,0.00688,0.4834,0.7837,52.0,0.9037,11,0.1837,4.18,0.045,1.0,671
GIG_2458,courier,pune,scooter,27545.63,0.1919,-0.03945,-0.0007,0.4738,1.0742,86.0,,23,0.2347,3.54,-0.023,0.6667,402
GIG_2459,courier,mumbai,scooter,27634.86,0.1684,-0.0649,-0.00196,0.4662,0.6321,104.0,0.8509,25,0.2782,3.75,-0.034,1.0,731
GIG_2460,ride_hailing,bengaluru,car,43190.59,0.1975,-0.059,-0.00068,0.3873,0.7583,123.0,0.8533,38,0.3048,3.39,-0.099,1.0,562
GIG_2461,ride_hailing,mumbai,car,43213.15,0.2243,-0.0277,-0.01048,0.5272,0.5034,104.0,0.871,12,0.2135,3.67,-0.328,1.0,575
GIG_2462,food_delivery,pune,bike,46837.49,0.307,0.0439,-0.0015,0.0959,0.6099,122.0,0.8045,20,0.233,,,0.6667,383
GIG_2463,courier,mumbai,scooter,51850.86,0.1499,-0.0834,0.00048,0.5294,0.3142,143.0,,42,0.3217,4.15,-0.1,0.6667,568
GIG_2464,ride_hailing,bengaluru,car,29695.82,0.3078,0.0513,0.00225,0.3144,0.4682,68.0,0.9184,9,0.187,3.3,0.342,1.0,550
GIG_2465,home_services,delhi,none,38945.16,0.1539,-0.0877,0.00156,0.5764,0.8064,110.0,,25,0.2896,4.13,0.003,0.6667,592
GIG_2466,food_delivery,delhi,scooter,37512.94,0.2778,0.0102,-0.01397,0.316,0.4078,130.0,0.9224,42,0.343,4.18,-0.498,1.0,567
GIG_2467,food_delivery,delhi,scooter,50689.5,0.3476,0.08,0.0063,0.1853,0.2617,111.0,0.6112,17,0.2417,3.36,0.471,1.0,525
GIG_2468,ride_hailing,delhi,car,26255.77,0.1758,-0.0644,-0.00039,0.6168,0.394,120.0,0.8286,33,0.2851,,,0.6667,657
GIG_2469,ride_hailing,bengaluru,car,20437.65,0.1716,-0.0849,-0.00635,0.6494,0.4726,67.0,,14,0.1966,3.82,-0.376,0.6667,578
GIG_2470,courier,delhi,bike,52460.98,0.1648,-0.0972,0.00105,0.581,0.6071,130.0,1.0,39,0.3774,4.83,0.195,1.0,728
GIG_2471,courier,bengaluru,bike,38966.96,0.1765,-0.0649,0.00179,0.4339,0.34,112.0,0.6039,26,0.2967,3.52,-0.059,1.0,685
GIG_2472,food_delivery,bengaluru,bike,35978.97,0.231,-0.0138,0.00836,0.515,0.8515,89.0,0.9483,7,0.2272,3.49,0.218,1.0,628
GIG_2473,courier,mumbai,scooter,10659.52,0.3155,0.0822,0.0035,0.1989,0.3162,,0.8452,23,0.1888,3.37,-0.056,0.6667,509
GIG_2474,food_delivery,delhi,scooter,24537.2,0.229,-0.0386,0.00041,0.4667,0.5986,92.0,0.8847,25,0.2565,3.77,0.007,1.0,683
GIG_2475,food_delivery,bengaluru,scooter,18265.71,0.218,-0.0448,0.00288,0.3449,0.9886,101.0,0.7897,28,0.3131,3.69,0.143,1.0,624
GIG_2476,home_services,pune,none,37759.02,0.3187,0.0827,-0.01628,0.3076,0.7873,117.0,0.6906,41,0.2614,3.16,-0.61,1.0,377
GIG_2477,food_delivery,delhi,scooter,26657.49,0.268,0.0004,0.00936,0.4033,0.3347,135.0,0.5988,41,0.321,4.0,0.314,1.0,774
GIG_2478,food_delivery,mumbai,bike,24524.07,0.384,0.1319,-0.01133,0.1964,0.5368,110.0,0.7034,39,0.2452,3.17,-0.441,1.0,324
GIG_2479,home_services,hyderabad,none,33190.21,0.2638,0.0273,-0.01,0.5793,0.6417,110.0,0.8927,28,0.3217,3.77,-0.492,1.0,394
GIG_2480,home_services,bengaluru,bike,51229.53,0.1798,-0.0555,0.00417,0.4794,0.5306,120.0,0.654,29,0.2371,3.4,0.121,1.0,658
GIG_2481,food_delivery,hyderabad,scooter,43918.32,0.186,-0.07635,0.00044,0.4057,0.507,91.0,0.9035,19,0.2472,3.37,-0.054,1.0,669
GIG_2482,courier,hyderabad,bike,38917.7,0.2159,-0.0229,0.00745,0.3788,0.7394,106.0,0.7775,24,0.2996,3.72,0.33,1.0,736
GIG_2483,home_services,bengaluru,none,12200.15,0.2551,0.02575,-0.00133,0.3419,0.6484,37.0,,11,0.1805,2.47,0.098,0.6667,413
GIG_2484,ride_hailing,pune,car,26407.39,0.2342,-0.0156,-0.00571,0.2713,0.4154,116.0,,33,0.3008,4.32,-0.315,0.6667,532
GIG_2485,courier,hyderabad,scooter,20686.93,0.3291,0.09425,0.01474,0.1867,0.7019,,0.8187,31,0.2609,3.61,0.484,0.6667,592
GIG_2486,home_services,hyderabad,car,49420.43,0.2989,0.0635,-0.01855,0.495,0.47,96.0,0.7719,19,0.2117,3.18,-0.44,1.0,494
GIG_2487,food_delivery,bengaluru,scooter,13577.47,0.2991,0.0363,0.00727,0.0725,1.1771,91.0,0.8088,23,0.2014,3.42,0.06,1.0,494
GIG_2488,food_delivery,delhi,bike,43849.78,0.2563,-0.00525,-0.00341,0.2953,0.6618,122.0,0.7256,31,0.3031,3.84,0.053,1.0,547
GIG_2489,ride_hailing,hyderabad,car,49429.26,0.2175,-0.0227,0.00432,0.421,0.8409,123.0,0.6696,25,0.2843,4.05,0.26,1.0,668
GIG_2490,home_services,mumbai,none,22799.24,0.2372,-0.0026,0.01246,0.3905,0.5569,77.0,,19,0.1996,3.23,0.671,0.6667,657
GIG_2491,food_delivery,delhi,scooter,20729.04,0.3235,0.0559,-0.01796,0.4515,1.1374,82.0,0.6353,27,0.2583,3.43,-0.287,1.0,511
GIG_2492,ride_hailing,hyderabad,car,29692.08,0.2235,-0.0167,1e-05,0.2818,0.5271,99.0,0.8613,36,0.2433,3.53,-0.037,1.0,577
GIG_2493,home_services,pune,bike,22514.03,0.1606,-0.0739,-3e-05,0.6788,1.1231,,0.5961,10,0.1623,2.99,-0.004,0.6667,507
GIG_2494,ride_hailing,delhi,car,31162.88,0.4136,0.1734,0.00947,0.1449,0.6309,129.0,0.9589,29,0.3605,3.51,0.339,1.0,671
GIG_2495,courier,bengaluru,bike,37129.66,0.2572,0.0158,0.00967,0.5583,0.9777,111.0,0.5,44,0.2452,3.26,0.317,1.0,720
GIG_2496,ride_hailing,hyderabad,car,46238.24,0.3101,0.0699,-0.01538,0.5919,0.748,118.0,,25,0.2728,3.89,-0.518,0.6667,402
GIG_2497,courier,mumbai,bike,45032.45,0.163,-0.0555,-0.00169,0.535,0.7061,99.0,0.7855,20,0.2321,3.5,-0.018,1.0,488
GIG_2498,courier,hyderabad,bike,18100.02,0.2047,-0.0341,-0.00979,0.5002,1.1362,104.0,,31,0.272,3.97,-0.198,0.6667,586
GIG_2499,home_services,mumbai,car,27859.65,0.2951,0.0666,-0.01684,0.3372,0.8914,103.0,0.736,19,0.2919,3.63,-0.476,1.0,372
GIG_2500,home_services,bengaluru,car,38779.36,0.2924,0.0495,-0.00124,0.341,0.2677,121.0,0.7068,35,0.2597,3.89,0.14,1.0,633
GIG_2501,ride_hailing,mumbai,car,33410.26,0.1916,-0.0604,-0.00254,0.4218,0.7326,98.0,0.787,22,0.2476,,,0.6667,627
GIG_2502,ride_hailing,hyderabad,car,28707.54,0.253,0.0128,0.01021,0.4684,0.6502,81.0,0.9965,22,0.2034,3.22,0.442,1.0,677
GIG_2503,courier,delhi,scooter,30686.88,0.1918,-0.05965,-0.00092,0.5022,0.5736,91.0,0.6337,17,0.235,3.11,-0.192,1.0,602
GIG_2504,courier,bengaluru,bike,49069.1,0.1874,-0.054,-0.00418,0.4997,0.8573,92.0,,26,0.2288,3.56,0.031,0.6667,594
GIG_2505,food_delivery,bengaluru,scooter,43446.69,0.2416,-0.0212,-0.00981,0.5634,0.6747,114.0,1.0,24,0.3024,3.89,-0.499,1.0,540
GIG_2506,food_delivery,delhi,bike,16720.36,0.2445,-0.01705,-0.0047,0.4189,0.7976,66.0,0.6644,11,0.2043,2.43,-0.238,1.0,417
GIG_2507,food_delivery,bengaluru,bike,26577.3,0.2225,-0.0223,-0.00107,0.3148,0.6844,123.0,1.0,33,0.3042,4.14,-0.068,1.0,553
GIG_2508,courier,delhi,scooter,13937.54,0.1759,-0.07555,0.00306,0.3251,0.3709,101.0,1.0,29,0.3144,4.15,0.07,1.0,569
GIG_2509,ride_hailing,delhi,car,28182.15,0.2953,0.0551,0.00297,0.268,0.4559,58.0,,9,0.2177,3.13,-0.104,0.6667,372
GIG_2510,home_services,pune,none,26265.89,0.2752,0.0392,-0.00438,0.1421,0.8826,68.0,0.7022,10,0.1469,2.78,-0.019,1.0,394
GIG_2511,ride_hailing,delhi,bike,18451.34,0.1836,-0.0587,0.00626,0.5431,1.0713,94.0,,19,0.2813,4.59,0.096,0.6667,636
GIG_2512,home_services,pune,none,35015.43,0.139,-0.097,0.00187,0.5807,0.6217,,0.701,20,0.2075,4.26,0.02,0.6667,570
GIG_2513,courier,delhi,bike,28881.29,0.3321,0.0701,-0.0024,0.1015,0.7661,,0.6153,27,0.1782,2.93,-0.227,0.6667,364
GIG_2514,ride_hailing,bengaluru,car,50277.72,0.2528,-0.0037,-0.00664,0.1619,0.6714,134.0,0.9411,33,0.2801,3.6,-0.258,1.0,499
GIG_2515,home_services,hyderabad,none,36407.04,0.335,0.0985,-0.01761,0.4996,0.3734,120.0,0.6543,40,0.3234,3.82,-0.503,1.0,509
GIG_2516,courier,pune,car,25305.38,0.1625,-0.0612,0.00426,0.4315,0.5366,135.0,0.8584,34,0.341,4.05,0.254,1.0,585
GIG_2517,food_delivery,mumbai,bike,25442.6,0.2139,-0.0382,-0.00213,0.3951,0.7574,93.0,,20,0.2722,3.4,0.062,0.6667,565
GIG_2518,home_services,hyderabad,none,23824.05,0.1213,-0.1152,-0.00012,0.6129,0.4588,76.0,0.5806,20,0.202,,,0.6667,620
GIG_2519,courier,hyderabad,car,36624.99,0.1956,-0.0359,0.00266,0.5222,0.7208,136.0,0.8222,37,0.2504,3.97,0.145,1.0,689
GIG_2520,food_delivery,delhi,scooter,15726.85,0.2683,0.0007,0.006,0.2673,0.6757,101.0,0.9051,28,0.267,3.33,0.129,1.0,567
GIG_2521,ride_hailing,hyderabad,car,23662.79,0.2331,-0.0071,0.00824,0.3936,0.8786,84.0,0.6528,29,0.2549,3.39,0.439,1.0,760
GIG_2522,ride_hailing,bengaluru,car,10875.28,0.2879,0.0314,-0.00011,0.1609,0.7202,63.0,0.7284,25,0.1735,2.65,0.063,1.0,439
GIG_2523,food_delivery,pune,bike,11333.03,0.2598,-0.0033,-0.00829,0.3969,0.6324,72.0,0.5993,28,0.2638,3.74,-0.384,1.0,440
GIG_2524,food_delivery,pune,bike,49750.34,0.2171,-0.046,0.00257,0.4241,1.1392,115.0,0.8899,23,0.2162,3.68,-0.172,1.0,589
GIG_2525,courier,hyderabad,scooter,16640.59,0.2366,0.00175,0.00508,0.4172,0.2457,69.0,0.5934,21,0.2196,3.39,0.209,1.0,657
GIG_2526,food_delivery,bengaluru,bike,18769.19,0.2793,0.0345,0.00202,0.2383,0.8162,116.0,0.8127,41,0.2943,3.78,-0.353,1.0,483
GIG_2527,food_delivery,bengaluru,car,21815.65,0.2655,0.0051,0.00663,0.507,0.5598,101.0,0.7924,22,0.2792,3.46,0.414,1.0,793
GIG_2528,courier,hyderabad,scooter,41255.29,0.2142,-0.02065,0.00193,0.3528,0.6086,102.0,0.6509,20,0.2359,2.7,-0.012,1.0,535
GIG_2529,ride_hailing,pune,car,13443.43,0.3275,0.0777,-0.01592,0.3754,0.6814,106.0,0.5471,38,0.2983,4.14,-0.437,1.0,568
GIG_2530,food_delivery,delhi,bike,15482.97,0.2427,-0.01885,0.00909,0.3086,0.9865,76.0,,19,0.2069,3.34,0.292,0.6667,519
GIG_2531,food_delivery,hyderabad,bike,23959.23,0.2787,0.0082,0.01343,0.534,0.283,73.0,0.7935,25,0.2227,4.08,0.523,1.0,833
GIG_2532,home_services,mumbai,none,12177.75,0.3095,0.0697,0.00925,0.2325,0.6861,103.0,0.5441,30,0.2628,3.07,0.316,1.0,747
GIG_2533,food_delivery,hyderabad,bike,22259.52,0.3185,0.048,-0.00028,0.1734,0.7043,105.0,0.6713,30,0.2638,3.62,-0.024,1.0,372
GIG_2534,food_delivery,bengaluru,scooter,23943.94,0.1914,-0.0714,-0.00329,0.5373,0.5477,113.0,0.7395,41,0.2787,3.82,0.137,1.0,678
GIG_2535,food_delivery,mumbai,bike,20702.26,0.2895,0.0374,-0.01368,0.5555,0.528,51.0,0.9334,10,0.195,3.18,-0.445,1.0,447
GIG_2536,courier,delhi,bike,35057.0,0.2183,-0.0437,0.00399,0.2425,0.4169,103.0,0.8151,21,0.2372,3.38,0.115,1.0,568
GIG_2537,food_delivery,delhi,bike,24929.83,0.2212,-0.04035,0.00193,0.3486,0.6592,94.0,0.756,30,0.2597,3.55,-0.046,1.0,585
GIG_2538,courier,delhi,bike,52169.99,0.2757,0.0137,0.00973,0.3339,0.7196,118.0,0.6688,29,0.2923,3.62,0.276,1.0,645
GIG_2539,courier,bengaluru,bike,51786.72,0.3375,0.0961,-0.01559,0.2383,0.3948,116.0,0.8328,25,0.2229,3.26,-0.313,1.0,391
GIG_2540,ride_hailing,bengaluru,car,27696.8,0.19,-0.0665,0.00184,0.4869,0.3876,74.0,0.9129,15,0.1989,3.48,0.055,1.0,560
GIG_2541,food_delivery,mumbai,bike,21105.88,0.3024,0.0503,0.00323,0.0897,0.5626,81.0,0.6997,38,0.2901,3.18,0.318,1.0,496
GIG_2542,food_delivery,pune,scooter,29494.56,0.3049,0.0423,-0.00063,0.2391,0.7532,100.0,0.5325,27,0.2241,2.85,-0.136,1.0,460
GIG_2543,courier,hyderabad,bike,28237.11,0.2236,-0.0152,0.00706,0.5218,0.7276,115.0,0.7258,38,0.32,3.07,0.369,1.0,603
GIG_2544,courier,hyderabad,car,51496.99,0.2588,0.0273,0.01261,0.3951,0.8994,132.0,0.6548,30,0.2913,3.86,0.312,1.0,828
GIG_2545,food_delivery,delhi,scooter,33640.79,0.2456,-0.022,0.00678,0.2986,1.0192,,0.7641,35,0.2373,3.28,-0.02,0.6667,696
GIG_2546,food_delivery,hyderabad,scooter,44012.17,0.3604,0.09805,-0.01905,0.3869,0.8828,111.0,0.8865,15,0.2607,4.16,-0.589,1.0,494
GIG_2547,food_delivery,pune,bike,13384.76,0.3431,0.08,-0.01136,0.3353,0.9136,,0.5905,21,0.1535,3.01,-0.512,0.6667,343
GIG_2548,ride_hailing,delhi,car,35961.71,0.2791,0.0389,-0.00799,0.1883,0.4413,113.0,0.8191,22,0.1983,3.29,-0.304,1.0,307
GIG_2549,food_delivery,mumbai,scooter,28158.28,0.3785,0.1175,-0.01814,0.2651,0.7105,97.0,0.6252,42,0.326,4.28,-0.46,1.0,522
GIG_2550,ride_hailing,bengaluru,car,19375.28,0.1918,-0.0647,0.00181,0.3771,0.8962,95.0,,31,0.2937,3.96,0.128,0.6667,566
GIG_2551,food_delivery,mumbai,scooter,15084.85,0.2605,-0.0005,0.00035,0.3329,0.8305,79.0,,26,0.2986,3.47,-0.116,0.6667,573
GIG_2552,food_delivery,delhi,bike,54301.9,0.2229,-0.03865,0.00071,0.2537,0.2929,86.0,0.5975,11,0.2035,2.29,0.049,1.0,529
GIG_2553,home_services,hyderabad,car,50784.35,0.1862,-0.0492,-0.0007,0.5477,0.9713,107.0,0.7002,23,0.232,2.99,-0.051,1.0,567
GIG_2554,food_delivery,mumbai,scooter,17994.57,0.3033,0.0423,0.01391,0.1832,0.7709,97.0,0.9089,23,0.2559,3.38,0.326,1.0,706
GIG_2555,food_delivery,bengaluru,bike,42083.73,0.2345,-0.0103,0.00348,0.5747,0.9394,147.0,0.7061,41,0.2893,3.95,0.023,1.0,672
GIG_2556,food_delivery,delhi,bike,38638.55,0.2721,0.01055,0.00523,0.3843,0.5566,113.0,0.5716,30,0.2846,3.52,0.352,1.0,621
GIG_2557,food_delivery,delhi,scooter,21161.02,0.2872,0.0196,-0.00803,0.2622,0.381,100.0,0.728,30,0.2036,3.33,-0.344,1.0,467
GIG_2558,ride_hailing,hyderabad,car,36957.98,0.1798,-0.0604,-0.00263,0.4161,0.5736,99.0,,27,0.2425,2.65,-0.105,0.6667,499
GIG_2559,food_delivery,bengaluru,bike,28476.9,0.3834,0.1386,0.00682,0.1896,0.4507,114.0,,42,0.3129,3.39,0.301,0.6667,557
GIG_2560,ride_hailing,mumbai,car,42578.85,0.3365,0.0845,-0.00186,0.1124,0.8823,109.0,0.6107,43,0.2852,2.86,-0.105,1.0,496
GIG_2561,food_delivery,delhi,bike,27439.89,0.2113,-0.05025,0.00487,0.4325,0.8233,112.0,0.8095,43,0.2955,4.37,0.117,1.0,730
GIG_2562,food_delivery,delhi,bike,28838.2,0.3293,0.06775,-0.01568,0.3787,0.6369,84.0,0.8917,26,0.2628,3.95,-0.467,1.0,416
GIG_2563,food_delivery,mumbai,bike,33108.58,0.1849,-0.0672,-0.00309,0.4231,0.34,98.0,0.8136,22,0.2599,3.45,-0.07,1.0,677
GIG_2564,ride_hailing,delhi,car,31811.29,0.205,-0.0352,-0.00257,0.2975,0.6272,90.0,0.7571,32,0.2722,3.58,0.004,1.0,431
GIG_2565,food_delivery,mumbai,bike,49969.67,0.2003,-0.0518,-0.00028,0.3746,0.3091,114.0,0.6781,27,0.2156,3.48,0.081,1.0,623
GIG_2566,ride_hailing,mumbai,car,13597.33,0.2018,-0.0502,-0.0014,0.5035,0.7361,68.0,,14,0.2168,3.41,0.021,0.6667,567
GIG_2567,home_services,pune,none,40799.67,0.2696,0.0336,0.01462,0.504,0.5373,105.0,,24,0.2661,3.42,0.22,0.6667,807
GIG_2568,home_services,delhi,none,42581.87,0.2877,0.0461,0.01048,0.2673,0.469,98.0,0.6389,23,0.1737,2.96,0.312,1.0,583
GIG_2569,food_delivery,mumbai,scooter,23529.75,0.2659,0.0049,-0.00992,0.4317,0.3033,90.0,0.5324,34,0.291,3.66,-0.174,1.0,424
GIG_2570,courier,hyderabad,scooter,37502.62,0.264,0.02915,0.01276,0.5932,0.9477,117.0,0.7876,26,0.2306,4.04,0.265,1.0,746
GIG_2571,food_delivery,hyderabad,bike,44209.93,0.279,0.0085,-0.00207,0.1898,0.4223,126.0,,29,0.2779,2.96,0.021,0.6667,497
GIG_2572,courier,hyderabad,bike,30864.37,0.2275,-0.0113,-3e-05,0.3122,0.4947,123.0,0.508,32,0.2814,3.69,0.033,1.0,573
GIG_2573,ride_hailing,pune,car,37596.21,0.2018,-0.048,0.0017,0.1978,0.5306,107.0,0.9253,35,0.2716,3.17,-0.074,1.0,645
GIG_2574,ride_hailing,bengaluru,car,47620.4,0.3143,0.0578,-0.01776,0.4565,0.3272,129.0,,41,0.3285,4.59,-0.552,0.6667,418
GIG_2575,food_delivery,pune,bike,43042.76,0.299,0.0359,-0.00738,0.1367,0.937,104.0,0.8005,38,0.266,,,0.6667,400
GIG_2576,food_delivery,mumbai,scooter,13815.33,0.2373,-0.0237,-0.00032,0.6641,0.4418,81.0,,29,0.2337,3.39,-0.122,0.6667,633
GIG_2577,courier,hyderabad,scooter,45186.26,0.2919,0.05705,0.01272,0.3575,0.5473,104.0,0.8376,22,0.2283,3.62,0.322,1.0,698
GIG_2578,ride_hailing,bengaluru,car,23801.81,0.1887,-0.0678,-0.00143,0.6559,0.5013,77.0,0.6925,22,0.1896,3.51,-0.142,1.0,692
GIG_2579,ride_hailing,hyderabad,car,44620.92,0.2969,0.0567,0.01451,0.4736,0.7837,138.0,0.8793,41,0.3304,3.88,0.223,1.0,764
GIG_2580,food_delivery,delhi,bike,35003.78,0.2565,-0.00505,-0.00385,0.4069,0.3733,81.0,,17,0.2075,3.58,-0.21,0.6667,455
GIG_2581,food_delivery,mumbai,bike,15006.76,0.3137,0.0616,-0.01319,0.3714,1.0249,80.0,0.8895,15,0.1758,2.94,-0.439,1.0,312
GIG_2582,food_delivery,hyderabad,bike,48010.39,0.2667,-0.0038,-0.0035,0.272,0.7138,130.0,,36,0.3481,4.24,0.11,0.6667,546
GIG_2583,courier,mumbai,car,12498.42,0.2864,0.0696,-0.0052,0.1998,0.5034,90.0,0.7103,38,0.2551,3.93,-0.122,1.0,539
GIG_2584,courier,pune,scooter,17440.9,0.1581,-0.07325,-0.00081,0.4599,0.3844,85.0,,16,0.2165,3.08,0.071,0.6667,668
GIG_2585,food_delivery,pune,scooter,51221.84,0.3158,0.0532,0.0137,0.3691,0.6009,107.0,0.6207,18,0.1884,2.61,0.24,1.0,570
GIG_2586,ride_hailing,hyderabad,car,24773.03,0.1812,-0.059,0.00264,0.4133,0.6253,129.0,0.8512,40,0.3315,4.49,-0.003,1.0,772
GIG_2587,courier,bengaluru,bike,23829.69,0.1855,-0.0559,-0.00137,0.4275,0.3305,72.0,0.6488,15,0.2088,3.26,-0.079,1.0,536
GIG_2588,ride_hailing,hyderabad,car,36746.54,0.3087,0.0685,-0.00626,0.115,0.6048,103.0,0.7596,15,0.1953,2.51,0.005,1.0,484
GIG_2589,ride_hailing,bengaluru,car,19409.5,0.166,-0.0905,-0.00235,0.4056,0.6349,97.0,0.8879,26,0.3258,3.34,0.071,1.0,568
GIG_2590,home_services,bengaluru,none,48443.82,0.2843,0.05495,-0.00421,0.2101,0.4725,133.0,0.7812,36,0.296,2.81,0.018,1.0,581
GIG_2591,ride_hailing,pune,bike,36457.89,0.2872,0.05165,-0.00324,0.2183,0.3481,116.0,1.0,30,0.2695,4.2,0.088,1.0,581
GIG_2592,food_delivery,mumbai,scooter,54392.18,0.1694,-0.0916,-0.0013,0.4207,0.456,107.0,0.7734,21,0.2462,4.24,-0.069,1.0,678
GIG_2593,food_delivery,pune,car,12737.59,0.342,0.0667,0.0033,0.1973,0.4941,59.0,0.7822,8,0.2129,2.96,-0.106,1.0,425
GIG_2594,ride_hailing,pune,car,46029.57,0.2331,-0.0167,-0.01012,0.4952,0.9431,123.0,,26,0.289,3.8,-0.332,0.6667,432
GIG_2595,food_delivery,hyderabad,bike,14260.97,0.2834,0.0129,-0.00219,0.3515,0.9698,88.0,0.9006,37,0.3011,4.03,-0.155,1.0,592
GIG_2596,ride_hailing,pune,bike,15076.71,0.1906,-0.04495,0.00357,0.6029,0.3925,,,25,0.3141,4.23,-0.005,0.3333,571
GIG_2597,courier,hyderabad,scooter,20266.86,0.2002,-0.03465,0.00881,0.2875,0.8563,121.0,0.8522,31,0.3188,3.69,0.486,1.0,813
GIG_2598,food_delivery,pune,scooter,52507.61,0.1955,-0.0671,0.00089,0.5594,0.5339,,0.8177,29,0.2302,3.72,-0.095,0.6667,592
GIG_2599,food_delivery,pune,scooter,46406.08,0.2937,0.0311,0.01067,0.3521,0.4914,124.0,0.9025,47,0.3603,3.85,0.111,1.0,691
GIG_2600,courier,bengaluru,car,22980.41,0.2535,0.0075,-0.00758,0.4176,0.4687,80.0,,8,0.1467,2.58,-0.457,0.6667,429
GIG_2601,food_delivery,bengaluru,scooter,44966.74,0.226,-0.0368,0.01071,0.6874,0.2742,130.0,0.5,32,0.2492,4.02,0.521,1.0,730
GIG_2602,ride_hailing,pune,car,14410.94,0.2503,0.0005,0.00258,0.3484,0.7413,84.0,0.8296,27,0.2562,3.34,0.027,1.0,569
GIG_2603,food_delivery,mumbai,scooter,25582.68,0.2775,0.0165,0.00525,0.33,1.0754,69.0,0.7047,29,0.1756,3.03,0.19,1.0,643
GIG_2604,home_services,delhi,none,25441.01,0.2641,0.0225,0.00315,0.2937,0.8332,112.0,0.7382,39,0.3373,3.81,0.019,1.0,501
GIG_2605,food_delivery,delhi,scooter,26675.55,0.2248,-0.0428,0.00196,0.1851,0.346,93.0,0.7601,36,0.2759,4.0,-0.03,1.0,551
GIG_2606,food_delivery,pune,scooter,24166.35,0.2043,-0.0583,0.00123,0.4808,1.0391,102.0,,32,0.2922,4.31,0.085,0.6667,749
GIG_2607,food_delivery,pune,bike,47437.6,0.27,0.0069,0.00173,0.3384,0.8608,106.0,0.6533,25,0.2371,3.1,0.015,1.0,621
GIG_2608,food_delivery,mumbai,bike,50774.77,0.1579,-0.0942,-0.00126,0.6804,0.5065,127.0,,20,0.2217,3.68,0.131,0.6667,547
GIG_2609,home_services,hyderabad,none,15139.68,0.2464,0.0099,0.01093,0.1409,0.9371,97.0,0.7597,30,0.2806,3.45,0.515,1.0,654
GIG_2610,courier,hyderabad,scooter,46751.42,0.1374,-0.09745,0.00076,0.6205,0.2849,109.0,0.6732,14,0.1968,,,0.6667,675
GIG_2611,home_services,pune,none,40081.27,0.2195,-0.0165,0.00115,0.2954,0.2943,96.0,0.5523,17,0.2018,2.87,0.033,1.0,493
GIG_2612,ride_hailing,hyderabad,car,24628.06,0.176,-0.0642,0.00256,0.5406,0.4269,135.0,0.9865,41,0.3958,4.43,0.179,1.0,746
GIG_2613,ride_hailing,delhi,car,22705.94,0.138,-0.1022,-0.00125,0.6574,0.7904,105.0,0.8868,34,0.3155,3.82,-0.012,1.0,616
GIG_2614,home_services,bengaluru,none,16355.31,0.2096,-0.01975,-0.00036,0.4536,0.9446,,0.9015,16,0.2853,3.2,-0.015,0.6667,552
GIG_2615,home_services,mumbai,none,31220.1,0.3873,0.1475,-0.01903,0.2079,0.6062,104.0,,28,0.2468,3.43,-0.526,0.6667,304
GIG_2616,ride_hailing,pune,car,39084.83,0.229,-0.0208,-0.00132,0.4547,0.8052,112.0,0.7506,22,0.2581,3.75,-0.103,1.0,575
GIG_2617,courier,pune,bike,27305.79,0.1941,-0.0385,-0.00408,0.3962,0.8448,89.0,0.656,25,0.2001,3.71,-0.314,1.0,325
GIG_2618,ride_hailing,mumbai,car,42445.77,0.2436,-0.0084,-0.0013,0.4328,0.6882,118.0,0.703,29,0.2647,3.25,0.026,1.0,631
GIG_2619,ride_hailing,delhi,car,14722.91,0.3767,0.1365,-0.01667,0.3132,0.5339,,0.5634,24,0.1899,3.23,-0.495,0.6667,426
GIG_2620,food_delivery,hyderabad,scooter,51139.4,0.2139,-0.04845,-0.00201,0.4834,1.1287,113.0,0.8765,21,0.2188,3.25,-0.059,1.0,520
GIG_2621,courier,mumbai,scooter,23650.14,0.2764,0.0431,-0.01142,0.241,0.8086,83.0,0.8534,24,0.2631,3.42,-0.172,1.0,360
GIG_2622,courier,hyderabad,car,53639.47,0.2789,0.0474,-0.01397,0.3838,0.6887,114.0,0.6536,23,0.2114,3.14,-0.358,1.0,445
GIG_2623,courier,bengaluru,bike,13792.64,0.2021,-0.0393,-0.00945,0.5431,0.9051,61.0,0.5863,17,0.2411,3.76,-0.346,1.0,519
GIG_2624,ride_hailing,pune,car,26298.58,0.363,0.1132,-0.01947,0.1692,0.4455,99.0,0.7374,37,0.2877,3.73,-0.438,1.0,484
GIG_2625,ride_hailing,mumbai,car,25365.43,0.3333,0.0813,-0.00943,0.1925,0.5068,89.0,,25,0.2571,3.43,-0.251,0.6667,371
GIG_2626,courier,bengaluru,scooter,27072.23,0.3631,0.1316,-0.02062,0.2697,0.6187,121.0,0.7026,31,0.3023,4.22,-0.527,1.0,464
GIG_2627,home_services,pune,none,17231.86,0.3139,0.0779,-0.00154,0.1646,0.8071,71.0,1.0,15,0.2195,3.01,0.067,1.0,545
GIG_2628,home_services,mumbai,none,31676.69,0.288,0.0482,-0.0037,0.2197,0.7591,92.0,0.9611,32,0.265,3.22,-0.08,1.0,581
GIG_2629,courier,hyderabad,car,25819.03,0.2601,0.0286,0.0041,0.2649,0.5131,87.0,,28,0.2706,2.79,-0.051,0.6667,503
GIG_2630,home_services,bengaluru,none,10655.62,0.3347,0.10535,0.00323,0.1414,0.7144,82.0,0.6882,33,0.2517,2.94,-0.037,1.0,525
GIG_2631,food_delivery,pune,bike,38942.67,0.3731,0.11,0.01214,0.3612,0.6418,78.0,0.7684,20,0.189,3.13,0.379,1.0,598
GIG_2632,ride_hailing,hyderabad,car,51476.74,0.2835,0.0433,-0.01311,0.3662,0.6321,121.0,0.8833,15,0.2672,3.66,-0.587,1.0,466
GIG_2633,ride_hailing,delhi,car,22738.6,0.3057,0.0655,-0.00946,0.3178,0.3789,126.0,0.7189,29,0.3135,3.75,-0.367,1.0,452
GIG_2634,ride_hailing,pune,car,44384.59,0.3144,0.0646,0.01357,0.3571,0.926,95.0,0.8246,18,0.1928,3.08,0.468,1.0,655
GIG_2635,ride_hailing,bengaluru,car,36929.55,0.1682,-0.0883,0.0055,0.4531,0.4438,94.0,0.7615,32,0.247,3.39,0.044,1.0,752
GIG_2636,food_delivery,delhi,bike,15911.54,0.2593,-0.00225,-0.01102,0.4967,0.3827,76.0,0.7058,33,0.2361,,,0.6667,508
GIG_2637,ride_hailing,delhi,car,28103.91,0.3387,0.0985,0.01644,0.2977,0.4515,70.0,0.7297,7,0.1336,3.07,0.565,1.0,570
GIG_2638,home_services,delhi,bike,25239.87,0.1582,-0.0582,0.00256,0.4694,0.4577,98.0,0.763,29,0.3028,3.69,0.082,1.0,684
GIG_2639,food_delivery,bengaluru,bike,23881.5,0.1761,-0.0687,-0.00225,0.611,0.6438,93.0,0.6438,29,0.3079,3.84,0.075,1.0,622
GIG_2640,food_delivery,delhi,scooter,19056.9,0.2746,0.007,0.00582,0.1699,0.8352,113.0,0.596,28,0.2604,,,0.6667,521
GIG_2641,food_delivery,bengaluru,bike,46479.28,0.3081,0.0633,-0.01437,0.3562,0.8317,105.0,0.6499,16,0.1945,2.84,-0.295,1.0,347
GIG_2642,home_services,pune,car,52542.06,0.2538,0.0232,0.00928,0.1654,0.5566,107.0,0.8075,22,0.2483,3.34,0.324,1.0,616
GIG_2643,courier,pune,bike,30354.72,0.2076,-0.025,0.00416,0.2997,0.5422,127.0,0.9892,25,0.3154,,,0.6667,592
GIG_2644,food_delivery,bengaluru,bike,11377.01,0.2065,-0.0383,0.00458,0.4956,0.4886,56.0,0.5,17,0.1731,2.95,0.004,1.0,626
GIG_2645,food_delivery,hyderabad,scooter,21179.27,0.3527,0.09035,-0.02096,0.3608,0.745,110.0,0.6589,42,0.3039,4.18,-0.424,1.0,609
GIG_2646,courier,hyderabad,scooter,15729.46,0.2229,-0.01195,-0.01064,0.174,0.8242,74.0,0.6227,12,0.1555,2.45,-0.443,1.0,300
GIG_2647,food_delivery,hyderabad,scooter,40150.95,0.2019,-0.06045,0.00041,0.415,0.561,89.0,0.7415,15,0.2474,3.02,0.116,1.0,576
GIG_2648,ride_hailing,delhi,car,22985.75,0.3711,0.1309,-1e-05,0.102,0.5009,,0.8414,21,0.2531,3.45,0.057,0.6667,488
GIG_2649,courier,bengaluru,scooter,51942.94,0.3591,0.1276,-0.01842,0.2441,0.8252,113.0,0.9306,28,0.302,3.37,-0.47,1.0,396
GIG_2650,ride_hailing,pune,car,52764.66,0.2317,-0.0181,-0.00829,0.6997,0.3752,163.0,,35,0.3199,3.93,-0.351,0.6667,519
GIG_2651,home_services,hyderabad,none,32190.27,0.2551,0.0186,-0.00369,0.2659,1.1665,79.0,,27,0.2032,3.39,-0.061,0.6667,448
GIG_2652,courier,mumbai,bike,12633.37,0.2329,0.0144,0.00989,0.6329,0.6386,,0.6784,15,0.1581,3.47,0.536,0.6667,819
GIG_2653,ride_hailing,delhi,car,30742.92,0.2382,-0.002,0.00018,0.376,0.6111,103.0,0.5569,33,0.2327,3.07,-0.059,1.0,451
GIG_2654,food_delivery,hyderabad,bike,41996.63,0.4239,0.1534,-0.01271,0.2113,1.1306,100.0,0.7543,18,0.1993,2.62,-0.448,1.0,334
GIG_2655,food_delivery,bengaluru,scooter,51324.81,0.2793,0.0165,0.00055,0.3239,0.3289,124.0,,31,0.2542,3.01,-0.121,0.6667,431
GIG_2656,ride_hailing,mumbai,car,13368.01,0.2034,-0.0486,0.00794,0.5764,0.6588,92.0,0.7562,32,0.2981,4.36,0.527,1.0,732
GIG_2657,food_delivery,bengaluru,scooter,18398.24,0.2636,0.0008,0.00493,0.3295,0.4494,,0.7865,22,0.2956,3.23,0.062,0.6667,566
GIG_2658,home_services,hyderabad,none,32129.06,0.1733,-0.0632,0.00547,0.4219,0.5675,83.0,0.6313,15,0.2135,3.09,0.087,1.0,749
GIG_2659,food_delivery,pune,scooter,45481.05,0.3364,0.0738,-0.01673,0.4626,0.4756,101.0,,18,0.2041,2.74,-0.341,0.6667,321
GIG_2660,ride_hailing,mumbai,car,43664.13,0.2056,-0.0464,-0.00275,0.4096,0.513,117.0,0.8159,41,0.2696,4.16,-0.08,1.0,454
GIG_2661,food_delivery,mumbai,bike,37665.41,0.2817,0.0296,0.00463,0.3048,0.5706,105.0,0.926,24,0.2728,,,0.6667,597
GIG_2662,courier,pune,car,46873.15,0.2758,0.0521,0.00947,0.2621,0.725,116.0,0.5489,28,0.2736,3.35,0.182,1.0,698
GIG_2663,ride_hailing,hyderabad,car,37388.43,0.2233,-0.0169,0.00167,0.308,0.5317,108.0,0.674,29,0.2879,3.12,0.071,1.0,480
GIG_2664,home_services,pune,none,18989.82,0.2406,0.0046,0.00088,0.3215,0.4718,69.0,,17,0.1632,2.96,0.135,0.6667,546
GIG_2665,food_delivery,delhi,bike,34249.71,0.3346,0.07305,-0.01656,0.5988,0.4264,96.0,0.7324,25,0.2194,3.17,-0.607,1.0,425
GIG_2666,food_delivery,delhi,bike,17592.36,0.2756,0.01405,-0.01252,0.1849,0.2841,97.0,,22,0.299,3.79,-0.45,0.6667,394
GIG_2667,ride_hailing,mumbai,car,15285.14,0.2781,0.0261,0.00038,0.1709,0.7053,75.0,0.8657,10,0.2283,2.88,-0.251,1.0,545
GIG_2668,courier,hyderabad,scooter,20252.17,0.2669,0.03205,0.00557,0.2414,0.5928,87.0,0.8678,32,0.3009,3.25,-0.064,1.0,611
GIG_2669,courier,mumbai,scooter,46591.42,0.1734,-0.0599,0.00482,0.6135,0.6512,117.0,0.663,30,0.2548,3.58,0.095,1.0,602
GIG_2670,home_services,mumbai,none,37283.28,0.2428,0.003,-0.0001,0.4696,0.4216,104.0,0.6277,32,0.2746,4.14,0.091,1.0,606
GIG_2671,ride_hailing,pune,car,29579.8,0.2975,0.0477,-0.01235,0.2202,0.5123,101.0,0.5949,23,0.2181,3.65,-0.588,1.0,300
GIG_2672,ride_hailing,hyderabad,car,40811.68,0.2793,0.0391,0.00941,0.3751,0.7828,122.0,0.8726,31,0.2491,3.79,0.527,1.0,827
GIG_2673,food_delivery,pune,scooter,30022.89,0.3547,0.0921,0.01313,0.2122,1.0787,85.0,0.8521,18,0.2088,3.57,0.393,1.0,739
GIG_2674,ride_hailing,delhi,car,14872.08,0.2708,0.0306,0.00951,0.3021,0.8001,75.0,,15,0.1949,3.27,0.186,0.6667,654
GIG_2675,ride_hailing,hyderabad,car,42584.02,0.4037,0.1635,-0.01496,0.095,0.3205,123.0,,27,0.3124,3.43,-0.525,0.6667,421
GIG_2676,ride_hailing,mumbai,car,45889.71,0.2526,0.0006,-0.00083,0.3598,0.6834,,0.7231,24,0.2535,3.5,-0.14,0.6667,502
GIG_2677,ride_hailing,bengaluru,car,45563.49,0.2933,0.0368,0.01361,0.2958,0.5605,,0.7471,8,0.1716,2.71,0.364,0.6667,691
GIG_2678,food_delivery,delhi,bike,28903.87,0.2271,-0.03445,0.004,0.5412,0.7043,105.0,,31,0.2685,4.09,-0.041,0.6667,503
GIG_2679,ride_hailing,bengaluru,car,36040.46,0.2478,-0.0087,0.00492,0.4588,1.0106,,0.5,28,0.2228,3.27,-0.041,0.6667,589
GIG_2680,food_delivery,mumbai,bike,12366.15,0.2026,-0.0495,0.00047,0.4584,0.4693,62.0,,23,0.2329,3.39,0.182,0.6667,465
GIG_2681,food_delivery,delhi,scooter,15207.64,0.1803,-0.0873,0.00221,0.32,0.7578,89.0,0.6952,29,0.2875,,,0.6667,514
GIG_2682,courier,bengaluru,car,46508.38,0.3001,0.0541,-0.00356,0.1978,0.4948,90.0,0.7564,14,0.1911,2.76,0.05,1.0,563
GIG_2683,food_delivery,pune,bike,13908.47,0.3322,0.0691,0.00876,0.2281,0.7702,,0.7598,24,0.2984,2.98,0.288,0.6667,640
GIG_2684,food_delivery,hyderabad,scooter,30285.56,0.1523,-0.11005,-0.00054,0.7142,0.8078,93.0,0.5643,19,0.2216,3.04,-0.205,1.0,509
GIG_2685,courier,delhi,car,26836.78,0.1513,-0.07415,0.00126,0.5479,0.3953,107.0,0.6886,37,0.3547,4.19,0.059,1.0,792
GIG_2686,courier,delhi,scooter,43179.8,0.1708,-0.08065,-0.00215,0.4863,0.6323,81.0,0.6203,8,0.1573,3.31,-0.242,1.0,612
GIG_2687,food_delivery,hyderabad,scooter,37109.17,0.2336,-0.02875,0.00295,0.4803,0.2284,,0.6177,36,0.3505,3.99,-0.055,0.6667,587
GIG_2688,home_services,delhi,bike,21179.78,0.1518,-0.0646,-0.00017,0.4167,0.6246,90.0,0.7454,32,0.2774,3.78,-0.258,1.0,585
GIG_2689,food_delivery,bengaluru,bike,20600.44,0.1936,-0.0512,-0.00235,0.345,0.3056,90.0,0.8657,29,0.2613,3.7,-0.042,1.0,498
GIG_2690,food_delivery,hyderabad,bike,20499.58,0.3731,0.1026,0.01489,0.2505,0.7021,79.0,0.6898,20,0.1969,3.18,0.534,1.0,601
GIG_2691,courier,delhi,scooter,32881.0,0.2136,-0.03785,0.00716,0.3352,0.5271,87.0,0.6678,19,0.186,3.37,0.097,1.0,781
GIG_2692,ride_hailing,mumbai,car,26833.45,0.2574,0.0054,0.0097,0.5119,0.5127,93.0,,23,0.252,3.48,0.223,0.6667,724
GIG_2693,food_delivery,delhi,scooter,51352.17,0.3145,0.0469,0.01624,0.5861,0.6776,,0.8464,22,0.2326,3.7,0.386,0.6667,778
GIG_2694,food_delivery,hyderabad,bike,33833.66,0.2205,-0.05,-0.0078,0.6221,0.5405,110.0,0.6826,22,0.1924,,,0.6667,516
GIG_2695,ride_hailing,hyderabad,car,35087.41,0.2317,-0.0085,0.00521,0.3895,0.5214,108.0,0.8989,18,0.2355,3.46,0.308,1.0,514
GIG_2696,ride_hailing,pune,car,19202.26,0.2921,0.0423,0.01494,0.4886,0.5973,84.0,0.508,32,0.282,3.5,0.548,1.0,834
GIG_2697,food_delivery,mumbai,bike,40827.81,0.2231,-0.029,-0.00824,0.5562,0.7556,103.0,0.576,25,0.2639,3.69,-0.26,1.0,609
GIG_2698,courier,hyderabad,bike,39806.05,0.2647,0.0259,0.01104,0.5043,0.8864,125.0,0.6498,23,0.2484,3.28,0.415,1.0,710
GIG_2699,home_services,hyderabad,none,42599.59,0.2155,-0.021,0.00096,0.2859,1.2383,113.0,0.7949,37,0.2419,3.89,0.002,1.0,537
GIG_2700,food_delivery,mumbai,bike,15347.77,0.2783,0.0262,0.00213,0.333,0.8346,,0.5881,13,0.1457,2.6,-0.127,0.6667,391
GIG_2701,food_delivery,delhi,scooter,22874.59,0.2366,-0.031,-0.0007,0.2322,0.754,,0.914,24,0.2234,3.34,0.134,0.6667,647
GIG_2702,food_delivery,bengaluru,bike,49562.02,0.2785,0.0337,0.00369,0.2375,0.4018,85.0,0.8982,16,0.2444,3.12,0.217,1.0,571
GIG_2703,home_services,hyderabad,car,20789.14,0.2947,0.0593,0.01094,0.2558,0.5586,80.0,0.8966,27,0.2695,3.96,0.437,1.0,638
GIG_2704,food_delivery,hyderabad,bike,40608.19,0.3368,0.0663,-0.0156,0.1754,0.664,97.0,0.863,17,0.2113,2.89,-0.463,1.0,300
GIG_2705,food_delivery,hyderabad,scooter,27896.52,0.3066,0.04425,0.01293,0.395,0.8344,105.0,0.5,36,0.2603,4.11,0.292,1.0,716
GIG_2706,courier,hyderabad,scooter,20897.92,0.1649,-0.06995,0.00182,0.4978,0.4334,83.0,0.8456,25,0.2508,3.79,-0.035,1.0,647
GIG_2707,ride_hailing,mumbai,car,34314.82,0.2269,-0.0251,-2e-05,0.4415,0.7233,125.0,0.6646,39,0.3071,3.48,0.011,1.0,608
GIG_2708,ride_hailing,bengaluru,bike,50054.25,0.2842,0.02795,-0.01308,0.2183,0.6628,110.0,0.6156,30,0.2592,2.93,-0.507,1.0,300
GIG_2709,ride_hailing,hyderabad,scooter,54602.56,0.1633,-0.0671,-0.00084,0.5594,0.3491,117.0,0.7092,31,0.2768,3.93,0.034,1.0,737
GIG_2710,food_delivery,mumbai,bike,28149.62,0.3608,0.1087,0.00919,0.1319,1.1196,102.0,0.5,31,0.217,2.71,0.534,1.0,550
GIG_2711,food_delivery,hyderabad,bike,18175.75,0.2083,-0.0622,-0.00317,0.3126,0.7764,102.0,0.7019,22,0.277,3.26,-0.061,1.0,631
GIG_2712,ride_hailing,delhi,car,25836.46,0.2126,-0.0276,-0.00259,0.3349,0.6784,84.0,,23,0.2442,3.79,0.039,0.6667,537
GIG_2713,ride_hailing,mumbai,car,37568.69,0.1558,-0.0962,-0.00097,0.6669,0.3731,93.0,0.7511,16,0.2393,3.24,0.025,1.0,472
GIG_2714,courier,mumbai,bike,38614.91,0.2491,0.0306,0.00016,0.3779,0.5847,75.0,0.7085,5,0.1535,3.19,0.047,1.0,440
GIG_2715,food_delivery,pune,bike,26367.92,0.2139,-0.0492,-0.0067,0.5305,0.6847,,0.8116,28,0.3096,4.03,-0.578,0.6667,603
GIG_2716,courier,bengaluru,bike,16057.71,0.3079,0.0665,0.01838,0.2643,0.8327,65.0,0.8809,24,0.2471,3.0,0.461,1.0,606
GIG_2717,ride_hailing,hyderabad,car,18151.18,0.3321,0.0919,-0.00894,0.1364,0.8315,83.0,0.6606,14,0.154,2.53,-0.282,1.0,300
GIG_2718,ride_hailing,bengaluru,car,31551.81,0.2621,0.0056,0.00705,0.3419,0.5982,89.0,0.5619,29,0.1884,2.47,0.179,1.0,565
GIG_2719,courier,mumbai,scooter,32160.22,0.3486,0.1153,-0.01924,0.4693,0.504,104.0,0.6316,30,0.374,3.61,-0.663,1.0,487
GIG_2720,ride_hailing,hyderabad,car,24862.49,0.348,0.1078,-0.01443,0.4546,0.4174,122.0,0.6814,46,0.3598,4.06,-0.476,1.0,369
GIG_2721,ride_hailing,hyderabad,car,30908.23,0.2643,0.0241,-0.01438,0.3901,0.3852,123.0,0.607,34,0.3317,3.5,-0.619,1.0,468
GIG_2722,ride_hailing,mumbai,car,23339.78,0.3153,0.0633,-0.0114,0.2168,0.3441,,0.7674,11,0.174,3.35,-0.31,0.6667,318
GIG_2723,food_delivery,hyderabad,bike,37368.26,0.3601,0.0896,-0.01777,0.253,1.241,116.0,0.8229,23,0.2747,3.8,-0.482,1.0,349
GIG_2724,home_services,bengaluru,none,38501.06,0.2053,-0.02405,0.00617,0.5802,0.6506,134.0,0.7676,25,0.2195,3.66,0.233,1.0,667
GIG_2725,courier,pune,bike,36519.62,0.3844,0.1518,0.01196,0.1028,1.0689,106.0,0.6963,32,0.208,2.58,0.301,1.0,592
GIG_2726,food_delivery,mumbai,scooter,17744.94,0.2682,0.0072,0.01393,0.6101,0.3448,79.0,0.6888,22,0.2723,3.88,0.371,1.0,797
GIG_2727,courier,delhi,scooter,26672.74,0.3175,0.06605,0.0152,0.2482,0.7178,107.0,0.7455,25,0.246,3.41,0.677,1.0,654
GIG_2728,ride_hailing,delhi,car,33377.54,0.1734,-0.0668,0.00073,0.6858,0.7869,73.0,0.6079,23,0.1917,3.21,0.141,1.0,696
GIG_2729,courier,delhi,scooter,16454.79,0.3053,0.05385,-0.00276,0.1977,0.4169,86.0,0.5705,35,0.2748,3.12,0.033,1.0,482
GIG_2730,ride_hailing,pune,car,31165.16,0.3696,0.1198,0.01161,0.1322,0.7192,79.0,,22,0.1621,2.93,0.287,0.6667,617
GIG_2731,home_services,bengaluru,none,25343.88,0.2694,0.04005,-0.01202,0.2634,0.5648,123.0,0.9258,39,0.3097,3.21,-0.346,1.0,452
GIG_2732,home_services,bengaluru,none,50317.43,0.3339,0.10455,0.01226,0.1756,0.9742,99.0,0.9639,17,0.1924,3.25,0.489,1.0,620
GIG_2733,food_delivery,pune,scooter,22094.47,0.3503,0.0877,-0.01449,0.275,0.8126,,0.5987,32,0.2811,3.66,-0.601,0.6667,401
GIG_2734,ride_hailing,hyderabad,car,42267.79,0.3395,0.0993,0.01577,0.2807,0.5648,145.0,0.9893,37,0.3033,4.02,0.486,1.0,741
GIG_2735,ride_hailing,hyderabad,car,29800.47,0.2702,0.03,-0.00276,0.2989,0.4948,93.0,0.5248,27,0.2572,3.51,0.076,1.0,569
GIG_2736,ride_hailing,pune,car,34663.72,0.275,0.0252,0.00712,0.1993,0.3522,94.0,0.5071,24,0.2243,2.82,0.054,1.0,449
GIG_2737,courier,pune,bike,14315.01,0.2041,-0.0285,-0.00025,0.4487,0.3366,77.0,,10,0.1991,3.12,-0.106,0.6667,521
GIG_2738,ride_hailing,hyderabad,car,37233.79,0.2804,0.0402,-0.01354,0.257,0.9507,91.0,0.8531,35,0.2548,3.29,-0.418,1.0,384
GIG_2739,home_services,hyderabad,none,28162.75,0.3898,0.1533,0.01348,0.1492,0.6333,93.0,,21,0.2138,3.51,0.434,0.6667,565
GIG_2740,ride_hailing,delhi,car,48627.63,0.2322,-0.008,0.00243,0.2869,0.5902,94.0,0.6021,28,0.234,2.72,0.132,1.0,462
GIG_2741,courier,bengaluru,bike,49867.19,0.3401,0.0987,-0.01587,0.3198,0.8569,95.0,,18,0.2167,3.45,-0.493,0.6667,382
GIG_2742,food_delivery,delhi,scooter,38817.48,0.2877,0.0201,-0.01085,0.1306,0.253,98.0,0.8122,22,0.1967,3.03,-0.565,1.0,380
GIG_2743,home_services,hyderabad,none,42798.29,0.212,-0.0245,-0.00914,0.5338,0.3715,,0.7938,22,0.2285,3.32,-0.257,0.6667,526
GIG_2744,courier,hyderabad,bike,17927.66,0.2868,0.048,0.00236,0.2542,0.8831,52.0,0.6728,24,0.1258,2.68,0.128,1.0,435
GIG_2745,courier,pune,scooter,37957.37,0.1864,-0.04495,-0.00012,0.5421,0.7808,98.0,,24,0.2245,3.76,0.084,0.6667,614
GIG_2746,food_delivery,hyderabad,bike,23338.67,0.3153,0.0448,-0.01717,0.4157,0.4094,85.0,,18,0.2668,,,0.3333,480
GIG_2747,courier,hyderabad,bike,45615.61,0.3955,0.1567,-0.0099,0.1882,0.4529,157.0,0.9348,38,0.3452,,,0.6667,517
GIG_2748,courier,pune,bike,11295.89,0.3421,0.1095,0.01822,0.4868,0.9154,,0.8206,24,0.2328,3.87,0.39,0.6667,771
GIG_2749,food_delivery,pune,bike,19111.65,0.2573,-0.0058,0.00022,0.362,0.6771,97.0,0.6909,30,0.2677,2.89,-0.223,1.0,532
GIG_2750,ride_hailing,bengaluru,car,27813.9,0.29,0.0335,0.00505,0.2643,0.9801,81.0,0.7996,20,0.2073,,,0.6667,595
GIG_2751,home_services,hyderabad,none,30425.74,0.3221,0.0856,0.01425,0.2154,0.6032,62.0,0.6906,16,0.1905,2.47,0.418,1.0,714
GIG_2752,courier,delhi,car,35266.87,0.226,0.00055,0.00113,0.4311,0.8522,101.0,0.8332,35,0.2925,3.64,-0.102,1.0,641
GIG_2753,food_delivery,pune,bike,33630.36,0.2548,-0.0083,0.00338,0.335,1.032,119.0,0.8664,31,0.2751,3.75,-0.087,1.0,653
GIG_2754,home_services,delhi,car,35341.88,0.1565,-0.0463,-0.00032,0.4918,0.5331,114.0,0.657,29,0.292,4.02,0.129,1.0,569
GIG_2755,courier,bengaluru,scooter,42817.54,0.2295,-0.002,0.00289,0.3215,0.4385,106.0,,22,0.2317,2.77,0.105,0.6667,475
GIG_2756,ride_hailing,hyderabad,car,20719.96,0.2454,0.0052,0.00979,0.4541,0.3555,,0.6902,14,0.2742,3.45,0.256,0.6667,747
GIG_2757,food_delivery,delhi,bike,37295.71,0.2491,-0.01245,0.00323,0.387,0.5176,90.0,0.8757,27,0.2483,3.22,0.02,1.0,626
GIG_2758,ride_hailing,bengaluru,car,16425.73,0.2514,-0.0051,-0.01209,0.3316,0.5331,73.0,,28,0.1957,3.43,-0.257,0.6667,313
GIG_2759,ride_hailing,bengaluru,car,14183.38,0.3042,0.0477,-0.01023,0.2279,0.8668,60.0,0.8127,10,0.1496,2.83,-0.509,1.0,300
GIG_2760,home_services,bengaluru,none,26238.53,0.2021,-0.02725,-0.00181,0.2055,0.6929,57.0,0.894,9,0.1762,,,0.6667,589
GIG_2761,food_delivery,pune,bike,34427.88,0.2509,-0.0122,0.01147,0.2853,0.6,98.0,0.9557,13,0.2559,2.83,0.41,1.0,592
GIG_2762,ride_hailing,bengaluru,car,40885.45,0.2935,0.037,0.01011,0.3554,0.614,137.0,0.8945,36,0.33,3.97,0.402,1.0,669
GIG_2763,ride_hailing,delhi,car,47660.32,0.2056,-0.0346,0.00225,0.4055,0.7686,109.0,0.7311,28,0.2525,3.87,-0.04,1.0,525
GIG_2764,ride_hailing,mumbai,car,43846.88,0.2346,-0.0174,-0.0028,0.1469,0.9749,125.0,,32,0.2903,3.41,0.108,0.6667,506
GIG_2765,food_delivery,pune,bike,28149.63,0.2757,0.0126,0.0026,0.3494,0.5867,99.0,0.7304,25,0.244,3.68,0.023,1.0,531
GIG_2766,ride_hailing,bengaluru,car,23279.16,0.2939,0.0374,-0.01242,0.2535,0.4884,,0.911,22,0.1502,2.33,-0.565,0.6667,319
GIG_2767,food_delivery,bengaluru,bike,19846.08,0.2644,0.0196,0.00331,0.1644,0.6132,77.0,,23,0.2331,2.75,0.021,0.6667,429
GIG_2768,ride_hailing,bengaluru,car,20261.04,0.1648,-0.0917,1e-05,0.4381,0.5624,,0.7933,22,0.1913,3.54,0.064,0.6667,575
GIG_2769,courier,pune,bike,25272.09,0.2345,0.0019,-0.01195,0.5469,0.7558,92.0,0.5383,27,0.2146,3.19,-0.497,1.0,513
GIG_2770,food_delivery,delhi,scooter,22741.72,0.3862,0.1186,0.01568,0.2038,0.7712,76.0,0.803,15,0.2052,2.85,0.359,1.0,548
GIG_2771,ride_hailing,bengaluru,car,47951.85,0.1926,-0.0639,-0.00119,0.4792,0.834,113.0,0.5704,26,0.2513,3.53,0.138,1.0,652
GIG_2772,food_delivery,delhi,scooter,23067.57,0.2459,-0.0217,-0.0015,0.2488,0.5841,93.0,0.801,31,0.2463,3.66,-0.09,1.0,503
GIG_2773,ride_hailing,hyderabad,car,33550.75,0.2467,0.0065,-0.00232,0.2899,1.0441,147.0,0.9501,41,0.3924,4.39,0.139,1.0,657
GIG_2774,food_delivery,delhi,car,23179.38,0.2931,0.0,-0.00741,0.1915,0.4425,87.0,0.8182,31,0.2801,3.82,-0.35,1.0,389
GIG_2775,ride_hailing,mumbai,car,40406.88,0.2978,0.0458,-0.0112,0.4284,0.4912,98.0,0.9538,23,0.207,4.01,-0.563,1.0,398
GIG_2776,food_delivery,hyderabad,scooter,29172.44,0.3404,0.07805,0.0137,0.2101,0.8571,97.0,0.7024,24,0.2303,3.65,0.425,1.0,709
GIG_2777,home_services,bengaluru,none,31651.5,0.3385,0.10915,-0.01571,0.1321,0.5842,84.0,0.7367,29,0.2417,3.6,-0.367,1.0,374
GIG_2778,ride_hailing,hyderabad,car,52312.34,0.1987,-0.0415,-0.00097,0.4888,0.4255,93.0,0.9472,10,0.2062,3.3,0.185,1.0,502
GIG_2779,home_services,bengaluru,none,40932.89,0.1969,-0.03245,0.00862,0.4852,0.6348,87.0,0.7087,24,0.2396,3.71,0.36,1.0,689
GIG_2780,food_delivery,hyderabad,car,38571.07,0.2194,-0.04615,0.00104,0.4604,0.8466,,0.8101,26,0.3185,3.76,0.101,0.6667,628
GIG_2781,courier,pune,bike,25421.4,0.1891,-0.0435,0.00368,0.3377,0.4121,104.0,0.8083,30,0.291,3.33,0.186,1.0,743
GIG_2782,ride_hailing,bengaluru,car,12428.85,0.2166,-0.0399,-0.00865,0.3891,0.525,66.0,0.7737,24,0.2476,3.79,-0.263,1.0,577
GIG_2783,ride_hailing,hyderabad,car,45581.83,0.3464,0.1062,0.01531,0.28,0.7404,78.0,,8,0.1312,2.57,0.431,0.6667,780
GIG_2784,ride_hailing,bengaluru,car,35118.46,0.2501,-0.0064,-0.00413,0.3187,0.6792,119.0,0.8043,36,0.276,4.4,0.003,1.0,597
GIG_2785,food_delivery,mumbai,bike,31079.93,0.2002,-0.0519,0.00126,0.5954,0.842,99.0,0.6968,18,0.1892,3.11,0.058,1.0,660
GIG_2786,courier,bengaluru,scooter,27616.99,0.2722,0.0407,0.00498,0.1551,0.5835,117.0,0.7399,28,0.3122,3.15,-0.014,1.0,587
GIG_2787,home_services,hyderabad,bike,38031.64,0.179,-0.0513,-0.00284,0.4155,0.5924,100.0,,34,0.2928,3.03,-0.044,0.6667,620
GIG_2788,ride_hailing,bengaluru,car,24072.39,0.2474,-0.0091,-0.00036,0.3558,0.5278,99.0,0.6346,27,0.2456,3.57,0.079,1.0,570
GIG_2789,food_delivery,bengaluru,scooter,47399.51,0.2058,-0.057,-0.00224,0.4875,0.3807,106.0,0.7595,23,0.2717,3.95,0.122,1.0,550
GIG_2790,home_services,hyderabad,bike,20638.73,0.2292,-0.0011,-0.00083,0.2671,0.2826,71.0,0.7599,16,0.1835,3.31,0.214,1.0,540
GIG_2791,ride_hailing,delhi,car,34823.99,0.1962,-0.044,-0.00502,0.2925,0.5931,90.0,0.7486,21,0.2501,3.22,-0.267,1.0,380
GIG_2792,home_services,pune,car,31411.35,0.2142,-0.0164,-0.00616,0.3829,0.4694,78.0,0.8168,16,0.214,2.97,-0.485,1.0,477
GIG_2793,home_services,bengaluru,bike,42225.24,0.1546,-0.0807,0.00156,0.2572,0.4477,138.0,0.8,34,0.3228,3.96,0.119,1.0,554
GIG_2794,ride_hailing,mumbai,car,34182.14,0.3593,0.1073,-0.01448,0.2911,0.6473,90.0,0.7397,14,0.2611,2.91,-0.526,1.0,300
GIG_2795,food_delivery,hyderabad,bike,26382.59,0.2562,-0.0143,0.00792,0.3935,0.605,108.0,0.8687,26,0.2761,3.45,0.515,1.0,626
GIG_2796,home_services,pune,none,15166.02,0.3311,0.0951,-0.01607,0.2496,0.568,78.0,,29,0.2534,3.26,-0.373,0.6667,405
GIG_2797,food_delivery,bengaluru,bike,14114.68,0.2492,0.0044,0.00962,0.5216,1.2313,,0.6017,11,0.1722,3.32,0.448,0.6667,619
GIG_2798,ride_hailing,pune,car,16246.11,0.1856,-0.0642,0.00182,0.2992,0.55,64.0,0.6157,19,0.1754,,,0.6667,563
GIG_2799,home_services,mumbai,none,30844.41,0.2147,-0.0251,-0.00106,0.1946,0.4285,84.0,0.7945,19,0.2222,3.32,0.081,1.0,576
GIG_2800,ride_hailing,hyderabad,car,21620.07,0.1924,-0.0478,-0.00242,0.5103,0.5009,85.0,0.7182,22,0.2696,3.58,-0.172,1.0,614
GIG_2801,ride_hailing,bengaluru,bike,11370.15,0.3421,0.08585,-0.0135,0.2531,0.2351,,0.5254,18,0.1969,2.84,-0.466,0.6667,438
GIG_2802,courier,delhi,bike,22639.18,0.2414,-0.0206,-0.00781,0.3516,0.9378,,0.7214,15,0.2235,3.27,-0.384,0.6667,509
GIG_2803,food_delivery,mumbai,scooter,38273.62,0.2277,-0.0333,-0.00869,0.2872,0.669,86.0,0.5113,13,0.1247,2.76,-0.104,1.0,444
GIG_2804,food_delivery,bengaluru,scooter,33629.22,0.2729,0.0101,0.00254,0.1965,0.4849,103.0,,26,0.286,3.4,-0.019,0.6667,563
GIG_2805,ride_hailing,bengaluru,car,52677.91,0.2349,-0.0216,0.00609,0.4107,0.7325,122.0,0.9618,29,0.3109,4.29,0.311,1.0,662
GIG_2806,ride_hailing,hyderabad,bike,30264.64,0.1371,-0.0898,-0.00192,0.6803,0.7118,97.0,0.6716,31,0.2653,3.56,0.039,1.0,526
GIG_2807,food_delivery,mumbai,bike,34711.2,0.2829,0.0308,0.01238,0.3064,0.5817,122.0,0.6036,34,0.2703,3.66,0.394,1.0,733
GIG_2808,home_services,hyderabad,none,16241.64,0.2489,0.0124,0.00775,0.3139,0.8098,91.0,0.8973,18,0.244,,,0.6667,571
GIG_2809,courier,bengaluru,scooter,49330.22,0.2075,-0.024,-0.00256,0.2997,0.5765,122.0,0.6652,34,0.2523,2.77,0.104,1.0,411
GIG_2810,home_services,hyderabad,none,49580.31,0.2136,-0.0229,0.00689,0.5536,0.784,101.0,0.7432,12,0.1712,3.14,0.345,1.0,682
GIG_2811,ride_hailing,pune,bike,52407.22,0.3073,0.07175,0.01596,0.3408,0.7639,113.0,,25,0.2834,3.54,0.392,0.6667,742
GIG_2812,home_services,hyderabad,none,12994.13,0.2683,0.0318,-0.0077,0.3033,0.3621,104.0,0.8785,29,0.2972,3.38,-0.33,1.0,467
GIG_2813,food_delivery,pune,bike,48067.67,0.172,-0.0911,0.00304,0.5995,0.5654,107.0,0.8156,16,0.2093,3.82,0.176,1.0,712
GIG_2814,ride_hailing,mumbai,car,47749.07,0.1872,-0.0648,0.0043,0.5202,0.3825,124.0,,28,0.2643,4.32,0.18,0.6667,632
GIG_2815,courier,hyderabad,bike,26069.47,0.1743,-0.0645,-0.00022,0.3722,0.5199,68.0,,9,0.1837,2.69,-0.015,0.6667,486
GIG_2816,ride_hailing,bengaluru,car,17608.78,0.2088,-0.0477,0.00054,0.5111,0.8255,68.0,0.7882,23,0.195,3.02,0.129,1.0,578
GIG_2817,courier,delhi,car,30547.63,0.2249,-0.00055,0.01083,0.3749,0.4432,,0.8512,25,0.2859,3.45,0.215,0.6667,650
GIG_2818,ride_hailing,mumbai,car,14722.64,0.1928,-0.0592,-0.00335,0.438,0.5819,70.0,0.6921,24,0.2414,,,0.6667,583
GIG_2819,food_delivery,bengaluru,bike,56879.65,0.2309,-0.0139,0.01148,0.7981,0.4294,115.0,0.7253,11,0.2272,3.85,0.573,1.0,603
GIG_2820,ride_hailing,bengaluru,bike,25645.45,0.2609,0.00465,-0.01022,0.4442,0.6342,71.0,,19,0.173,3.41,-0.311,0.6667,493
GIG_2821,food_delivery,pune,car,28453.5,0.2697,-0.0056,0.00403,0.4122,0.8624,88.0,0.7786,27,0.2707,3.57,0.107,1.0,656
GIG_2822,food_delivery,mumbai,bike,22012.55,0.1948,-0.0573,-0.00085,0.3394,0.625,104.0,0.7976,27,0.2558,3.13,0.025,1.0,454
GIG_2823,food_delivery,delhi,bike,41605.67,0.2298,-0.03175,-0.00922,0.5693,0.5927,104.0,0.6297,16,0.2481,3.99,-0.308,1.0,578
GIG_2824,food_delivery,delhi,bike,42719.62,0.2108,-0.05075,-0.00542,0.4929,0.9443,118.0,0.7217,27,0.2831,3.72,-0.277,1.0,411
GIG_2825,courier,bengaluru,scooter,21295.57,0.2243,-0.0072,0.00523,0.3321,0.519,110.0,0.8488,39,0.3806,3.47,0.312,1.0,670
GIG_2826,ride_hailing,delhi,car,49539.37,0.3076,0.0674,-0.00183,0.2006,0.592,,0.5,35,0.263,3.19,0.097,0.6667,469
GIG_2827,ride_hailing,bengaluru,car,23444.61,0.2856,0.0291,-0.00881,0.2182,0.9468,90.0,0.6742,32,0.2496,3.06,-0.476,1.0,401
GIG_2828,food_delivery,pune,bike,45464.98,0.3705,0.1074,-0.01781,0.1331,0.223,124.0,0.9286,26,0.3028,3.44,-0.613,1.0,440
GIG_2829,home_services,mumbai,none,38722.96,0.2096,-0.0302,0.00026,0.3587,0.5619,122.0,0.8927,31,0.2772,4.03,0.135,1.0,566
GIG_2830,food_delivery,hyderabad,scooter,33053.05,0.1736,-0.08875,-0.0006,0.2765,0.3655,80.0,0.8019,22,0.1964,3.16,0.06,1.0,568
GIG_2831,food_delivery,delhi,scooter,41374.98,0.2396,-0.028,-0.00199,0.4378,0.5335,,0.8108,23,0.3028,3.75,-0.151,0.6667,621
GIG_2832,ride_hailing,pune,car,23355.29,0.3908,0.141,-0.01957,0.3597,0.6115,86.0,0.8226,21,0.2332,3.87,-0.445,1.0,491
GIG_2833,food_delivery,pune,scooter,40432.56,0.2005,-0.0621,-0.00074,0.4242,0.8074,95.0,0.9078,18,0.26,3.44,-0.073,1.0,640
GIG_2834,food_delivery,bengaluru,bike,41620.64,0.3253,0.0805,0.01178,0.3661,0.4853,,0.9744,19,0.2449,,,0.3333,673
GIG_2835,ride_hailing,bengaluru,bike,53854.88,0.1951,-0.06115,0.00187,0.4434,0.6923,121.0,,26,0.2264,4.11,-0.104,0.6667,586
GIG_2836,food_delivery,hyderabad,bike,15474.33,0.2829,0.0124,0.00309,0.1634,0.4978,92.0,,24,0.2719,3.41,0.189,0.6667,401
GIG_2837,food_delivery,hyderabad,scooter,39583.74,0.2232,-0.03915,-0.00179,0.2652,0.6776,129.0,0.8735,35,0.3082,3.66,-0.058,1.0,447
GIG_2838,ride_hailing,delhi,car,14399.82,0.2251,-0.0151,-0.00439,0.3863,0.2677,62.0,0.5878,11,0.197,3.01,-0.167,1.0,460
GIG_2839,food_delivery,hyderabad,scooter,23370.7,0.2555,-0.00685,0.00743,0.1894,0.6776,94.0,,26,0.1779,2.6,0.147,0.6667,498
GIG_2840,ride_hailing,mumbai,car,30415.94,0.2937,0.0417,-0.0147,0.3767,0.5009,77.0,,15,0.198,3.0,-0.456,0.6667,425
GIG_2841,food_delivery,hyderabad,scooter,23061.32,0.3106,0.04825,0.00964,0.2919,1.0053,,,10,0.1872,3.26,0.234,0.3333,698
GIG_2842,ride_hailing,pune,bike,48143.2,0.2342,-0.00135,0.00106,0.128,0.4334,135.0,0.6694,38,0.264,3.34,-0.016,1.0,490
GIG_2843,food_delivery,pune,bike,20156.82,0.2758,0.0127,0.00521,0.2631,0.4954,121.0,0.7996,33,0.3391,3.78,0.076,1.0,656
GIG_2844,courier,mumbai,car,37365.37,0.2179,0.0011,0.00177,0.4445,1.2655,,0.9059,16,0.2299,3.82,0.066,0.6667,623
GIG_2845,food_delivery,pune,scooter,33858.98,0.3804,0.1178,-0.01868,0.1846,0.6398,132.0,0.6068,41,0.2788,3.16,-0.662,1.0,300
GIG_2846,courier,pune,scooter,24290.94,0.1872,-0.04415,-0.00656,0.5617,0.6076,,0.818,15,0.2394,3.59,-0.274,0.6667,585
GIG_2847,home_services,hyderabad,none,39936.74,0.3098,0.0733,0.00946,0.1128,0.4563,119.0,0.9462,40,0.3345,3.65,0.377,1.0,675
GIG_2848,food_delivery,delhi,bike,37426.0,0.2447,-0.01685,0.00756,0.4317,0.5579,106.0,0.6448,28,0.2238,3.42,0.265,1.0,633
GIG_2849,courier,mumbai,scooter,35116.99,0.2053,-0.028,-0.0016,0.3753,0.8103,103.0,0.7572,12,0.239,3.54,-0.062,1.0,724
GIG_2850,food_delivery,mumbai,scooter,18607.37,0.2601,-0.0009,0.01313,0.6933,0.3515,94.0,1.0,20,0.295,,,0.6667,778
GIG_2851,food_delivery,mumbai,car,44883.74,0.1985,-0.05785,0.00475,0.3026,0.3925,118.0,,30,0.2852,3.85,0.051,0.6667,661
GIG_2852,food_delivery,hyderabad,bike,13863.08,0.2765,0.006,0.0055,0.2168,0.5512,67.0,0.7544,17,0.1974,3.01,0.443,1.0,596
GIG_2853,food_delivery,delhi,bike,49412.54,0.2744,0.01285,0.00026,0.0952,0.5623,86.0,0.745,19,0.1705,2.81,0.041,1.0,316
GIG_2854,ride_hailing,delhi,car,16946.7,0.2875,0.0473,0.01115,0.3351,0.6113,66.0,,25,0.2421,3.09,0.211,0.6667,630
GIG_2855,courier,delhi,bike,35197.37,0.2863,0.0243,0.01405,0.3242,0.6165,107.0,0.81,36,0.2754,3.92,0.374,1.0,704
GIG_2856,food_delivery,hyderabad,scooter,43190.56,0.2984,0.03605,-0.01086,0.1778,0.3632,115.0,0.8624,8,0.187,2.32,-0.32,1.0,313
GIG_2857,home_services,delhi,car,47313.9,0.2062,0.0034,-0.00134,0.3657,0.8349,118.0,0.8238,24,0.2766,,,0.6667,519
GIG_2858,courier,mumbai,scooter,49606.18,0.2493,0.016,0.01168,0.5535,0.4389,85.0,0.8834,13,0.2149,3.26,0.452,1.0,775
GIG_2859,ride_hailing,bengaluru,car,42327.13,0.3019,0.0454,-0.00291,0.131,0.4222,104.0,0.8376,26,0.2669,3.38,-0.017,1.0,538
GIG_2860,food_delivery,pune,bike,46030.18,0.3348,0.0717,-0.00713,0.0885,1.117,129.0,,25,0.2139,,,0.3333,466
GIG_2861,courier,bengaluru,bike,52722.84,0.2109,-0.0305,0.00767,0.5462,0.7705,108.0,0.758,23,0.2312,4.13,0.536,1.0,833
GIG_2862,food_delivery,hyderabad,scooter,38867.25,0.2057,-0.05665,0.00188,0.2707,0.5032,111.0,,27,0.2754,3.29,0.028,0.6667,502
GIG_2863,courier,pune,scooter,51665.9,0.1382,-0.09315,0.00246,0.5504,0.4658,115.0,0.7709,33,0.2611,4.11,0.007,1.0,718
GIG_2864,courier,pune,bike,22113.07,0.1948,-0.0378,-0.00059,0.5155,0.9085,98.0,0.7748,21,0.2316,2.88,-0.025,1.0,553
GIG_2865,courier,mumbai,bike,45889.12,0.2223,0.0038,0.00196,0.2271,0.6797,116.0,,20,0.2417,2.68,0.11,0.6667,388
GIG_2866,food_delivery,hyderabad,scooter,16584.45,0.3025,0.04015,-0.00534,0.1949,0.3566,95.0,,27,0.2562,3.25,-0.1,0.6667,614
GIG_2867,food_delivery,hyderabad,bike,19287.1,0.2833,0.0128,-0.00222,0.1747,0.5948,115.0,,31,0.3296,4.09,0.07,0.6667,505
GIG_2868,home_services,bengaluru,none,33843.17,0.1749,-0.05445,-0.0091,0.64,0.344,94.0,0.5504,21,0.242,3.33,-0.316,1.0,521
GIG_2869,food_delivery,delhi,scooter,13113.29,0.2382,-0.0294,0.00191,0.4212,0.895,65.0,0.8784,18,0.2252,3.89,0.051,1.0,486
GIG_2870,food_delivery,pune,scooter,41194.6,0.1863,-0.0763,-0.00114,0.5382,1.1502,,,25,0.2138,3.11,-0.182,0.3333,594
GIG_2871,courier,bengaluru,car,33118.93,0.1855,-0.0605,0.00319,0.3706,0.4169,,0.8133,20,0.2395,3.48,0.011,0.6667,693
GIG_2872,ride_hailing,hyderabad,car,28395.44,0.2001,-0.0401,0.00827,0.4513,0.4694,107.0,0.8123,24,0.3,3.6,0.394,1.0,732
GIG_2873,ride_hailing,pune,car,45250.81,0.1995,-0.0503,0.0095,0.6041,0.8331,121.0,0.8565,26,0.2241,,,0.6667,545
GIG_2874,courier,hyderabad,scooter,14403.3,0.2409,0.00605,0.01024,0.2636,0.5367,64.0,0.5987,19,0.2188,2.4,0.208,1.0,489
GIG_2875,ride_hailing,mumbai,car,25201.18,0.3198,0.0678,-0.0178,0.4881,1.0357,82.0,0.6802,15,0.1724,3.59,-0.461,1.0,410
GIG_2876,home_services,delhi,none,39343.86,0.1905,-0.0511,0.00215,0.5766,0.9388,97.0,,27,0.2745,4.38,-0.09,0.6667,730
GIG_2877,ride_hailing,mumbai,car,45009.94,0.1822,-0.0698,0.00628,0.5931,0.8977,98.0,,20,0.2374,3.52,0.406,0.6667,702
GIG_2878,ride_hailing,mumbai,scooter,52027.36,0.2381,0.0094,-0.00071,0.2242,0.5955,114.0,0.7002,19,0.197,3.22,0.075,1.0,467
GIG_2879,home_services,bengaluru,bike,20054.97,0.1843,-0.051,0.00366,0.2678,0.3802,65.0,0.5,17,0.2071,2.88,0.107,1.0,563
GIG_2880,food_delivery,pune,scooter,30050.29,0.337,0.0744,0.00235,0.2464,0.7947,125.0,0.568,34,0.252,3.03,-0.009,1.0,421
GIG_2881,food_delivery,mumbai,bike,26455.74,0.2139,-0.0382,-0.00183,0.5947,0.9499,90.0,0.5813,18,0.2607,3.43,-0.16,1.0,545
GIG_2882,home_services,bengaluru,none,40286.14,0.3382,0.10885,-0.00017,0.2604,0.5782,85.0,0.5548,25,0.1861,2.45,0.084,1.0,566
GIG_2883,food_delivery,pune,bike,27705.49,0.3339,0.0708,-0.01437,0.2481,0.5006,122.0,0.9616,33,0.3371,4.13,-0.499,1.0,406
GIG_2884,ride_hailing,delhi,car,14776.18,0.2564,0.0162,-0.0105,0.1522,0.5682,112.0,0.6092,24,0.2429,2.7,-0.443,1.0,300
GIG_2885,food_delivery,mumbai,scooter,47183.38,0.3379,0.0769,-0.01462,0.4922,0.6507,132.0,0.7469,36,0.3388,3.88,-0.329,1.0,514
GIG_2886,ride_hailing,bengaluru,car,26065.07,0.2935,0.037,0.01023,0.174,1.0537,113.0,0.7062,28,0.3112,2.88,0.13,1.0,502
GIG_2887,ride_hailing,mumbai,car,24962.12,0.232,-0.02,0.00999,0.5343,0.5492,,0.6348,14,0.2269,3.66,0.621,0.6667,748
GIG_2888,food_delivery,hyderabad,scooter,19114.07,0.2511,-0.01125,0.00018,0.5745,0.8358,92.0,0.664,32,0.3066,4.55,0.058,1.0,717
GIG_2889,ride_hailing,pune,scooter,13819.56,0.2607,0.0111,-0.00759,0.3391,0.3833,90.0,0.5,29,0.2913,3.57,-0.226,1.0,500
GIG_2890,courier,hyderabad,bike,22287.41,0.1749,-0.0639,0.00208,0.5166,0.4113,100.0,1.0,28,0.3252,3.82,-0.187,1.0,690
GIG_2891,food_delivery,hyderabad,bike,45335.79,0.3157,0.0452,0.01017,0.1235,0.4882,92.0,0.8099,14,0.1359,2.93,0.302,1.0,592
GIG_2892,food_delivery,hyderabad,scooter,31176.94,0.3067,0.04435,0.0108,0.2353,0.3139,85.0,0.5917,33,0.2269,2.65,0.462,1.0,555
GIG_2893,home_services,bengaluru,bike,35419.5,0.1811,-0.0542,-0.00268,0.5486,0.7574,96.0,0.767,21,0.2447,4.09,-0.05,1.0,685
GIG_2894,food_delivery,bengaluru,bike,38541.44,0.3341,0.0893,-0.01148,0.2654,0.3727,82.0,0.5748,12,0.1556,3.12,-0.405,1.0,559
GIG_2895,food_delivery,delhi,bike,48782.21,0.3739,0.11235,0.01473,0.2271,0.6034,119.0,0.7054,27,0.1971,2.6,0.589,1.0,526
GIG_2896,home_services,delhi,bike,37345.29,0.2379,0.0215,-0.00108,0.2852,1.1788,104.0,0.9109,19,0.2591,3.19,0.007,1.0,572
GIG_2897,courier,pune,scooter,19416.27,0.2257,-0.00565,9e-05,0.3868,0.6009,78.0,0.7768,14,0.2127,3.49,0.083,1.0,639
GIG_2898,food_delivery,hyderabad,bike,53168.43,0.2602,-0.0103,-0.00212,0.1332,0.388,,,28,0.3188,2.9,0.08,0.3333,525
GIG_2899,ride_hailing,delhi,car,13160.98,0.272,0.0318,0.01501,0.483,0.554,64.0,0.8647,17,0.2993,3.6,0.388,1.0,692
GIG_2900,ride_hailing,hyderabad,car,35184.53,0.2682,0.028,0.00227,0.1856,1.0995,112.0,0.872,34,0.2886,3.85,0.042,1.0,487
GIG_2901,ride_hailing,bengaluru,car,25290.02,0.1881,-0.0684,-0.00237,0.5089,0.4147,129.0,0.9022,32,0.3358,4.21,-0.023,1.0,661
GIG_2902,food_delivery,bengaluru,scooter,46021.18,0.2989,0.0361,0.01394,0.4325,0.688,103.0,0.7115,24,0.2572,3.96,0.496,1.0,760
GIG_2903,courier,mumbai,car,51132.02,0.1293,-0.0875,-0.00133,0.5957,0.6056,125.0,0.5499,30,0.1969,2.52,-0.06,1.0,520
GIG_2904,food_delivery,mumbai,scooter,41900.13,0.2256,-0.0354,-0.00181,0.1942,0.9346,111.0,0.964,29,0.2655,3.58,-0.147,1.0,500
GIG_2905,home_services,delhi,none,16142.73,0.2357,-0.0059,-0.0024,0.272,0.6374,76.0,0.7103,32,0.2301,3.02,-0.106,1.0,490
GIG_2906,food_delivery,delhi,bike,19021.05,0.2655,0.00395,0.00308,0.419,0.8923,99.0,,33,0.2857,,,0.3333,554
GIG_2907,food_delivery,mumbai,scooter,43327.65,0.3318,0.0708,-0.01279,0.2938,0.6297,140.0,0.8915,34,0.3158,4.12,-0.366,1.0,463
GIG_2908,food_delivery,mumbai,bike,37038.95,0.3647,0.1126,-0.01661,0.2023,0.6205,,0.8867,11,0.2094,3.26,-0.401,0.6667,373
GIG_2909,ride_hailing,delhi,car,42095.15,0.2479,0.0077,-0.00197,0.208,0.3411,,,12,0.161,2.0,0.032,0.3333,413
GIG_2910,ride_hailing,hyderabad,car,26688.55,0.2331,-0.0071,-3e-05,0.28,0.8083,106.0,0.7221,31,0.2289,3.52,-0.202,1.0,483
GIG_2911,food_delivery,mumbai,scooter,40344.13,0.3419,0.0809,-0.00493,0.1153,0.6656,132.0,0.8642,36,0.301,3.85,-0.096,1.0,664
GIG_2912,courier,hyderabad,bike,39387.04,0.1486,-0.0902,-0.00048,0.6326,0.479,110.0,0.7274,23,0.2423,3.4,0.154,1.0,562
GIG_2913,courier,bengaluru,bike,33333.3,0.3395,0.0981,-0.01865,0.2619,0.4319,98.0,0.8918,24,0.2633,3.74,-0.476,1.0,425
GIG_2914,ride_hailing,delhi,bike,49803.2,0.2336,-0.0087,0.01054,0.5913,0.7392,94.0,,9,0.2015,3.43,0.306,0.6667,799
GIG_2915,food_delivery,delhi,scooter,42405.01,0.1869,-0.0807,0.0008,0.4658,0.4577,104.0,0.8408,17,0.1777,2.76,0.04,1.0,606
GIG_2916,courier,mumbai,bike,35730.74,0.2439,0.0254,-0.00453,0.1769,0.7535,83.0,0.5,14,0.1894,2.88,-0.115,1.0,569
GIG_2917,food_delivery,mumbai,scooter,27800.47,0.3124,0.0514,-0.01275,0.4291,0.5394,90.0,0.8982,23,0.3747,4.33,-0.503,1.0,576
GIG_2918,food_delivery,mumbai,scooter,29560.08,0.3533,0.0923,0.01286,0.4173,0.4885,93.0,1.0,14,0.271,3.59,0.524,1.0,825
GIG_2919,food_delivery,hyderabad,scooter,39055.25,0.2471,-0.01525,-0.00143,0.1342,0.7605,90.0,0.7323,11,0.1175,3.06,-0.081,1.0,488
GIG_2920,home_services,pune,none,15738.58,0.1726,-0.0634,0.00159,0.517,0.4034,86.0,0.683,21,0.2318,3.43,0.041,1.0,576
GIG_2921,ride_hailing,delhi,scooter,11633.26,0.2437,-0.0161,-0.00094,0.0994,0.3688,,0.8965,23,0.2579,2.98,-0.032,0.6667,584
GIG_2922,courier,bengaluru,car,13416.23,0.2047,-0.0413,0.00205,0.3969,0.8377,90.0,0.8064,20,0.2313,2.99,-0.035,1.0,621
GIG_2923,home_services,hyderabad,car,31469.55,0.1786,-0.0568,-9e-05,0.4354,0.9199,88.0,0.796,28,0.2605,3.31,-0.014,1.0,602
GIG_2924,food_delivery,hyderabad,bike,28619.91,0.2191,-0.0514,-0.00658,0.2994,1.2493,89.0,,36,0.2467,2.83,-0.028,0.6667,423
GIG_2925,ride_hailing,bengaluru,car,47649.51,0.4193,0.1628,-0.01854,0.2808,0.4608,84.0,0.7134,13,0.1532,2.51,-0.499,1.0,345
GIG_2926,home_services,mumbai,car,13094.83,0.2285,0.0,-0.00399,0.1637,0.4151,95.0,0.8388,41,0.3058,3.67,-0.152,1.0,470
GIG_2927,ride_hailing,delhi,car,15058.17,0.3007,0.0605,0.01211,0.2428,0.68,64.0,,6,0.2129,3.07,0.457,0.6667,673
GIG_2928,home_services,mumbai,car,11751.16,0.234,0.0055,-0.00919,0.4276,0.6485,62.0,0.8547,11,0.2285,3.74,-0.084,1.0,600
GIG_2929,home_services,bengaluru,car,26845.24,0.2667,0.0238,0.01362,0.2031,0.5681,99.0,1.0,21,0.2472,3.64,0.254,1.0,800
GIG_2930,ride_hailing,delhi,car,49522.37,0.2386,-0.0016,-0.00603,0.1769,0.7114,124.0,0.7264,21,0.2096,3.43,-0.179,1.0,300
GIG_2931,courier,delhi,car,31379.74,0.1771,-0.04835,-0.00186,0.5859,0.8266,90.0,0.5237,18,0.1866,3.37,-0.1,1.0,553
GIG_2932,food_delivery,pune,scooter,53822.83,0.295,0.0324,0.01481,0.2726,0.4001,138.0,,20,0.242,3.87,0.402,0.6667,751
GIG_2933,food_delivery,bengaluru,scooter,51427.75,0.2042,-0.0586,-0.00064,0.454,0.7727,140.0,1.0,37,0.3563,4.52,0.013,1.0,640
GIG_2934,courier,hyderabad,bike,49295.53,0.2156,-0.0232,0.00663,0.4533,0.4075,,0.7128,10,0.1932,3.28,0.159,0.6667,718
GIG_2935,food_delivery,bengaluru,scooter,47566.56,0.2566,-0.0062,0.0023,0.4065,0.8903,82.0,0.7363,9,0.2151,2.93,-0.107,1.0,587
GIG_2936,courier,bengaluru,bike,37367.91,0.3024,0.061,0.00409,0.1066,0.828,128.0,0.9376,27,0.2648,3.91,-0.107,1.0,525
GIG_2937,courier,pune,car,39046.22,0.2795,0.0558,-0.00107,0.1848,0.6425,91.0,0.7313,21,0.1788,3.16,-0.371,1.0,467
GIG_2938,ride_hailing,delhi,car,38411.88,0.1904,-0.0498,0.00384,0.4385,0.356,115.0,0.8433,18,0.2239,,,0.6667,618
GIG_2939,food_delivery,hyderabad,scooter,20513.84,0.2669,0.00455,0.00263,0.3983,0.252,72.0,0.9816,8,0.1634,2.94,0.003,1.0,545
GIG_2940,ride_hailing,bengaluru,car,30779.78,0.454,0.1975,-0.02311,0.1957,0.3594,137.0,0.8385,25,0.2878,3.69,-0.617,1.0,351
GIG_2941,courier,pune,car,43381.16,0.1776,-0.0461,-0.00085,0.5168,0.7057,113.0,0.6482,36,0.2821,3.73,-0.012,1.0,653
GIG_2942,courier,delhi,scooter,43796.41,0.1497,-0.10175,-0.00204,0.4935,1.1247,99.0,0.8,8,0.221,3.03,-0.026,1.0,358
GIG_2943,ride_hailing,hyderabad,car,34321.32,0.3656,0.1254,-0.00569,0.0808,0.832,95.0,0.9316,29,0.2498,3.53,-0.232,1.0,357
GIG_2944,food_delivery,bengaluru,scooter,28109.22,0.2262,-0.0366,0.00269,0.3518,0.748,77.0,0.5742,17,0.182,3.18,0.125,1.0,609
GIG_2945,food_delivery,pune,scooter,40124.38,0.2747,0.0121,0.00953,0.5171,0.528,,0.7256,26,0.2922,3.74,0.44,0.6667,769
GIG_2946,food_delivery,hyderabad,car,22779.81,0.3863,0.12075,-0.00684,0.1359,0.3958,70.0,0.7194,23,0.2307,2.38,-0.268,1.0,356
GIG_2947,courier,bengaluru,car,41008.47,0.2977,0.0517,0.01459,0.4243,0.5601,95.0,,31,0.265,,,0.3333,750
GIG_2948,ride_hailing,mumbai,car,43598.66,0.1967,-0.0553,0.00306,0.4647,0.5999,123.0,0.7168,29,0.2768,3.38,0.214,1.0,433
GIG_2949,home_services,bengaluru,car,35746.93,0.2917,0.0488,-0.01334,0.5248,0.685,77.0,0.8885,11,0.2157,3.23,-0.474,1.0,326
GIG_2950,food_delivery,delhi,bike,53397.28,0.296,0.03445,0.0145,0.3888,0.5009,162.0,1.0,35,0.343,4.67,0.449,1.0,858
GIG_2951,food_delivery,hyderabad,bike,46481.61,0.2205,-0.05,-0.00085,0.4023,0.7807,112.0,0.5257,21,0.2386,3.12,0.028,1.0,554
GIG_2952,ride_hailing,mumbai,car,12509.37,0.2007,-0.0513,-0.00015,0.3948,0.5722,64.0,1.0,14,0.2071,3.02,-0.057,1.0,561
GIG_2953,food_delivery,bengaluru,bike,11708.79,0.2707,0.0259,-0.01204,0.494,0.7528,85.0,0.8377,25,0.2774,3.71,-0.444,1.0,485
GIG_2954,courier,bengaluru,bike,18795.1,0.2314,-0.01,0.00805,0.4125,0.3048,99.0,,21,0.2397,3.61,0.317,0.6667,641
GIG_2955,ride_hailing,bengaluru,car,45409.02,0.3361,0.0796,-0.01693,0.1045,0.5856,85.0,0.6135,14,0.1618,2.7,-0.455,1.0,300
GIG_2956,ride_hailing,bengaluru,car,18203.95,0.3619,0.1054,-0.00483,0.1379,0.5681,93.0,0.8072,26,0.3014,3.59,0.087,1.0,421
GIG_2957,ride_hailing,pune,scooter,26259.69,0.2496,0.0,0.00653,0.2767,1.2871,,0.7531,35,0.2025,3.87,0.121,0.6667,600
GIG_2958,food_delivery,bengaluru,scooter,23995.91,0.1573,-0.1055,0.00044,0.6924,0.4242,114.0,0.8652,34,0.34,4.68,0.071,1.0,672
GIG_2959,courier,delhi,scooter,33567.47,0.2055,-0.04595,0.0085,0.4273,0.4432,120.0,0.6286,43,0.3271,3.79,0.158,1.0,735
GIG_2960,food_delivery,pune,bike,56026.47,0.2809,0.0178,-0.00036,0.3112,0.381,147.0,0.8686,32,0.3482,3.82,-0.088,1.0,605
GIG_2961,ride_hailing,bengaluru,car,23950.83,0.3362,0.0797,-0.0104,0.1504,0.8209,72.0,0.6681,19,0.1546,2.27,-0.334,1.0,300
GIG_2962,ride_hailing,delhi,car,33808.07,0.3222,0.082,-0.00338,0.2311,0.9244,132.0,0.9797,36,0.3072,3.41,-0.128,1.0,374
GIG_2963,food_delivery,delhi,scooter,20548.4,0.1966,-0.071,0.00181,0.338,0.3876,103.0,,40,0.2886,3.85,0.059,0.6667,658
GIG_2964,home_services,pune,car,13289.99,0.1527,-0.0779,0.00135,0.5318,0.5455,68.0,0.8703,31,0.2884,3.66,0.12,1.0,669
GIG_2965,food_delivery,delhi,bike,12970.23,0.2992,0.03765,-0.00234,0.262,0.9555,68.0,0.5864,23,0.1985,2.68,-0.099,1.0,482
GIG_2966,food_delivery,bengaluru,scooter,24476.4,0.3065,0.0437,-0.0044,0.3311,0.338,96.0,0.9402,12,0.2006,2.8,0.028,1.0,611
GIG_2967,ride_hailing,hyderabad,car,20300.09,0.1951,-0.0451,0.00105,0.4785,0.6144,,0.515,21,0.2172,3.56,-0.029,0.6667,610
GIG_2968,courier,mumbai,scooter,20239.41,0.242,0.0087,-0.00898,0.2286,0.7585,,0.6832,31,0.3013,,,0.3333,485
GIG_2969,food_delivery,hyderabad,bike,38876.48,0.3057,0.0352,0.01106,0.2894,0.5645,123.0,,34,0.3001,4.13,0.497,0.6667,772
GIG_2970,ride_hailing,bengaluru,car,30723.87,0.2919,0.0354,0.01176,0.5146,1.0721,,,22,0.2186,3.43,0.206,0.3333,769
GIG_2971,ride_hailing,pune,bike,44552.88,0.3596,0.12405,0.01518,0.2757,0.6256,,0.5,49,0.2936,3.75,0.355,0.6667,750
GIG_2972,food_delivery,pune,scooter,31513.39,0.3313,0.0687,0.01737,0.4407,0.9485,87.0,0.7449,21,0.2736,3.32,0.436,1.0,647
GIG_2973,food_delivery,delhi,bike,34578.78,0.2142,-0.04735,0.00329,0.2926,0.4916,101.0,0.8281,26,0.2593,3.77,0.135,1.0,558
GIG_2974,ride_hailing,pune,car,33734.18,0.2558,0.006,-0.00082,0.3395,0.4291,,0.7953,16,0.198,3.23,0.085,0.6667,413
GIG_2975,food_delivery,delhi,bike,34058.37,0.2607,-0.00085,0.00808,0.443,1.0261,121.0,0.6777,38,0.2946,3.78,0.165,1.0,568
GIG_2976,ride_hailing,hyderabad,car,34007.15,0.1785,-0.0617,0.001,0.3096,0.4945,107.0,0.7936,33,0.3148,3.61,-0.073,1.0,582
GIG_2977,food_delivery,hyderabad,car,46522.47,0.2766,0.01105,-0.00063,0.2939,1.0623,,0.737,22,0.2155,2.94,0.085,0.6667,426
GIG_2978,food_delivery,bengaluru,bike,50509.32,0.2603,0.0155,-0.0107,0.4405,0.3508,122.0,,26,0.2336,3.48,-0.524,0.6667,473
GIG_2979,courier,hyderabad,bike,38203.38,0.1707,-0.0681,-0.00086,0.4288,0.3315,99.0,0.6407,20,0.2206,2.91,0.022,1.0,476
GIG_2980,ride_hailing,hyderabad,car,43836.03,0.1257,-0.1145,0.00013,0.6885,0.5801,111.0,0.9358,22,0.2137,,,0.6667,600
GIG_2981,courier,delhi,bike,31629.09,0.3126,0.0506,-0.00518,0.2786,0.6527,75.0,0.5828,12,0.1405,2.82,-0.387,1.0,391
GIG_2982,food_delivery,mumbai,scooter,27134.87,0.2045,-0.0565,0.00095,0.3744,0.7374,73.0,0.5,24,0.2055,3.14,0.175,1.0,598
GIG_2983,home_services,mumbai,none,38001.56,0.254,0.0142,-0.00451,0.3304,0.4458,84.0,,10,0.1849,2.92,0.024,0.6667,383
GIG_2984,courier,bengaluru,bike,19860.72,0.1948,-0.0466,-0.00374,0.3454,0.252,108.0,0.8286,26,0.233,3.71,-0.249,1.0,704
GIG_2985,food_delivery,hyderabad,bike,45387.71,0.1819,-0.0886,-0.0002,0.6401,0.622,106.0,,18,0.2625,3.97,-0.22,0.6667,597
GIG_2986,food_delivery,delhi,scooter,23675.0,0.3219,0.0543,-0.00261,0.1185,1.1559,93.0,0.8255,25,0.2575,3.52,0.085,1.0,519
GIG_2987,food_delivery,delhi,bike,40423.81,0.2289,-0.03265,0.00361,0.4152,0.8727,90.0,0.6351,29,0.2448,3.29,0.14,1.0,643
GIG_2988,food_delivery,hyderabad,bike,45718.37,0.29,0.0195,0.00056,0.1751,0.4556,97.0,0.7551,15,0.2258,2.53,-0.026,1.0,388
GIG_2989,ride_hailing,mumbai,car,36744.73,0.1925,-0.0595,0.0007,0.2741,0.5653,92.0,0.8044,27,0.1921,2.5,-0.189,1.0,475
GIG_2990,food_delivery,mumbai,scooter,39883.38,0.2581,-0.0029,0.00963,0.4821,0.6949,115.0,0.7922,28,0.2417,3.57,0.299,1.0,603
GIG_2991,home_services,mumbai,car,43793.9,0.2401,0.0116,0.00464,0.1058,0.4413,100.0,0.6654,26,0.1931,3.11,-0.068,1.0,403
GIG_2992,food_delivery,delhi,scooter,30678.94,0.2106,-0.057,0.00083,0.2188,0.6927,93.0,0.6636,24,0.2342,3.35,-0.023,1.0,488
GIG_2993,home_services,mumbai,none,31276.69,0.2261,-0.0137,-0.00763,0.3997,0.65,116.0,0.5368,27,0.2583,3.14,-0.26,1.0,428
GIG_2994,ride_hailing,bengaluru,car,25730.44,0.188,-0.0685,7e-05,0.5021,0.7404,88.0,0.9417,17,0.2419,3.42,0.173,1.0,579
GIG_2995,courier,hyderabad,car,22443.48,0.2114,-0.0201,0.00126,0.5074,0.7562,55.0,0.7036,6,0.1715,2.91,-0.017,1.0,561
GIG_2996,courier,pune,bike,49185.79,0.4072,0.1746,-0.01687,0.2373,0.4465,127.0,0.9392,24,0.2726,3.82,-0.428,1.0,449
GIG_2997,ride_hailing,bengaluru,car,41895.5,0.3076,0.0511,-0.01456,0.2701,0.6709,81.0,0.7518,19,0.2023,3.33,-0.451,1.0,412
GIG_2998,ride_hailing,mumbai,scooter,24137.17,0.2692,0.0405,0.01213,0.3798,0.3036,116.0,0.7075,33,0.3355,4.12,0.354,1.0,816
GIG_2999,courier,pune,car,11490.48,0.1914,-0.0323,0.0032,0.4012,0.6029,73.0,0.9851,12,0.2164,3.51,0.059,1.0,401
GIG_3000,home_services,delhi,none,35520.23,0.1894,-0.0522,0.00289,0.4717,0.5069,111.0,0.9819,33,0.254,,,0.6667,775
GIG_3001,ride_hailing,mumbai,scooter,12366.88,0.1355,-0.0932,0.00024,0.5771,0.3555,78.0,0.938,22,0.2738,4.04,0.054,1.0,619
GIG_3002,courier,delhi,scooter,39702.7,0.1914,-0.06005,-0.00671,0.5506,0.7346,95.0,0.9297,11,0.2135,3.54,-0.244,1.0,426
GIG_3003,home_services,mumbai,car,21804.58,0.2298,0.0013,-0.00306,0.2526,0.414,93.0,0.5622,26,0.1661,3.49,-0.161,1.0,448
GIG_3004,food_delivery,delhi,bike,47202.65,0.1683,-0.09325,-0.0025,0.4051,0.626,88.0,0.6181,18,0.21,3.29,-0.17,1.0,627
GIG_3005,ride_hailing,hyderabad,car,24591.91,0.2227,-0.0175,-0.00344,0.328,0.3764,,0.7529,36,0.3002,3.2,0.216,0.6667,699
GIG_3006,ride_hailing,bengaluru,car,27924.53,0.2517,-0.0048,-0.01273,0.3254,0.652,,0.5187,19,0.1927,3.05,-0.519,0.6667,351
GIG_3007,home_services,mumbai,car,42696.58,0.2505,0.022,0.00132,0.2318,0.706,115.0,0.7645,27,0.2774,3.95,0.065,1.0,623
GIG_3008,food_delivery,mumbai,scooter,16387.43,0.1973,-0.0637,-0.00121,0.3901,0.4458,98.0,0.9839,26,0.2762,3.64,0.099,1.0,464
GIG_3009,courier,hyderabad,bike,46115.27,0.1867,-0.0521,-0.00589,0.303,0.6115,143.0,,35,0.3256,3.38,-0.079,0.6667,596
GIG_3010,courier,hyderabad,scooter,27937.0,0.2454,0.01055,-0.00843,0.44,0.9767,107.0,0.7751,26,0.2625,3.07,-0.294,1.0,454
GIG_3011,food_delivery,bengaluru,scooter,40297.26,0.1898,-0.073,-0.00229,0.4798,0.6778,103.0,0.6679,20,0.2315,3.52,-0.028,1.0,602
GIG_3012,courier,bengaluru,car,51058.96,0.2485,0.0025,0.01118,0.52,0.8752,93.0,0.5755,11,0.169,2.71,0.298,1.0,525
GIG_3013,home_services,bengaluru,none,16066.52,0.2695,0.04015,0.0138,0.2079,0.6928,,0.7715,16,0.1594,3.09,0.651,0.6667,712
GIG_3014,ride_hailing,mumbai,car,41204.21,0.2381,-0.0139,-0.00109,0.3153,0.715,92.0,,22,0.1807,2.85,-0.009,0.6667,600
GIG_3015,ride_hailing,pune,car,37750.0,0.3083,0.0585,-0.0155,0.5249,0.3649,120.0,0.85,29,0.2961,4.4,-0.328,1.0,549
GIG_3016,courier,bengaluru,bike,50883.13,0.1667,-0.0747,-0.00023,0.4136,0.252,120.0,0.8191,28,0.2285,3.98,0.065,1.0,616
GIG_3017,courier,bengaluru,scooter,49403.91,0.2746,0.0431,-0.011,0.3863,0.7832,149.0,0.8772,25,0.2734,3.86,-0.337,1.0,459
GIG_3018,ride_hailing,mumbai,bike,44152.57,0.1835,-0.07085,-0.00049,0.5459,1.4006,94.0,0.7946,21,0.2248,3.87,-0.063,1.0,663
GIG_3019,courier,mumbai,car,25390.26,0.3269,0.1101,-0.015,0.3357,0.9271,98.0,0.7632,25,0.2701,4.06,-0.517,1.0,442
GIG_3020,courier,delhi,car,42886.63,0.1895,-0.03595,-0.0071,0.4662,0.5549,108.0,0.6631,32,0.2505,3.17,-0.058,1.0,473
GIG_3021,food_delivery,pune,scooter,11872.47,0.3168,0.0542,0.00693,0.2504,0.8248,78.0,0.7284,25,0.2502,3.32,0.228,1.0,598
GIG_3022,courier,mumbai,scooter,18809.49,0.1514,-0.0819,0.00045,0.4825,0.5191,64.0,0.742,29,0.2523,3.17,0.084,1.0,558
GIG_3023,ride_hailing,delhi,car,33039.41,0.2181,-0.0221,0.00745,0.2327,0.5706,99.0,0.8537,21,0.197,2.94,0.078,1.0,584
GIG_3024,food_delivery,delhi,scooter,26942.1,0.2439,-0.0237,0.00206,0.5886,1.2282,108.0,0.506,30,0.2548,3.9,0.123,1.0,595
GIG_3025,food_delivery,mumbai,scooter,11192.72,0.2032,-0.0578,-0.00205,0.4372,1.0416,73.0,0.6219,19,0.2495,3.34,0.033,1.0,671
GIG_3026,ride_hailing,hyderabad,car,15578.03,0.2801,0.0399,-0.00326,0.1686,0.9709,76.0,,41,0.2542,,,0.3333,437
GIG_3027,food_delivery,delhi,bike,29567.46,0.1499,-0.11165,-2e-05,0.659,0.4687,95.0,0.7123,28,0.2408,3.34,-0.003,1.0,568
GIG_3028,food_delivery,hyderabad,bike,26244.94,0.2844,0.0139,0.00716,0.2457,0.5538,88.0,0.7858,24,0.2739,3.09,0.248,1.0,565
GIG_3029,courier,hyderabad,scooter,48231.26,0.2118,-0.02305,-0.00301,0.3388,0.4515,93.0,,19,0.1837,1.95,-0.022,0.6667,402
GIG_3030,ride_hailing,bengaluru,car,50030.22,0.3361,0.0796,-0.01839,0.2648,0.9152,98.0,0.5044,20,0.1283,2.41,-0.466,1.0,300
GIG_3031,courier,pune,scooter,28664.82,0.3458,0.11445,0.01538,0.2658,0.6293,100.0,0.8456,41,0.3232,3.6,0.488,1.0,760
GIG_3032,courier,pune,scooter,32850.31,0.1447,-0.08665,-8e-05,0.5679,0.2573,91.0,0.9073,36,0.2544,4.25,-0.042,1.0,657
GIG_3033,ride_hailing,delhi,car,18556.69,0.2866,0.0464,0.00413,0.3345,0.9647,107.0,0.8589,32,0.3306,4.24,0.067,1.0,607
GIG_3034,food_delivery,mumbai,scooter,20189.14,0.1722,-0.0888,-0.00367,0.5933,0.4652,74.0,,15,0.2302,3.5,-0.048,0.6667,670
GIG_3035,food_delivery,bengaluru,bike,47575.27,0.2507,0.0059,0.00566,0.3654,0.8339,110.0,0.911,21,0.1934,,,0.6667,590
GIG_3036,home_services,delhi,none,31768.85,0.2778,0.0362,0.01066,0.2392,0.9418,107.0,0.8362,33,0.304,4.04,0.596,1.0,736
GIG_3037,courier,pune,bike,39537.8,0.1538,-0.0788,0.00178,0.562,0.6502,120.0,0.7217,29,0.2788,4.03,-0.024,1.0,676
GIG_3038,courier,delhi,scooter,31083.35,0.3072,0.05575,-0.01105,0.3866,1.1479,99.0,0.9343,17,0.2698,3.84,-0.638,1.0,475
GIG_3039,courier,mumbai,scooter,16946.82,0.2346,0.0013,-0.00311,0.3013,0.5516,68.0,0.7291,21,0.1459,2.79,-0.009,1.0,493
GIG_3040,ride_hailing,hyderabad,car,22221.12,0.259,0.0188,-0.00443,0.2371,0.5446,74.0,0.7289,17,0.202,2.78,-0.041,1.0,494
GIG_3041,food_delivery,delhi,scooter,25219.73,0.2354,-0.0322,0.00736,0.4944,0.6342,75.0,0.8065,25,0.2026,3.41,0.227,1.0,621
GIG_3042,ride_hailing,delhi,car,31166.52,0.3137,0.0735,0.00598,0.166,0.5814,,0.983,26,0.3121,3.25,0.237,0.6667,617
GIG_3043,food_delivery,bengaluru,scooter,33077.59,0.2561,-0.0067,0.00928,0.3783,0.7128,98.0,0.899,23,0.3129,3.86,0.177,1.0,746
GIG_3044,ride_hailing,hyderabad,car,37113.86,0.4273,0.1871,-0.01883,0.1472,0.432,111.0,0.7478,36,0.2368,3.12,-0.424,1.0,426
GIG_3045,food_delivery,delhi,scooter,22187.93,0.2222,-0.0454,0.00038,0.4551,1.2457,109.0,,28,0.2586,4.19,0.034,0.6667,672
GIG_3046,food_delivery,hyderabad,bike,24490.79,0.392,0.1215,0.01676,0.0973,0.5164,70.0,0.716,14,0.1758,2.5,0.574,1.0,501
GIG_3047,ride_hailing,hyderabad,car,25673.71,0.3005,0.0603,-0.01207,0.29,0.4496,81.0,0.8116,15,0.1807,2.94,-0.464,1.0,327
GIG_3048,food_delivery,delhi,scooter,10792.92,0.165,-0.1026,0.00125,0.5806,0.8695,84.0,,35,0.2356,3.87,0.037,0.6667,640
GIG_3049,food_delivery,pune,bike,47183.14,0.1959,-0.0672,0.00347,0.504,0.7654,110.0,0.9842,36,0.3252,4.37,-0.174,1.0,726
GIG_3050,courier,hyderabad,scooter,30172.11,0.277,0.04215,-0.00039,0.2353,0.7924,91.0,0.6459,30,0.2571,3.11,-0.083,1.0,550
GIG_3051,home_services,mumbai,car,41849.59,0.2124,-0.0161,-0.00215,0.3627,0.5144,88.0,0.5989,10,0.1885,2.86,0.109,1.0,359
GIG_3052,ride_hailing,hyderabad,car,22554.9,0.1958,-0.0444,0.00881,0.568,0.7121,82.0,0.678,28,0.2825,3.74,0.245,1.0,823
GIG_3053,food_delivery,bengaluru,bike,13781.43,0.1841,-0.0607,-0.00018,0.6345,0.51,73.0,0.8252,20,0.2532,3.56,-0.052,1.0,621
GIG_3054,courier,delhi,car,35004.82,0.2702,0.04475,-0.00084,0.2817,0.3958,124.0,0.9063,33,0.3132,3.86,-0.02,1.0,470
GIG_3055,courier,hyderabad,bike,47742.87,0.3578,0.119,-0.01749,0.229,0.223,121.0,0.8738,17,0.1939,2.99,-0.507,1.0,394
GIG_3056,ride_hailing,pune,bike,35921.33,0.2489,0.01335,0.01054,0.2421,0.4196,134.0,0.622,42,0.3051,3.9,0.403,1.0,695
GIG_3057,food_delivery,bengaluru,car,13690.29,0.3656,0.1052,-0.00387,0.1343,0.3538,80.0,,19,0.1859,2.4,-0.031,0.6667,487
GIG_3058,home_services,bengaluru,none,30421.41,0.2234,-0.00595,-0.00611,0.4593,0.7113,107.0,0.6553,23,0.2514,,,0.6667,452
GIG_3059,food_delivery,hyderabad,bike,48076.31,0.2234,-0.0471,0.00349,0.22,0.5247,106.0,0.8963,23,0.2262,3.31,0.212,1.0,495
GIG_3060,ride_hailing,pune,car,28622.26,0.3052,0.0554,0.00964,0.1034,0.7047,78.0,0.928,8,0.1719,2.94,0.217,1.0,524
GIG_3061,ride_hailing,mumbai,car,15096.34,0.2755,0.0235,-0.01238,0.2687,0.8696,78.0,0.6644,17,0.2154,3.17,-0.367,1.0,412
GIG_3062,food_delivery,bengaluru,bike,50870.61,0.332,0.0872,0.00867,0.2136,0.7132,96.0,0.7607,12,0.1649,3.15,0.214,1.0,564
GIG_3063,courier,mumbai,scooter,23657.55,0.2897,0.0564,-0.00579,0.1112,0.8223,79.0,0.7051,23,0.1953,2.91,-0.244,1.0,362
GIG_3064,food_delivery,pune,bike,18340.53,0.2982,0.0351,-0.00894,0.3435,0.6405,113.0,0.924,41,0.352,4.05,-0.279,1.0,527
GIG_3065,home_services,mumbai,none,21999.57,0.2731,0.0333,0.00955,0.2687,0.6573,101.0,1.0,32,0.2943,3.61,0.528,1.0,648
GIG_3066,courier,hyderabad,bike,28926.67,0.2069,-0.0319,-0.00613,0.5383,0.5791,97.0,0.7606,30,0.3078,3.83,-0.189,1.0,465
GIG_3067,home_services,hyderabad,none,29254.66,0.167,-0.0695,0.00031,0.4988,0.7802,109.0,0.6961,27,0.2878,3.32,0.11,1.0,607
GIG_3068,courier,bengaluru,scooter,20355.39,0.1465,-0.085,-0.00103,0.5346,0.479,87.0,0.6718,28,0.1906,3.56,-0.272,1.0,564
GIG_3069,food_delivery,pune,bike,13464.4,0.1829,-0.0802,0.00094,0.5323,0.5365,54.0,,5,0.188,3.32,-0.23,0.6667,613
GIG_3070,courier,hyderabad,scooter,23225.34,0.1388,-0.09605,-0.00182,0.5897,0.4253,83.0,0.5968,30,0.2314,4.18,-0.224,1.0,666
GIG_3071,food_delivery,mumbai,scooter,49403.41,0.1758,-0.0852,0.00026,0.6852,0.5473,123.0,0.8512,35,0.321,4.59,0.092,1.0,638
GIG_3072,courier,bengaluru,bike,25622.47,0.2939,0.0525,-0.01721,0.4415,0.8985,82.0,0.7004,15,0.2677,4.23,-0.497,1.0,479
GIG_3073,courier,mumbai,scooter,11445.51,0.3483,0.115,0.00043,0.1415,0.8609,78.0,0.8804,16,0.2256,3.63,0.023,1.0,504
GIG_3074,food_delivery,pune,bike,17229.22,0.303,0.0399,-0.007,0.2004,0.5366,85.0,0.8276,24,0.2258,3.57,-0.284,1.0,442
GIG_3075,food_delivery,pune,bike,45096.45,0.2157,-0.0474,0.00469,0.5143,0.5901,99.0,0.6022,22,0.2411,4.04,-0.069,1.0,558
GIG_3076,food_delivery,mumbai,scooter,24132.71,0.3361,0.0751,0.01577,0.2984,0.7777,88.0,,23,0.157,2.68,0.343,0.6667,584
GIG_3077,home_services,mumbai,none,33672.82,0.1934,-0.0464,-0.00072,0.4661,0.7001,114.0,0.8793,29,0.277,3.5,-0.17,1.0,605
GIG_3078,home_services,pune,none,11973.19,0.208,-0.028,-0.00619,0.4312,0.4916,92.0,0.5356,26,0.2295,3.47,-0.178,1.0,489
GIG_3079,ride_hailing,delhi,car,15022.96,0.2728,0.0326,0.00211,0.4543,0.5567,92.0,0.6723,22,0.2718,3.6,0.072,1.0,573
GIG_3080,ride_hailing,delhi,car,42279.27,0.3321,0.0919,-0.01804,0.3722,0.7704,103.0,0.8702,35,0.2834,3.74,-0.493,1.0,508
GIG_3081,food_delivery,bengaluru,scooter,29971.26,0.3558,0.093,0.01805,0.3886,0.59,70.0,0.857,8,0.2033,3.21,0.337,1.0,786
GIG_3082,food_delivery,mumbai,scooter,27380.29,0.1688,-0.0922,-0.00332,0.4388,1.1753,106.0,0.7443,25,0.2799,3.78,-0.05,1.0,699
GIG_3083,home_services,pune,none,21186.93,0.24,0.004,0.01164,0.6254,0.4944,86.0,0.6581,18,0.2185,3.32,0.441,1.0,740
GIG_3084,food_delivery,bengaluru,car,30076.18,0.2553,-0.0051,0.00205,0.3128,0.7904,123.0,0.901,28,0.2787,3.75,0.07,1.0,699
GIG_3085,ride_hailing,hyderabad,scooter,24832.22,0.2304,0.0,-0.00217,0.4228,0.4394,,0.7344,13,0.2149,3.33,0.044,0.6667,522
GIG_3086,courier,hyderabad,scooter,14676.47,0.2034,-0.03145,0.00042,0.2326,0.7169,124.0,,34,0.3195,3.82,0.089,0.6667,484
GIG_3087,food_delivery,delhi,bike,39043.42,0.3095,0.04795,-0.00571,0.285,0.3801,94.0,0.67,24,0.2063,3.16,0.096,1.0,420
GIG_3088,food_delivery,bengaluru,scooter,55423.8,0.328,0.0652,0.01571,0.3936,0.4315,119.0,0.54,33,0.252,3.26,0.393,1.0,592
GIG_3089,food_delivery,bengaluru,car,30581.52,0.2429,-0.0175,0.00305,0.3931,0.6487,95.0,0.8588,26,0.2306,3.75,0.218,1.0,699
GIG_3090,food_delivery,hyderabad,bike,24211.54,0.2321,-0.0384,-0.00215,0.3285,0.7374,109.0,0.6555,32,0.2803,3.41,0.108,1.0,506
GIG_3091,food_delivery,hyderabad,bike,38339.47,0.3034,0.0329,0.01306,0.1913,0.4352,101.0,,20,0.2303,2.83,0.605,0.6667,740
GIG_3092,ride_hailing,mumbai,car,51103.36,0.305,0.053,0.01486,0.246,0.6007,127.0,0.7686,20,0.2459,3.07,0.673,1.0,583
GIG_3093,home_services,bengaluru,bike,35656.54,0.3125,0.0772,0.01542,0.2513,0.7078,105.0,0.9026,34,0.265,3.7,0.488,1.0,645
GIG_3094,courier,mumbai,car,23207.73,0.2801,0.0633,-0.01354,0.3791,0.7879,96.0,0.7069,28,0.2539,,,0.6667,425
GIG_3095,ride_hailing,mumbai,car,23109.41,0.2138,-0.0382,0.00202,0.2673,0.5225,88.0,0.693,22,0.2261,3.53,0.015,1.0,558
GIG_3096,food_delivery,hyderabad,bike,27328.44,0.3871,0.1166,0.00391,0.0641,1.0055,79.0,0.7317,26,0.1956,2.35,0.167,1.0,447
GIG_3097,ride_hailing,pune,car,33677.47,0.2576,0.0078,0.00536,0.2179,0.5678,84.0,0.897,12,0.2085,,,0.6667,516
GIG_3098,courier,mumbai,scooter,48604.25,0.3563,0.123,-0.01702,0.3904,0.6517,110.0,0.8803,20,0.2161,3.21,-0.676,1.0,412
GIG_3099,home_services,bengaluru,none,49307.2,0.3416,0.11225,-0.0207,0.2657,0.2983,117.0,,23,0.2059,3.13,-0.452,0.6667,577
GIG_3100,ride_hailing,bengaluru,car,17808.86,0.3017,0.0452,-0.00035,0.2545,1.2623,65.0,0.6869,17,0.1971,2.64,-0.107,1.0,381
GIG_3101,ride_hailing,bengaluru,car,46599.53,0.1477,-0.1088,-0.00152,0.5378,0.3677,,0.712,31,0.2877,3.63,-0.092,0.6667,704
GIG_3102,courier,hyderabad,bike,13780.83,0.1901,-0.0487,0.00253,0.2643,0.4059,83.0,0.5225,31,0.3062,3.36,0.108,1.0,526
GIG_3103,ride_hailing,hyderabad,car,43569.52,0.2868,0.0466,0.01652,0.4216,0.6891,84.0,0.7603,20,0.2174,3.63,0.341,1.0,634
GIG_3104,food_delivery,hyderabad,bike,47886.15,0.2933,0.0228,0.00388,0.3157,0.4236,88.0,0.7957,18,0.2016,3.56,0.095,1.0,554
GIG_3105,food_delivery,pune,bike,39343.58,0.2259,-0.0372,0.00144,0.4178,0.802,116.0,0.8986,19,0.2302,3.5,0.046,1.0,543
GIG_3106,food_delivery,hyderabad,scooter,17932.45,0.2285,-0.03385,-0.00677,0.3808,1.6652,92.0,,28,0.2514,4.06,0.009,0.6667,680
GIG_3107,food_delivery,pune,bike,23935.37,0.334,0.0709,0.00326,0.2348,0.4797,87.0,0.8614,23,0.2466,3.73,-0.123,1.0,578
GIG_3108,courier,hyderabad,bike,54103.58,0.2052,-0.0336,-4e-05,0.227,0.8403,122.0,0.8245,32,0.2911,3.85,0.105,1.0,579
GIG_3109,ride_hailing,hyderabad,car,19560.58,0.2097,-0.0305,-0.0032,0.4291,0.9911,120.0,0.8198,46,0.3001,4.65,0.014,1.0,647
GIG_3110,food_delivery,bengaluru,scooter,27222.18,0.2184,-0.0444,-0.00265,0.2812,0.6767,65.0,,19,0.1543,2.77,-0.012,0.6667,499
GIG_3111,food_delivery,bengaluru,bike,31956.38,0.2763,0.0315,0.00138,0.3301,0.8863,87.0,0.8027,20,0.2493,3.45,-0.081,1.0,550
GIG_3112,food_delivery,pune,bike,47866.57,0.2755,0.0124,-0.00097,0.2214,0.7639,,,28,0.2334,3.01,-0.028,0.3333,474
GIG_3113,courier,pune,bike,12186.48,0.3027,0.0701,0.01743,0.3137,0.4664,73.0,0.6436,26,0.2635,3.19,0.457,1.0,511
GIG_3114,ride_hailing,pune,bike,30128.62,0.2338,-0.00175,0.00237,0.3759,1.1721,61.0,0.6818,18,0.2039,3.21,-0.007,1.0,505
GIG_3115,courier,bengaluru,car,31112.15,0.1617,-0.0843,0.00252,0.5453,0.2834,,0.9607,9,0.2162,3.72,0.015,0.6667,668
GIG_3116,food_delivery,mumbai,bike,37667.01,0.2522,0.0001,0.00596,0.3964,0.8086,132.0,0.83,31,0.3514,4.09,0.078,1.0,789
GIG_3117,ride_hailing,mumbai,car,14132.84,0.2363,-0.0157,0.00022,0.5145,0.8302,47.0,0.6941,13,0.1975,3.52,0.109,1.0,633
GIG_3118,home_services,hyderabad,none,37015.88,0.2127,-0.0238,0.00934,0.5328,1.009,97.0,0.7124,17,0.2051,3.75,0.303,1.0,702
GIG_3119,courier,delhi,bike,29141.76,0.1679,-0.0941,-0.0019,0.437,0.4059,101.0,,30,0.3032,4.09,0.023,0.6667,628
GIG_3120,courier,bengaluru,car,40868.69,0.1965,-0.0495,0.00145,0.4364,0.5736,95.0,0.8141,27,0.2164,3.67,-0.114,1.0,486
GIG_3121,ride_hailing,bengaluru,car,11559.43,0.2175,-0.039,-0.00322,0.3558,0.7578,99.0,0.6053,27,0.246,3.6,-0.015,1.0,558
GIG_3122,food_delivery,hyderabad,bike,13055.87,0.3836,0.1131,-0.02111,0.4791,0.766,88.0,0.5471,33,0.2864,3.8,-0.495,1.0,355
GIG_3123,food_delivery,pune,bike,39628.04,0.2758,0.0127,0.0036,0.2403,0.3777,79.0,0.7453,21,0.1734,2.1,0.164,1.0,533
GIG_3124,home_services,bengaluru,none,49911.32,0.211,-0.01835,-0.0007,0.5392,1.4133,130.0,0.6725,31,0.2999,3.96,0.246,1.0,660
GIG_3125,courier,hyderabad,bike,23668.13,0.2342,-0.0046,-0.01022,0.3256,0.6964,90.0,0.7846,29,0.2567,3.1,-0.414,1.0,300
GIG_3126,ride_hailing,hyderabad,car,15889.6,0.2468,0.0066,-0.01321,0.62,0.4515,,0.5767,24,0.2585,3.43,-0.488,0.6667,362
GIG_3127,ride_hailing,pune,car,52090.09,0.2901,0.0403,0.01345,0.2977,0.5651,92.0,0.6884,19,0.1606,3.0,0.333,1.0,646
GIG_3128,ride_hailing,pune,car,29205.13,0.2149,-0.0349,-0.00786,0.5581,0.7833,91.0,0.6699,16,0.2111,2.94,-0.128,1.0,517
GIG_3129,home_services,delhi,bike,42957.91,0.3202,0.1038,0.01477,0.2868,0.6691,111.0,0.8382,31,0.2535,3.44,0.366,1.0,692
GIG_3130,ride_hailing,delhi,car,51713.07,0.1804,-0.0598,0.00147,0.2265,0.4322,114.0,0.6184,22,0.2095,3.16,0.046,1.0,470
GIG_3131,courier,hyderabad,bike,42171.6,0.1981,-0.0407,0.00372,0.408,0.7559,103.0,0.9483,19,0.2056,3.92,-0.133,1.0,655
GIG_3132,ride_hailing,hyderabad,car,45737.59,0.2225,-0.0177,0.00446,0.3249,0.5129,130.0,0.8295,28,0.268,4.18,0.091,1.0,663
GIG_3133,home_services,pune,none,40065.14,0.1516,-0.0844,0.00253,0.6597,0.3119,100.0,,14,0.193,4.02,0.14,0.6667,639
GIG_3134,ride_hailing,pune,car,31741.32,0.2291,-0.0207,-0.0017,0.4916,0.9775,114.0,0.943,19,0.2721,3.91,-0.362,1.0,539
GIG_3135,ride_hailing,bengaluru,car,44897.36,0.2254,-0.0311,0.00028,0.2314,0.8268,85.0,0.7008,20,0.2272,2.73,-0.034,1.0,497
GIG_3136,ride_hailing,pune,car,34495.91,0.1819,-0.0679,-0.00612,0.3823,0.6036,124.0,0.9183,28,0.2956,3.88,-0.256,1.0,613
GIG_3137,ride_hailing,hyderabad,car,45301.71,0.1809,-0.0593,-0.00675,0.5756,0.8205,,0.6493,24,0.2451,3.45,-0.19,0.6667,532
GIG_3138,food_delivery,hyderabad,scooter,28134.38,0.1908,-0.07155,0.0022,0.4296,0.4255,76.0,,20,0.239,3.86,-0.195,0.6667,614
GIG_3139,food_delivery,hyderabad,scooter,16599.21,0.2234,-0.03895,-0.00272,0.4744,0.7955,82.0,0.7395,27,0.1989,3.21,-0.126,1.0,630
GIG_3140,ride_hailing,hyderabad,car,51660.29,0.2036,-0.0366,-0.0028,0.5654,0.4325,130.0,0.6774,31,0.2601,3.86,-0.068,1.0,598
GIG_3141,food_delivery,mumbai,bike,32688.07,0.2023,-0.0498,0.00227,0.4236,0.7823,128.0,,32,0.2765,4.22,0.264,0.6667,775
GIG_3142,courier,hyderabad,bike,15040.59,0.2908,0.052,0.01357,0.4266,0.2929,119.0,0.8016,36,0.2893,3.67,0.481,1.0,756
GIG_3143,food_delivery,hyderabad,bike,51199.93,0.2936,0.0231,-0.01474,0.4432,0.5956,119.0,0.6446,18,0.213,2.81,-0.464,1.0,374
GIG_3144,home_services,pune,bike,34687.82,0.1758,-0.0587,0.00075,0.4705,0.6616,107.0,0.9178,27,0.2233,3.74,0.052,1.0,655
GIG_3145,courier,hyderabad,scooter,39591.91,0.2731,0.03825,0.01456,0.3134,0.7349,115.0,0.8435,30,0.2653,4.01,0.373,1.0,778
GIG_3146,food_delivery,hyderabad,bike,40521.6,0.2751,0.0046,0.00557,0.3255,0.9439,128.0,0.8029,29,0.3142,3.68,0.331,1.0,691
GIG_3147,ride_hailing,mumbai,bike,34452.45,0.2924,0.03805,-0.00819,0.214,0.7212,111.0,0.7479,27,0.2638,3.46,-0.451,1.0,501
GIG_3148,food_delivery,hyderabad,bike,48554.06,0.3406,0.0701,-0.01872,0.2796,0.5736,111.0,0.7185,15,0.2439,3.39,-0.368,1.0,418
GIG_3149,courier,mumbai,scooter,52712.93,0.2543,0.021,0.0053,0.2233,0.5363,148.0,0.8268,32,0.2685,3.0,0.091,1.0,666
GIG_3150,food_delivery,bengaluru,bike,13667.34,0.2979,0.0531,-0.00219,0.2545,0.8444,105.0,0.7619,35,0.3029,3.33,-0.243,1.0,497
GIG_3151,courier,mumbai,bike,25267.4,0.2258,0.0073,-0.00157,0.2225,0.7605,74.0,0.8124,14,0.1839,2.63,0.068,1.0,567
GIG_3152,food_delivery,delhi,bike,51273.84,0.2112,-0.05035,0.00132,0.436,0.6688,95.0,0.9275,16,0.2453,3.03,0.045,1.0,682
GIG_3153,home_services,hyderabad,none,38760.42,0.2936,0.0571,0.00895,0.3147,0.6992,92.0,0.5977,22,0.1463,2.98,0.22,1.0,626
GIG_3154,ride_hailing,pune,car,15954.54,0.255,0.0052,0.00294,0.2737,0.4259,96.0,0.7633,27,0.3136,3.85,0.072,1.0,625
GIG_3155,courier,delhi,scooter,20330.54,0.3514,0.09995,-0.00831,0.1775,0.9371,85.0,0.6737,24,0.2221,3.28,-0.442,1.0,300
GIG_3156,food_delivery,pune,scooter,28945.3,0.2452,-0.0174,-0.00347,0.5133,0.5249,68.0,0.6251,13,0.1976,3.07,0.01,1.0,596
GIG_3157,ride_hailing,mumbai,car,12507.34,0.3102,0.0582,0.00223,0.2317,0.6062,76.0,,19,0.1967,2.83,-0.154,0.6667,345
GIG_3158,food_delivery,bengaluru,bike,36257.37,0.2124,-0.0324,-0.00992,0.6438,0.2873,109.0,0.5441,27,0.2098,3.56,-0.364,1.0,574
GIG_3159,ride_hailing,pune,bike,43605.44,0.2393,0.00375,0.00469,0.2104,1.1969,113.0,0.7753,20,0.2209,3.16,0.009,1.0,410
GIG_3160,home_services,mumbai,none,48956.14,0.1849,-0.0549,0.00047,0.5622,0.9867,125.0,0.6739,28,0.3156,3.73,-0.055,1.0,568
GIG_3161,ride_hailing,pune,car,25035.61,0.1287,-0.1211,0.00032,0.6593,0.692,116.0,,38,0.3146,3.65,0.0,0.6667,671
GIG_3162,food_delivery,delhi,scooter,30693.56,0.2082,-0.0594,0.00369,0.3336,0.3066,109.0,0.8908,23,0.245,3.54,0.074,1.0,592
GIG_3163,courier,mumbai,scooter,22901.75,0.1683,-0.065,-0.00067,0.3486,0.3736,71.0,0.5888,10,0.1624,3.12,0.184,1.0,554
GIG_3164,courier,pune,scooter,19236.19,0.1724,-0.05895,-0.00368,0.5665,0.6618,100.0,0.5727,36,0.2598,4.18,-0.043,1.0,538
GIG_3165,home_services,mumbai,car,20842.89,0.2197,-0.0088,0.00727,0.4404,0.7911,112.0,0.8954,38,0.274,3.49,0.407,1.0,705
GIG_3166,ride_hailing,pune,car,33723.89,0.2911,0.0413,0.00444,0.219,1.3044,,0.6544,24,0.1576,2.18,0.337,0.6667,459
GIG_3167,ride_hailing,pune,bike,19573.39,0.2039,-0.03165,0.00584,0.4991,0.7605,104.0,0.8815,37,0.3192,4.24,0.179,1.0,708
GIG_3168,home_services,pune,none,37533.6,0.2579,0.0219,0.00318,0.2782,0.4979,90.0,0.9179,16,0.2138,3.64,0.111,1.0,562
GIG_3169,ride_hailing,hyderabad,car,16441.09,0.1884,-0.0518,0.00345,0.5243,0.766,71.0,0.697,18,0.1966,3.61,0.185,1.0,691
GIG_3170,home_services,hyderabad,none,39606.44,0.1952,-0.0413,0.00077,0.2557,0.407,117.0,0.6369,19,0.1731,2.92,0.048,1.0,538
GIG_3171,courier,bengaluru,bike,48497.16,0.2429,0.0015,0.0051,0.2268,0.5792,128.0,0.8769,38,0.2678,3.51,0.108,1.0,613
GIG_3172,courier,pune,bike,36565.58,0.2976,0.065,0.01602,0.4284,0.6349,,0.7126,17,0.2123,2.72,0.318,0.6667,680
GIG_3173,food_delivery,mumbai,scooter,48836.09,0.3434,0.0824,-0.01224,0.2082,0.4594,121.0,0.9206,25,0.2772,3.16,-0.336,1.0,494
GIG_3174,ride_hailing,hyderabad,car,51116.95,0.1362,-0.104,-0.00236,0.7285,0.2685,124.0,0.9353,17,0.2888,3.94,-0.187,1.0,738
GIG_3175,ride_hailing,hyderabad,car,31621.26,0.2445,0.0043,-0.01372,0.459,1.2379,89.0,0.8843,30,0.2845,3.34,-0.196,1.0,464
GIG_3176,food_delivery,hyderabad,bike,45054.01,0.2709,0.0004,-0.00986,0.3881,0.5475,93.0,0.5317,18,0.2079,2.87,-0.433,1.0,580
GIG_3177,ride_hailing,hyderabad,car,48795.2,0.2493,0.0091,0.00494,0.2967,1.0128,114.0,0.7683,26,0.2186,3.56,0.101,1.0,642
GIG_3178,ride_hailing,hyderabad,bike,24478.7,0.3386,0.1117,-0.0181,0.2744,0.645,,0.8763,30,0.2983,3.5,-0.383,0.6667,407
GIG_3179,ride_hailing,mumbai,car,32262.21,0.2047,-0.0473,-0.00659,0.4071,0.7234,88.0,0.7216,25,0.1819,3.69,-0.175,1.0,386
GIG_3180,courier,mumbai,bike,51894.55,0.1953,-0.0232,-1e-05,0.341,0.9169,150.0,0.5869,33,0.2302,3.77,-0.021,1.0,571
GIG_3181,food_delivery,mumbai,scooter,46280.66,0.257,-0.004,-0.00883,0.3362,0.3989,112.0,0.9666,17,0.2669,3.65,-0.268,1.0,381
GIG_3182,food_delivery,hyderabad,bike,13973.94,0.2468,-0.0237,-0.00537,0.4234,0.5185,94.0,0.9161,23,0.269,3.02,-0.056,1.0,629
GIG_3183,ride_hailing,mumbai,car,21865.85,0.1896,-0.0624,0.00146,0.4745,0.7963,123.0,0.8248,34,0.368,4.57,0.087,1.0,646
GIG_3184,food_delivery,hyderabad,bike,46996.81,0.1801,-0.0904,-0.00306,0.5252,0.7315,107.0,0.6539,27,0.2883,3.96,-0.22,1.0,547
GIG_3185,courier,mumbai,scooter,50191.94,0.2958,0.0625,0.00231,0.2368,0.7802,94.0,,14,0.1894,2.57,0.115,0.6667,491
GIG_3186,ride_hailing,hyderabad,car,41621.2,0.3034,0.0632,-0.01661,0.5583,0.6662,,0.9196,40,0.3014,3.88,-0.422,0.6667,479
GIG_3187,food_delivery,hyderabad,scooter,28877.09,0.2183,-0.04405,0.00865,0.5192,0.709,81.0,0.8404,14,0.236,3.73,0.202,1.0,771
GIG_3188,food_delivery,mumbai,scooter,29542.55,0.2304,-0.0306,0.00167,0.3965,0.5928,80.0,0.503,13,0.1764,2.64,0.099,1.0,623
GIG_3189,courier,pune,scooter,27533.8,0.2527,0.02135,0.01111,0.2335,0.3339,94.0,0.658,38,0.3116,3.89,0.294,1.0,641
GIG_3190,courier,bengaluru,scooter,44865.82,0.1872,-0.0443,0.0084,0.6246,0.7862,87.0,0.7619,14,0.2172,3.41,0.201,1.0,702
GIG_3191,home_services,mumbai,none,37532.11,0.3002,0.0604,-0.00381,0.1993,0.7293,126.0,0.6229,35,0.278,3.95,-0.072,1.0,522
GIG_3192,food_delivery,hyderabad,scooter,51222.21,0.2039,-0.05845,-0.00656,0.5845,0.8614,112.0,0.5,21,0.186,3.44,-0.144,1.0,550
GIG_3193,ride_hailing,delhi,scooter,52880.92,0.2876,0.0278,-0.00121,0.1562,0.6113,,0.7584,14,0.1585,2.63,-0.204,0.6667,468
GIG_3194,food_delivery,hyderabad,bike,36295.02,0.3123,0.0418,0.01555,0.2679,0.3119,,0.8997,36,0.2482,3.01,0.377,0.6667,811
GIG_3195,courier,bengaluru,bike,25873.0,0.2739,0.0325,0.00178,0.2185,0.9244,87.0,0.6606,25,0.2358,3.34,-0.038,1.0,455
GIG_3196,home_services,pune,none,26645.57,0.3782,0.1422,-0.00767,0.1541,1.0282,112.0,0.751,21,0.2811,3.47,-0.108,1.0,392
GIG_3197,courier,hyderabad,scooter,47288.56,0.222,-0.01285,0.0117,0.6331,0.7704,113.0,0.7621,30,0.2845,4.01,0.488,1.0,827
GIG_3198,ride_hailing,mumbai,car,40402.11,0.1889,-0.0631,0.00298,0.476,0.6448,127.0,0.6338,45,0.3047,3.93,0.119,1.0,717
GIG_3199,home_services,pune,none,15102.05,0.2998,0.0638,-0.0049,0.2228,0.6205,54.0,0.5111,11,0.1361,2.46,-0.024,1.0,395
GIG_3200,home_services,bengaluru,car,44128.53,0.1837,-0.0592,0.00032,0.5244,0.5569,132.0,0.9826,33,0.3555,4.63,0.075,1.0,772
GIG_3201,ride_hailing,bengaluru,car,37426.31,0.2677,0.0112,-0.0104,0.3445,0.4029,140.0,,44,0.323,4.26,-0.339,0.6667,556
GIG_3202,food_delivery,delhi,scooter,12394.31,0.39,0.1224,-0.0123,0.1316,0.4983,81.0,0.6986,18,0.2124,2.9,-0.504,1.0,351
GIG_3203,home_services,bengaluru,bike,12618.52,0.2353,0.0,-0.00041,0.2538,0.8724,73.0,0.7964,20,0.2463,,,0.6667,567
GIG_3204,home_services,hyderabad,bike,11512.73,0.3176,0.0873,-0.01521,0.1857,0.7851,,0.8719,32,0.3009,3.64,-0.631,0.6667,345
GIG_3205,food_delivery,pune,bike,42165.09,0.2732,0.0101,-0.00305,0.4628,0.9168,99.0,0.707,23,0.2367,3.28,0.001,1.0,600
GIG_3206,ride_hailing,delhi,car,45566.68,0.3675,0.1273,-0.02118,0.3443,0.7941,96.0,0.6914,26,0.2279,3.75,-0.413,1.0,469
GIG_3207,ride_hailing,bengaluru,car,11508.25,0.2124,-0.0441,-0.00213,0.1004,0.4496,82.0,0.7061,32,0.2581,3.17,-0.088,1.0,536
GIG_3208,courier,mumbai,bike,20524.0,0.4282,0.2097,-0.02219,0.2573,0.9296,75.0,0.5,21,0.1915,2.83,-0.58,1.0,420
GIG_3209,courier,hyderabad,scooter,37080.36,0.2372,0.00235,0.01118,0.4035,0.531,119.0,0.9604,22,0.2946,3.29,0.279,1.0,653
GIG_3210,food_delivery,mumbai,bike,14787.11,0.1983,-0.0538,-0.00131,0.44,0.7686,,0.6008,39,0.3252,4.07,-0.026,0.6667,541
GIG_3211,ride_hailing,bengaluru,car,17102.32,0.1704,-0.0861,0.00221,0.5138,0.4184,106.0,0.7025,26,0.3102,3.86,0.021,1.0,713
GIG_3212,courier,mumbai,scooter,47677.59,0.2749,0.0416,0.01232,0.5101,0.5293,111.0,0.5564,21,0.2051,3.18,0.512,1.0,685
GIG_3213,ride_hailing,hyderabad,car,42397.86,0.2581,0.0179,0.00269,0.2783,0.8461,131.0,0.8145,38,0.2968,3.58,0.066,1.0,471
GIG_3214,ride_hailing,delhi,car,41406.98,0.1716,-0.0686,-0.00141,0.3848,0.4687,130.0,,30,0.2967,3.66,-0.044,0.6667,643
GIG_3215,courier,bengaluru,bike,21690.88,0.3397,0.0983,0.00905,0.1817,0.8558,87.0,0.5755,21,0.2316,3.32,0.168,1.0,530
GIG_3216,home_services,bengaluru,none,48786.7,0.2837,0.05435,0.01462,0.342,0.6923,105.0,,25,0.3283,4.58,0.345,0.6667,787
GIG_3217,ride_hailing,bengaluru,car,33554.34,0.2519,-0.0046,0.0001,0.3021,0.2412,80.0,0.8493,22,0.1969,3.26,-0.105,1.0,613
GIG_3218,ride_hailing,bengaluru,car,21944.49,0.1838,-0.0727,-0.00166,0.3263,0.5345,93.0,,24,0.2517,3.13,0.122,0.6667,511
GIG_3219,ride_hailing,hyderabad,car,11156.38,0.2074,-0.0328,0.00224,0.4361,1.4586,85.0,,27,0.2916,3.57,0.016,0.6667,596
GIG_3220,food_delivery,delhi,bike,18932.53,0.1991,-0.06245,0.00493,0.5552,1.0115,92.0,0.9508,20,0.232,4.0,0.129,1.0,595
GIG_3221,home_services,mumbai,none,29479.54,0.2061,-0.0337,-0.00251,0.2573,0.5393,91.0,0.7668,26,0.2233,3.12,-0.037,1.0,565
GIG_3222,ride_hailing,mumbai,car,27507.52,0.2275,-0.0245,-0.00301,0.3982,0.4477,88.0,0.7402,37,0.2515,3.72,0.076,1.0,627
GIG_3223,ride_hailing,hyderabad,car,53115.03,0.212,-0.0282,0.00721,0.2715,0.5068,115.0,,31,0.2496,,,0.3333,574
GIG_3224,food_delivery,hyderabad,bike,16056.72,0.3892,0.1187,-0.02218,0.34,0.9071,93.0,0.7975,30,0.2839,,,0.6667,364
GIG_3225,ride_hailing,pune,car,27572.92,0.2735,0.0237,-0.01068,0.3592,0.4757,89.0,,29,0.2491,2.98,-0.513,0.6667,361
GIG_3226,food_delivery,hyderabad,scooter,29946.26,0.301,0.03865,0.00905,0.4402,0.4916,94.0,0.8218,25,0.2511,3.15,0.183,1.0,734
GIG_3227,food_delivery,bengaluru,scooter,28748.98,0.2926,0.0298,-0.0011,0.128,0.6674,85.0,0.734,18,0.2177,,,0.6667,424
GIG_3228,home_services,delhi,car,52916.33,0.2908,0.088,0.01487,0.5895,0.5982,124.0,0.6571,31,0.2544,3.0,0.443,1.0,757
GIG_3229,ride_hailing,hyderabad,car,17991.32,0.2079,-0.0323,0.0004,0.5102,0.3567,102.0,0.5804,20,0.2225,2.98,0.235,1.0,505
GIG_3230,courier,mumbai,bike,43545.82,0.2479,0.0294,-0.00097,0.271,0.7871,93.0,,19,0.1968,3.03,0.11,0.6667,583
GIG_3231,courier,bengaluru,bike,36798.13,0.342,0.1006,0.00618,0.2749,0.4391,114.0,0.8212,22,0.2213,3.1,0.483,1.0,647
GIG_3232,courier,hyderabad,scooter,11936.93,0.1796,-0.05525,0.00171,0.5498,0.5009,122.0,0.8408,42,0.3657,4.44,-0.015,1.0,715
GIG_3233,food_delivery,hyderabad,bike,53194.49,0.1848,-0.0857,0.00337,0.5229,0.4623,138.0,0.9383,25,0.3229,4.09,0.296,1.0,666
GIG_3234,ride_hailing,hyderabad,car,52105.75,0.2382,-0.002,0.00572,0.2078,0.4713,119.0,,33,0.2599,2.94,0.174,0.6667,678
GIG_3235,home_services,hyderabad,car,14688.62,0.2814,0.046,-0.00848,0.3353,0.5446,101.0,,30,0.2778,3.78,-0.157,0.6667,450
GIG_3236,food_delivery,pune,scooter,23097.25,0.3092,0.0466,0.00467,0.2035,0.7157,93.0,,28,0.2723,3.7,0.054,0.6667,603
GIG_3237,food_delivery,delhi,bike,38539.58,0.1916,-0.06995,0.00376,0.4881,0.3917,119.0,0.6817,31,0.3374,3.9,0.046,1.0,622
GIG_3238,food_delivery,mumbai,scooter,12664.03,0.2959,0.0349,0.00941,0.3449,0.7274,100.0,0.5964,46,0.316,2.86,0.653,1.0,780
GIG_3239,ride_hailing,mumbai,bike,11454.88,0.3469,0.09255,-0.01409,0.2466,0.4112,88.0,0.7859,30,0.2715,3.58,-0.405,1.0,420
GIG_3240,ride_hailing,mumbai,car,26999.3,0.1938,-0.0582,-0.00412,0.196,0.5484,,0.8525,12,0.2043,2.78,0.139,0.6667,475
GIG_3241,food_delivery,hyderabad,scooter,34162.68,0.2668,0.00445,0.00331,0.1242,0.4646,95.0,0.7527,23,0.25,3.27,0.162,1.0,457
GIG_3242,home_services,pune,none,22253.64,0.2382,0.0022,0.00268,0.4129,0.2408,78.0,0.587,29,0.2184,2.68,0.329,1.0,545
GIG_3243,ride_hailing,mumbai,car,45886.85,0.233,-0.019,-0.00098,0.2866,0.7374,133.0,0.6997,34,0.2532,3.91,0.019,1.0,487
GIG_3244,ride_hailing,delhi,car,54421.76,0.1477,-0.0925,0.00049,0.4607,0.4368,143.0,0.766,44,0.2715,4.16,-0.043,1.0,624
GIG_3245,ride_hailing,bengaluru,car,13410.04,0.2487,-0.0078,0.00852,0.2548,0.4406,58.0,0.7553,8,0.1499,2.39,0.156,1.0,512
GIG_3246,courier,hyderabad,scooter,51849.95,0.2424,0.00755,-0.00943,0.4997,0.6776,135.0,0.7168,40,0.306,4.64,-0.418,1.0,588
GIG_3247,food_delivery,hyderabad,bike,40412.03,0.3178,0.0473,-0.01017,0.2499,0.2966,100.0,0.9545,32,0.233,3.66,-0.435,1.0,534
GIG_3248,home_services,hyderabad,none,12417.94,0.3279,0.0914,-0.01104,0.2276,0.8912,81.0,0.8179,27,0.2536,3.8,-0.534,1.0,456
GIG_3249,food_delivery,delhi,car,28641.87,0.1706,-0.1225,0.00304,0.4831,0.3771,84.0,,20,0.2386,3.23,-0.138,0.6667,624
GIG_3250,ride_hailing,mumbai,scooter,50891.04,0.2976,0.0689,0.01184,0.4444,1.0125,120.0,0.6726,34,0.2974,4.0,0.199,1.0,721
GIG_3251,ride_hailing,mumbai,car,38736.08,0.2866,0.0346,0.01079,0.2387,0.8917,88.0,0.6756,27,0.1987,3.59,0.263,1.0,675
GIG_3252,home_services,mumbai,none,29407.01,0.2125,-0.0273,-0.00191,0.4683,0.9805,111.0,0.7468,41,0.3378,4.07,-0.07,1.0,542
GIG_3253,food_delivery,delhi,bike,46015.83,0.382,0.12045,-0.01952,0.3338,0.6616,119.0,0.7842,31,0.2308,3.16,-0.367,1.0,413
GIG_3254,courier,delhi,bike,42552.03,0.1861,-0.0759,0.00434,0.3775,0.5625,117.0,,28,0.2208,3.3,0.148,0.6667,510
GIG_3255,home_services,hyderabad,bike,24268.99,0.2393,0.009,0.00116,0.339,0.619,91.0,0.7522,12,0.1667,3.56,0.102,1.0,564
GIG_3256,ride_hailing,hyderabad,scooter,39816.69,0.3145,0.0841,-0.0118,0.2634,0.6796,,0.6841,6,0.1224,2.35,-0.466,0.6667,338
GIG_3257,ride_hailing,hyderabad,car,25950.25,0.1804,-0.0598,-0.00193,0.5246,0.3912,104.0,0.7418,27,0.2929,4.68,-0.036,1.0,587
GIG_3258,ride_hailing,mumbai,car,16055.81,0.1811,-0.0709,-0.00311,0.437,0.894,71.0,0.7023,28,0.2349,3.51,-0.25,1.0,572
GIG_3259,food_delivery,pune,scooter,17092.14,0.2498,-0.0128,0.00499,0.347,0.5032,69.0,0.8014,13,0.1545,2.82,-0.0,1.0,490
GIG_3260,food_delivery,delhi,scooter,28324.18,0.2019,-0.0657,0.00268,0.4862,0.8322,112.0,,18,0.2554,,,0.3333,632
GIG_3261,food_delivery,hyderabad,bike,50220.37,0.1747,-0.0958,-0.00331,0.3272,0.7386,98.0,0.5586,17,0.2118,2.56,-0.133,1.0,497
GIG_3262,ride_hailing,bengaluru,car,42540.24,0.2982,0.0417,-0.01694,0.4472,0.4154,122.0,0.6705,31,0.3584,3.66,-0.454,1.0,478
GIG_3263,home_services,delhi,bike,45449.38,0.2257,0.0093,0.00887,0.5758,0.4752,107.0,0.6969,25,0.2028,3.32,0.444,1.0,772
GIG_3264,courier,bengaluru,scooter,37546.78,0.2799,0.0484,0.01384,0.3754,0.8008,114.0,0.5984,30,0.2597,3.03,0.393,1.0,669
GIG_3265,courier,mumbai,bike,28610.35,0.2155,-0.003,0.00035,0.3786,1.019,127.0,0.6359,35,0.2951,3.71,0.071,1.0,584
GIG_3266,food_delivery,pune,bike,31485.84,0.252,-0.0111,-4e-05,0.242,0.6445,89.0,0.5347,29,0.2174,3.02,-0.007,1.0,480
GIG_3267,home_services,pune,none,32144.85,0.1794,-0.0566,0.00018,0.4737,0.5249,100.0,0.8558,32,0.3024,3.88,-0.003,1.0,604
GIG_3268,food_delivery,delhi,bike,44211.64,0.2432,-0.01835,-0.00014,0.3565,0.3119,133.0,0.7532,36,0.29,4.19,-0.069,1.0,533
GIG_3269,food_delivery,bengaluru,bike,14172.22,0.1862,-0.0586,-0.00247,0.6219,0.7285,102.0,0.7361,30,0.3554,4.05,0.012,1.0,710
GIG_3270,food_delivery,hyderabad,scooter,19706.87,0.248,-0.01435,-0.01181,0.6255,0.3698,,0.5,17,0.1266,3.4,-0.546,0.6667,430
GIG_3271,food_delivery,hyderabad,car,22479.85,0.2687,0.00315,-0.00928,0.4932,0.9525,99.0,0.6729,32,0.2774,3.88,-0.421,1.0,519
GIG_3272,home_services,mumbai,car,19642.36,0.2074,-0.0211,0.00053,0.2876,0.3222,72.0,0.7205,30,0.1901,3.62,-0.052,1.0,645
GIG_3273,home_services,pune,bike,36357.78,0.236,0.0015,-0.001,0.1307,0.7778,108.0,,17,0.1976,2.97,-0.047,0.6667,328
GIG_3274,food_delivery,pune,bike,32490.51,0.2452,-0.0179,0.00401,0.4009,0.5161,104.0,0.9298,11,0.2465,3.39,-0.025,1.0,686
GIG_3275,home_services,mumbai,none,55402.71,0.1881,-0.0517,0.00848,0.5952,0.5581,134.0,0.821,36,0.2883,3.76,0.424,1.0,772
GIG_3276,ride_hailing,hyderabad,bike,54417.77,0.1797,-0.0472,-0.00047,0.4774,0.7463,95.0,0.6147,28,0.2193,3.2,-0.153,1.0,495
GIG_3277,courier,bengaluru,bike,20272.05,0.21,-0.0314,0.00249,0.2518,0.7759,101.0,0.7029,33,0.3277,3.97,0.101,1.0,670
GIG_3278,ride_hailing,hyderabad,bike,49868.61,0.2116,-0.0153,-0.00214,0.3885,0.6007,136.0,0.9732,25,0.277,3.83,-0.014,1.0,518
GIG_3279,food_delivery,mumbai,scooter,46936.15,0.344,0.083,0.01542,0.2384,1.005,123.0,0.7971,28,0.2716,3.7,0.395,1.0,723
GIG_3280,food_delivery,pune,bike,41038.93,0.3382,0.0751,-0.01564,0.4536,0.6955,144.0,0.7079,33,0.3578,4.4,-0.45,1.0,536
GIG_3281,ride_hailing,delhi,car,30778.46,0.2927,0.0525,0.0085,0.2807,0.9657,119.0,0.731,30,0.2099,2.98,0.329,1.0,572
GIG_3282,courier,mumbai,scooter,27775.37,0.2602,0.0269,-7e-05,0.3671,0.587,86.0,0.5958,24,0.2832,3.53,0.114,1.0,555
GIG_3283,courier,bengaluru,car,39343.99,0.2079,-0.0381,-0.00736,0.3688,0.5293,118.0,,28,0.3421,4.75,-0.107,0.6667,644
GIG_3284,food_delivery,pune,bike,26586.4,0.2408,-0.0223,0.00816,0.4509,0.5495,85.0,,17,0.2301,3.86,0.237,0.6667,508
GIG_3285,courier,delhi,scooter,38888.24,0.2167,-0.03475,0.00229,0.4387,0.3922,85.0,0.9066,11,0.2563,,,0.6667,561
GIG_3286,food_delivery,mumbai,bike,30905.93,0.1858,-0.0663,-0.0001,0.3233,0.3213,80.0,0.8605,29,0.2908,3.86,-0.053,1.0,571
GIG_3287,courier,bengaluru,scooter,23807.29,0.1543,-0.0772,-0.00081,0.539,0.4524,102.0,0.7279,31,0.2681,4.44,0.078,1.0,637
GIG_3288,food_delivery,mumbai,scooter,26616.53,0.2186,-0.0424,-0.00177,0.4471,0.4749,107.0,0.7033,32,0.2871,3.86,-0.011,1.0,570
GIG_3289,courier,pune,car,13250.44,0.3082,0.0845,0.01609,0.4287,1.029,89.0,0.5439,27,0.1585,3.16,0.558,1.0,768
GIG_3290,food_delivery,mumbai,scooter,32418.23,0.2257,-0.0353,-0.0009,0.3191,0.4144,80.0,0.623,20,0.1873,3.03,-0.071,1.0,376
GIG_3291,home_services,bengaluru,car,11182.99,0.1993,-0.0436,-0.00088,0.5166,0.9368,,0.7712,27,0.3083,3.33,-0.208,0.6667,633
GIG_3292,food_delivery,delhi,scooter,39858.07,0.185,-0.0826,0.00052,0.4454,0.4001,93.0,0.8863,15,0.2612,3.57,0.002,1.0,640
GIG_3293,courier,pune,bike,47400.94,0.2369,0.0043,0.00212,0.2972,0.4356,148.0,0.6344,34,0.3238,3.95,0.046,1.0,541
GIG_3294,courier,mumbai,bike,39519.71,0.3298,0.1113,-0.00332,0.1409,0.5204,108.0,0.8122,22,0.2448,,,0.6667,310
GIG_3295,food_delivery,hyderabad,bike,48454.67,0.2111,-0.0594,-0.00024,0.4885,0.5654,154.0,0.8275,30,0.3663,4.57,-0.079,1.0,675
GIG_3296,ride_hailing,bengaluru,car,16113.93,0.3379,0.0814,0.01651,0.3553,0.6783,58.0,0.8057,12,0.1518,2.71,0.388,1.0,653
GIG_3297,ride_hailing,mumbai,car,33565.7,0.2102,-0.0418,-0.00318,0.3858,1.185,128.0,0.6068,37,0.3517,4.35,0.052,1.0,525
GIG_3298,courier,bengaluru,bike,50948.28,0.2546,0.0132,0.00969,0.3088,1.0897,115.0,0.7368,29,0.2565,3.7,0.386,1.0,560
GIG_3299,ride_hailing,pune,car,16764.61,0.3738,0.124,-0.0192,0.2611,0.9502,74.0,0.7649,20,0.2071,3.44,-0.57,1.0,395
GIG_3300,food_delivery,delhi,scooter,31955.6,0.4236,0.156,-0.01949,0.1833,0.7778,109.0,0.7166,39,0.2993,3.5,-0.609,1.0,449
GIG_3301,food_delivery,bengaluru,bike,29858.46,0.2838,0.039,0.01359,0.4667,0.4232,93.0,0.8088,24,0.2509,4.13,0.481,1.0,777
GIG_3302,ride_hailing,bengaluru,car,19573.97,0.1979,-0.0586,0.00063,0.4344,0.9636,111.0,0.84,37,0.288,3.76,0.12,1.0,536
GIG_3303,food_delivery,delhi,scooter,33257.61,0.2747,0.0071,0.00831,0.3504,0.841,100.0,0.506,18,0.2368,3.51,0.385,1.0,585
GIG_3304,food_delivery,delhi,scooter,39850.72,0.2775,0.0099,-0.00098,0.594,1.0081,,0.9208,23,0.2463,3.9,0.143,0.6667,628
GIG_3305,food_delivery,pune,bike,16050.55,0.279,0.0159,0.00804,0.3283,1.0683,79.0,0.7592,27,0.2285,3.49,0.217,1.0,486
GIG_3306,courier,hyderabad,scooter,35824.41,0.2655,0.03065,0.01283,0.5337,0.8694,82.0,0.5,10,0.1548,2.94,0.412,1.0,694
GIG_3307,food_delivery,bengaluru,bike,19381.97,0.1943,-0.0505,-0.00126,0.562,0.9877,83.0,0.5983,33,0.2821,3.74,-0.018,1.0,578
GIG_3308,food_delivery,bengaluru,scooter,34536.7,0.371,0.1082,0.01578,0.1475,0.5271,106.0,0.5406,30,0.2532,3.4,0.44,1.0,661
GIG_3309,ride_hailing,bengaluru,car,40421.14,0.3718,0.1153,-0.01891,0.372,0.5619,131.0,0.6415,34,0.304,3.51,-0.314,1.0,477
GIG_3310,courier,bengaluru,scooter,52231.85,0.2211,-0.0104,-0.0042,0.4003,1.2906,120.0,,16,0.224,3.49,-0.179,0.6667,605
GIG_3311,ride_hailing,pune,bike,44626.93,0.2322,-0.00335,-0.0034,0.1944,0.9175,98.0,0.873,27,0.1921,3.18,-0.275,1.0,513
GIG_3312,courier,bengaluru,car,41704.11,0.1711,-0.0749,0.00082,0.4386,0.5681,120.0,0.6482,33,0.2124,3.64,-0.05,1.0,763
GIG_3313,ride_hailing,bengaluru,car,21264.82,0.389,0.1325,-0.0204,0.3116,0.7961,90.0,,24,0.2016,3.46,-0.474,0.6667,371
GIG_3314,home_services,pune,none,16662.3,0.2039,-0.0321,0.00426,0.4482,0.6829,,0.793,26,0.3261,4.48,-0.103,0.6667,588
GIG_3315,courier,mumbai,bike,32866.8,0.1873,-0.0312,0.00649,0.6973,1.0099,,0.913,18,0.2614,3.47,0.362,0.6667,760
GIG_3316,ride_hailing,delhi,car,37771.37,0.2779,0.0377,-0.01171,0.2893,0.3268,95.0,,25,0.1946,3.04,-0.372,0.6667,503
GIG_3317,food_delivery,bengaluru,bike,48442.05,0.1806,-0.0642,0.00056,0.4039,0.5488,110.0,0.6072,21,0.1979,3.62,0.297,1.0,601
GIG_3318,ride_hailing,hyderabad,car,26582.73,0.2287,-0.0115,-0.00857,0.4667,0.9316,,,11,0.1936,,,0.0,445
GIG_3319,ride_hailing,hyderabad,car,33358.91,0.3301,0.0899,-0.01488,0.3412,0.8473,90.0,,14,0.201,3.56,-0.343,0.6667,450
GIG_3320,courier,delhi,bike,37278.86,0.2172,-0.0448,-0.00782,0.3768,0.5674,114.0,0.6326,33,0.2841,3.89,0.024,1.0,538
GIG_3321,courier,hyderabad,bike,39381.29,0.326,0.0872,0.00798,0.1269,0.7076,124.0,0.7603,32,0.2537,3.41,0.354,1.0,585
GIG_3322,home_services,hyderabad,none,19128.08,0.2507,0.0142,-0.00842,0.4171,1.0332,84.0,0.6912,32,0.2936,3.76,-0.268,1.0,494
GIG_3323,ride_hailing,bengaluru,scooter,48186.66,0.1851,-0.0367,0.0035,0.4832,0.7067,108.0,0.6998,33,0.2406,,,0.6667,643
GIG_3324,food_delivery,bengaluru,car,27469.2,0.2266,-0.0338,-0.00606,0.4415,0.7846,86.0,0.8743,27,0.2656,3.85,-0.275,1.0,670
GIG_3325,courier,hyderabad,scooter,39564.04,0.3113,0.07645,-0.0178,0.2616,0.456,94.0,0.5122,16,0.2314,3.09,-0.518,1.0,388
GIG_3326,courier,delhi,car,20552.41,0.2467,0.02125,0.01368,0.6632,0.4879,60.0,0.709,19,0.1922,3.68,0.475,1.0,668
GIG_3327,food_delivery,delhi,bike,52417.41,0.2341,-0.02745,0.00343,0.572,0.9004,121.0,0.6281,29,0.271,3.26,-0.076,1.0,514
GIG_3328,food_delivery,pune,bike,34242.09,0.2417,-0.0214,8e-05,0.3332,0.5484,124.0,0.9588,39,0.3375,4.23,0.052,1.0,658
GIG_3329,food_delivery,pune,bike,21395.28,0.3118,0.0487,0.00358,0.1431,0.8702,82.0,0.7133,14,0.1945,2.91,0.104,1.0,388
GIG_3330,food_delivery,bengaluru,scooter,40513.41,0.2685,0.0057,-0.00084,0.2124,0.5032,128.0,0.9272,24,0.2964,3.45,-0.078,1.0,499
GIG_3331,food_delivery,hyderabad,bike,27326.91,0.2085,-0.062,0.00227,0.4524,0.7415,96.0,0.6944,37,0.1975,3.62,0.208,1.0,599
GIG_3332,food_delivery,mumbai,bike,26947.18,0.2571,0.005,-0.0056,0.1371,0.9458,78.0,0.7783,23,0.2594,3.09,-0.088,1.0,437
GIG_3333,food_delivery,hyderabad,bike,48808.01,0.3108,0.0403,-0.01651,0.5718,0.7958,93.0,0.7225,15,0.206,3.21,-0.398,1.0,403
GIG_3334,ride_hailing,mumbai,car,47872.15,0.2691,0.0171,-0.01018,0.3304,0.3501,116.0,,21,0.1984,2.97,-0.036,0.6667,420
GIG_3335,ride_hailing,hyderabad,car,21920.09,0.3386,0.0984,-0.01712,0.29,0.6272,90.0,0.6675,33,0.2531,3.81,-0.382,1.0,529
GIG_3336,ride_hailing,mumbai,car,26716.68,0.1455,-0.1065,-0.00018,0.4546,0.2873,95.0,0.8461,29,0.3427,3.8,-0.07,1.0,670
GIG_3337,courier,hyderabad,scooter,47559.84,0.3398,0.10495,-0.01473,0.2369,0.3486,130.0,0.7308,30,0.2316,3.39,-0.671,1.0,300
GIG_3338,courier,mumbai,scooter,15873.06,0.1634,-0.0699,-0.00645,0.6483,0.582,65.0,,15,0.1857,3.06,-0.416,0.6667,563
GIG_3339,home_services,pune,none,50609.95,0.1731,-0.0629,0.00099,0.6264,0.4184,,,24,0.2854,4.19,0.198,0.3333,708
GIG_3340,courier,mumbai,scooter,22215.65,0.1769,-0.0564,0.00064,0.4686,0.2633,105.0,0.9614,35,0.3247,,,0.6667,606
GIG_3341,home_services,hyderabad,none,28166.57,0.1679,-0.0686,-0.00387,0.6305,0.7717,117.0,0.6238,33,0.3194,3.79,-0.04,1.0,615
GIG_3342,food_delivery,pune,scooter,13114.65,0.2181,-0.0445,-0.0031,0.5586,0.853,69.0,,30,0.2623,3.67,-0.145,0.6667,507
GIG_3343,ride_hailing,pune,car,42834.19,0.2182,-0.0316,0.00088,0.3191,1.1899,138.0,0.699,26,0.2601,3.28,-0.166,1.0,533
GIG_3344,courier,pune,bike,48208.8,0.1834,-0.0492,0.00036,0.5944,0.5219,121.0,0.8979,23,0.2508,3.36,0.077,1.0,529
GIG_3345,ride_hailing,delhi,car,51380.73,0.3257,0.0855,0.01451,0.3832,0.6081,103.0,0.6817,13,0.1982,3.6,0.465,1.0,691
GIG_3346,food_delivery,hyderabad,scooter,22293.82,0.2659,0.00355,-0.0002,0.2967,0.8022,72.0,,12,0.2419,3.03,0.094,0.6667,549
GIG_3347,ride_hailing,pune,bike,19472.52,0.2745,0.03895,0.00884,0.2659,0.7853,89.0,0.6575,22,0.1915,3.65,0.343,1.0,606
GIG_3348,food_delivery,pune,scooter,14864.58,0.2875,0.0249,-0.00604,0.3132,0.3771,74.0,0.6809,27,0.2171,3.33,-0.01,1.0,548
GIG_3349,food_delivery,pune,scooter,55703.1,0.1929,-0.0697,0.00327,0.3824,0.3848,127.0,0.7401,22,0.2866,3.57,0.125,1.0,669
GIG_3350,food_delivery,pune,bike,41562.67,0.2068,-0.0563,0.0016,0.4868,0.7647,146.0,,32,0.3231,3.8,-0.019,0.6667,590
GIG_3351,courier,mumbai,scooter,34553.85,0.2095,-0.0238,-0.00167,0.2367,1.0414,106.0,0.595,24,0.2241,3.2,-0.07,1.0,538
GIG_3352,food_delivery,bengaluru,scooter,33308.97,0.2676,0.0048,0.00035,0.1693,0.6168,122.0,0.9523,27,0.3387,3.59,0.106,1.0,563
GIG_3353,courier,mumbai,bike,25101.3,0.1385,-0.08,0.00107,0.4919,0.699,98.0,0.8242,16,0.2627,3.34,0.235,1.0,661
GIG_3354,ride_hailing,mumbai,car,17469.9,0.3265,0.0745,-0.00119,0.1991,0.8102,57.0,0.6412,17,0.1873,2.23,0.017,1.0,480
GIG_3355,food_delivery,hyderabad,bike,14481.95,0.2356,-0.0349,-0.01038,0.5991,0.3703,86.0,1.0,21,0.2892,4.01,-0.286,1.0,401
GIG_3356,ride_hailing,hyderabad,bike,53372.83,0.185,-0.0419,-0.00062,0.3714,0.4121,137.0,0.7036,30,0.2991,3.95,0.105,1.0,664
GIG_3357,food_delivery,hyderabad,bike,26228.6,0.2878,0.0173,-0.00325,0.319,0.3994,108.0,0.8058,31,0.305,3.52,-0.042,1.0,612
GIG_3358,food_delivery,mumbai,bike,51591.54,0.1787,-0.0734,0.00329,0.6083,0.6767,97.0,0.7991,17,0.2889,3.1,0.173,1.0,710
GIG_3359,home_services,pune,bike,24595.04,0.1964,-0.0381,0.00019,0.2808,0.377,91.0,,43,0.2466,3.09,-0.16,0.6667,416
GIG_3360,home_services,bengaluru,none,23058.07,0.2004,-0.02895,-5e-05,0.3487,0.6775,75.0,0.5269,17,0.207,3.08,-0.122,1.0,428
GIG_3361,food_delivery,mumbai,scooter,31215.11,0.306,0.045,0.0007,0.179,0.4899,106.0,0.8386,27,0.3519,3.38,-0.134,1.0,535
GIG_3362,home_services,delhi,bike,40721.65,0.2308,0.0144,0.0027,0.1893,0.813,145.0,0.6711,39,0.293,3.58,0.07,1.0,470
GIG_3363,ride_hailing,delhi,car,23808.85,0.295,0.0548,0.00525,0.2394,0.9952,101.0,,17,0.2226,3.6,-0.024,0.6667,637
GIG_3364,courier,bengaluru,bike,43911.5,0.2031,-0.0383,0.00368,0.3537,0.4909,99.0,0.7331,21,0.2188,3.04,0.103,1.0,462
GIG_3365,courier,delhi,car,18564.59,0.2419,0.01645,0.00242,0.4161,1.1896,60.0,0.8945,7,0.2148,3.18,0.037,1.0,563
GIG_3366,food_delivery,bengaluru,scooter,28361.59,0.1692,-0.0936,-0.00091,0.5169,0.4183,103.0,0.9221,35,0.3198,4.11,-0.111,1.0,667
GIG_3367,food_delivery,delhi,scooter,34788.72,0.2176,-0.05,0.00518,0.5254,0.9528,116.0,0.762,26,0.2888,3.79,0.127,1.0,669
GIG_3368,ride_hailing,bengaluru,car,24604.82,0.2093,-0.0472,0.00901,0.1881,0.3886,117.0,0.6257,36,0.2252,3.01,0.342,1.0,651
GIG_3369,home_services,pune,none,16916.35,0.229,-0.007,-0.00733,0.4319,1.0677,100.0,0.5954,25,0.2376,3.13,-0.314,1.0,589
GIG_3370,ride_hailing,pune,car,46701.76,0.1979,-0.0519,0.00366,0.4338,0.5209,109.0,0.8929,32,0.2947,3.85,0.115,1.0,767
GIG_3371,food_delivery,pune,bike,13947.97,0.2037,-0.0594,0.00345,0.4131,0.9074,110.0,0.5,42,0.2826,3.53,0.149,1.0,572
GIG_3372,ride_hailing,hyderabad,car,44355.56,0.2884,0.0482,-0.00964,0.1887,0.9244,103.0,,16,0.2208,2.49,-0.165,0.6667,336
GIG_3373,food_delivery,bengaluru,bike,24316.13,0.2441,-0.0007,0.00096,0.2658,0.2677,,,27,0.3063,3.96,0.072,0.3333,566
GIG_3374,ride_hailing,hyderabad,bike,25159.62,0.324,0.0971,-0.01323,0.2401,0.751,103.0,0.8435,40,0.2927,3.86,-0.253,1.0,420
GIG_3375,home_services,hyderabad,none,27575.34,0.3008,0.0643,-0.0157,0.3281,0.6648,113.0,0.7721,20,0.2808,,,0.6667,452
GIG_3376,food_delivery,hyderabad,scooter,35884.89,0.2869,0.02455,-0.00184,0.1456,0.672,120.0,0.9366,25,0.2943,3.52,-0.053,1.0,559
GIG_3377,courier,hyderabad,bike,26166.91,0.3149,0.0761,-0.00179,0.212,0.3715,107.0,0.7457,24,0.265,3.07,0.074,1.0,494
GIG_3378,food_delivery,pune,bike,39311.8,0.1857,-0.0774,0.00208,0.5469,0.5481,89.0,,11,0.1495,3.07,0.103,0.6667,536
GIG_3379,courier,pune,bike,39617.8,0.3784,0.1458,-0.01677,0.2017,0.663,115.0,0.7918,28,0.2688,2.99,-0.419,1.0,393
GIG_3380,food_delivery,delhi,bike,51114.9,0.3278,0.06625,0.00436,0.1885,1.2089,106.0,0.5,17,0.2086,2.99,0.011,1.0,407
GIG_3381,home_services,delhi,none,39967.84,0.2274,-0.0142,0.00088,0.4196,0.2465,90.0,0.5391,7,0.1391,,,0.6667,534
GIG_3382,food_delivery,bengaluru,car,42722.83,0.2219,-0.0385,-0.00882,0.5699,0.6214,75.0,,17,0.1533,2.93,-0.142,0.6667,542
GIG_3383,ride_hailing,hyderabad,car,27555.12,0.2724,0.0322,5e-05,0.248,0.8951,,0.7882,13,0.1805,3.08,-0.016,0.6667,539
GIG_3384,food_delivery,hyderabad,scooter,37262.27,0.4017,0.13935,0.01766,0.1376,0.9113,107.0,0.9187,30,0.2827,3.19,0.524,1.0,662
GIG_3385,courier,delhi,scooter,15294.82,0.4038,0.15235,0.00768,0.0921,0.9548,114.0,0.9055,37,0.3536,3.84,0.438,1.0,735
GIG_3386,food_delivery,pune,bike,43804.09,0.3497,0.0866,0.00291,0.2516,0.6346,78.0,0.7045,21,0.1893,3.28,0.078,1.0,489
GIG_3387,food_delivery,bengaluru,scooter,12812.05,0.2702,0.0074,0.00935,0.2831,0.8436,,0.7786,27,0.2673,3.88,0.323,0.6667,655
GIG_3388,home_services,hyderabad,none,43564.68,0.1432,-0.0933,-0.00093,0.6488,0.5484,111.0,0.6972,26,0.2842,3.54,-0.116,1.0,676
GIG_3389,ride_hailing,delhi,car,12310.97,0.2184,-0.0218,0.00035,0.3011,0.7563,129.0,0.7853,34,0.3683,3.53,0.101,1.0,584
GIG_3390,food_delivery,pune,scooter,30248.04,0.2099,-0.0527,-0.0014,0.3483,0.4327,103.0,0.7657,28,0.2777,3.57,0.039,1.0,534
GIG_3391,courier,delhi,bike,40400.87,0.3542,0.0922,0.01228,0.2538,0.7598,127.0,0.6741,31,0.2769,3.43,0.358,1.0,566
GIG_3392,courier,delhi,scooter,46792.47,0.3123,0.06085,0.01173,0.3135,0.258,143.0,0.7722,40,0.3273,4.07,0.33,1.0,735
GIG_3393,food_delivery,pune,car,37153.65,0.3174,0.0421,-0.00115,0.1822,1.0731,100.0,0.7477,16,0.2276,2.28,0.061,1.0,394
GIG_3394,food_delivery,bengaluru,bike,36925.0,0.3297,0.0849,-0.01021,0.2615,0.7943,126.0,,30,0.3149,4.31,-0.273,0.6667,581
GIG_3395,food_delivery,pune,scooter,29051.39,0.2453,-0.0173,0.01085,0.698,0.362,112.0,0.8181,34,0.281,4.52,0.454,1.0,824
GIG_3396,ride_hailing,bengaluru,car,30034.14,0.3061,0.0496,-0.00106,0.1929,0.4595,68.0,0.8044,23,0.2803,3.69,0.162,1.0,628
GIG_3397,ride_hailing,mumbai,car,30339.41,0.2563,0.0043,-0.00163,0.1602,0.3576,,0.7937,21,0.2372,2.72,-0.032,0.6667,563
GIG_3398,ride_hailing,hyderabad,bike,43927.61,0.2002,-0.0267,0.00189,0.3438,0.5654,97.0,0.5488,18,0.2471,2.93,-0.153,1.0,395
GIG_3399,food_delivery,hyderabad,scooter,17755.25,0.359,0.09665,0.01307,0.284,0.8032,62.0,,16,0.1718,2.74,0.376,0.6667,640
GIG_3400,courier,hyderabad,scooter,14618.51,0.1819,-0.05295,-0.00014,0.53,0.9297,76.0,0.5911,31,0.2535,3.27,0.193,1.0,652
GIG_3401,courier,delhi,car,42703.4,0.2987,0.07325,0.01718,0.4082,0.8352,131.0,,36,0.3294,4.17,0.605,0.6667,740
GIG_3402,courier,mumbai,scooter,43376.47,0.1915,-0.0418,0.00136,0.5186,0.9496,141.0,0.8758,26,0.3221,4.16,-0.042,1.0,723
GIG_3403,ride_hailing,hyderabad,car,30939.83,0.2588,0.0186,-0.01005,0.3429,0.5898,109.0,0.6627,35,0.3033,3.2,-0.391,1.0,368
GIG_3404,ride_hailing,hyderabad,car,42074.63,0.2183,-0.0219,-0.00233,0.5568,1.1961,103.0,0.8781,24,0.2569,4.03,0.182,1.0,569
GIG_3405,courier,pune,scooter,50035.08,0.224,-0.00735,0.01271,0.5915,0.4108,119.0,,24,0.2162,3.98,0.457,0.6667,680
GIG_3406,food_delivery,delhi,bike,21504.82,0.3452,0.08365,0.01633,0.3096,0.3989,99.0,0.9301,30,0.2751,3.98,0.434,1.0,723
GIG_3407,food_delivery,pune,bike,46185.81,0.2654,0.0023,0.00038,0.3861,1.1265,92.0,0.5305,25,0.1891,2.84,-0.045,1.0,536
GIG_3408,food_delivery,bengaluru,scooter,21309.82,0.182,-0.0808,0.0001,0.6292,0.9038,104.0,0.9029,32,0.3169,4.67,0.02,1.0,740
GIG_3409,food_delivery,mumbai,car,28825.61,0.2741,0.01775,0.00627,0.234,0.6835,117.0,0.9048,42,0.3165,3.73,0.372,1.0,717
GIG_3410,food_delivery,mumbai,bike,30197.8,0.3534,0.1013,-0.00124,0.2198,1.0975,143.0,0.6982,29,0.2838,3.54,0.045,1.0,585
GIG_3411,food_delivery,pune,scooter,50125.61,0.2606,-0.002,0.00031,0.2555,0.6035,129.0,0.7804,23,0.2217,3.15,-0.008,1.0,474
GIG_3412,ride_hailing,hyderabad,car,12464.84,0.2516,0.0114,-0.00617,0.383,0.6494,92.0,1.0,20,0.2362,3.78,-0.227,1.0,521
GIG_3413,courier,mumbai,scooter,36825.41,0.2145,-0.0188,0.00834,0.6012,0.5005,101.0,0.8942,35,0.3088,3.81,0.438,1.0,758
GIG_3414,food_delivery,delhi,bike,24755.71,0.2142,-0.04735,0.00126,0.4943,0.7825,74.0,0.9375,16,0.2111,3.68,-0.092,1.0,598
GIG_3415,food_delivery,delhi,scooter,40601.29,0.1862,-0.0814,-0.00064,0.5657,0.3358,105.0,0.6654,23,0.2342,,,0.6667,667
GIG_3416,food_delivery,delhi,bike,17325.4,0.3598,0.09825,0.01121,0.3119,0.4358,125.0,0.9317,37,0.2883,4.02,0.384,1.0,807
GIG_3417,food_delivery,bengaluru,scooter,31763.58,0.219,-0.0438,0.00171,0.3052,0.4394,111.0,0.838,22,0.2781,3.47,0.093,1.0,648
GIG_3418,courier,hyderabad,bike,44927.39,0.2479,0.0091,-0.01005,0.2292,0.4285,122.0,0.7922,30,0.2296,2.97,-0.257,1.0,439
GIG_3419,home_services,bengaluru,none,26339.09,0.3986,0.16925,-0.01923,0.2552,0.7184,87.0,0.9632,25,0.2364,3.79,-0.35,1.0,352
GIG_3420,courier,hyderabad,scooter,48280.95,0.2626,0.02775,0.00698,0.476,0.2941,115.0,0.5497,34,0.3058,3.49,0.478,1.0,703
GIG_3421,food_delivery,delhi,bike,18935.09,0.2507,-0.01085,0.00018,0.3715,0.6704,94.0,0.8145,28,0.2838,3.6,-0.026,1.0,525
GIG_3422,ride_hailing,delhi,car,30931.83,0.2549,0.0147,0.00184,0.3912,0.4758,87.0,0.7211,24,0.2215,,,0.6667,620
GIG_3423,ride_hailing,mumbai,car,13780.48,0.2147,-0.0373,0.0031,0.4079,0.8319,87.0,0.8873,17,0.2443,3.7,-0.047,1.0,600
GIG_3424,ride_hailing,pune,car,46455.51,0.2574,0.0076,0.00737,0.3322,0.6138,98.0,,27,0.1964,3.31,0.253,0.6667,636
GIG_3425,ride_hailing,delhi,car,20001.18,0.2687,0.0285,0.01038,0.3182,0.4347,79.0,0.7435,24,0.1922,3.39,0.205,1.0,749
GIG_3426,ride_hailing,bengaluru,car,25831.14,0.2797,0.0232,-0.01503,0.534,0.5221,119.0,0.5371,29,0.2325,3.99,-0.611,1.0,608
GIG_3427,food_delivery,hyderabad,bike,23550.87,0.2158,-0.0547,0.00073,0.3689,0.9552,80.0,0.5,28,0.2226,3.3,-0.123,1.0,501
GIG_3428,home_services,hyderabad,none,38772.62,0.3087,0.0722,0.01146,0.246,0.5654,112.0,0.956,16,0.2704,,,0.6667,677
GIG_3429,ride_hailing,hyderabad,bike,16761.06,0.2048,-0.0221,0.00121,0.4609,0.7851,56.0,0.8212,22,0.2554,3.49,0.248,1.0,494
GIG_3430,courier,delhi,bike,32223.45,0.3248,0.0628,0.01222,0.0713,0.6007,107.0,0.9112,33,0.2771,3.69,0.209,1.0,548
GIG_3431,courier,delhi,scooter,32089.59,0.2825,0.03105,-0.0125,0.4523,0.7728,87.0,0.7189,15,0.2677,3.24,-0.23,1.0,310
GIG_3432,courier,delhi,bike,22009.47,0.3206,0.0586,0.01796,0.1943,0.4726,87.0,0.6889,35,0.2366,3.66,0.502,1.0,604
GIG_3433,food_delivery,hyderabad,bike,28864.98,0.4025,0.132,-0.02108,0.2233,1.0872,85.0,0.8613,25,0.2218,3.19,-0.487,1.0,300
GIG_3434,home_services,delhi,none,49159.25,0.21,-0.0316,0.00285,0.3535,0.5847,100.0,0.718,21,0.1927,2.85,0.035,1.0,466
GIG_3435,home_services,bengaluru,car,23047.18,0.1339,-0.109,-0.00079,0.5381,0.7532,77.0,0.8701,35,0.2792,3.55,-0.172,1.0,591
GIG_3436,food_delivery,mumbai,bike,25804.42,0.2277,-0.0244,0.00544,0.3634,0.2792,96.0,0.8315,26,0.3031,,,0.6667,557
GIG_3437,food_delivery,delhi,scooter,20855.95,0.367,0.0994,0.00688,0.1123,0.3268,102.0,1.0,27,0.2938,3.39,0.078,1.0,521
GIG_3438,ride_hailing,pune,car,43583.92,0.4004,0.1506,-0.01616,0.1084,0.5543,,0.6653,18,0.1704,2.82,-0.449,0.6667,306
GIG_3439,courier,bengaluru,scooter,18721.09,0.2224,-0.0091,0.00485,0.4169,0.9862,,0.7534,27,0.2751,3.45,0.242,0.6667,761
GIG_3440,food_delivery,delhi,car,50227.54,0.3192,0.0261,-0.01464,0.3564,0.4845,118.0,0.8557,28,0.2596,3.55,-0.48,1.0,435
GIG_3441,food_delivery,delhi,bike,49355.72,0.3258,0.06425,0.01461,0.443,0.2617,96.0,1.0,20,0.143,3.09,0.449,1.0,594
GIG_3442,ride_hailing,mumbai,car,32575.02,0.3353,0.0833,-0.01505,0.4827,0.6205,86.0,0.8003,21,0.2331,3.07,-0.562,1.0,550
GIG_3443,ride_hailing,bengaluru,car,30543.95,0.2707,0.0142,-0.00031,0.1811,0.5748,79.0,,11,0.187,2.3,0.036,0.6667,374
GIG_3444,courier,delhi,bike,27981.89,0.263,0.001,-0.01219,0.4876,0.559,77.0,,25,0.2202,3.39,-0.337,0.6667,388
GIG_3445,courier,bengaluru,scooter,46695.63,0.2929,0.0614,-0.01196,0.1473,0.6869,98.0,0.6187,25,0.1511,2.73,-0.435,1.0,300
GIG_3446,ride_hailing,mumbai,car,49912.96,0.2056,-0.0464,-0.00764,0.5559,0.9409,134.0,0.7793,39,0.3096,4.0,-0.245,1.0,459
GIG_3447,ride_hailing,mumbai,car,18625.65,0.2589,0.0069,-0.00854,0.4532,0.8014,82.0,0.8553,30,0.2858,3.85,-0.438,1.0,406
GIG_3448,ride_hailing,delhi,car,26363.85,0.2196,-0.0206,0.00548,0.3191,0.811,110.0,0.9768,30,0.2896,3.76,0.033,1.0,631
GIG_3449,ride_hailing,pune,bike,22182.27,0.2092,-0.02635,0.00093,0.5805,0.4773,99.0,0.7328,32,0.309,3.83,0.029,1.0,753
GIG_3450,ride_hailing,mumbai,car,17747.36,0.245,-0.007,-0.0028,0.3239,0.5596,86.0,0.6552,16,0.2056,3.01,0.079,1.0,508
GIG_3451,ride_hailing,hyderabad,car,42079.5,0.2481,0.0079,0.00733,0.465,0.9862,146.0,0.8537,33,0.3689,4.1,0.263,1.0,726
GIG_3452,food_delivery,mumbai,bike,42373.96,0.2169,-0.0352,-0.00385,0.4673,0.8217,90.0,0.5992,17,0.1697,3.41,-0.123,1.0,680
GIG_3453,food_delivery,delhi,scooter,39059.66,0.3414,0.0738,0.00719,0.1333,0.7099,136.0,0.7189,31,0.2871,3.26,0.294,1.0,555
GIG_3454,ride_hailing,bengaluru,car,16993.66,0.2724,0.0159,0.00692,0.4292,1.1414,71.0,,19,0.2704,,,0.3333,712
GIG_3455,food_delivery,hyderabad,scooter,35191.77,0.2662,0.00385,-0.01056,0.4635,0.9793,104.0,0.7958,25,0.29,3.99,-0.463,1.0,443
GIG_3456,home_services,pune,none,29509.56,0.3084,0.0724,-0.01661,0.5509,0.8008,,0.8891,35,0.3264,3.82,-0.442,0.6667,414
GIG_3457,food_delivery,pune,bike,21950.79,0.2108,-0.0523,0.00252,0.4358,0.7574,115.0,1.0,32,0.2571,,,0.6667,703
GIG_3458,ride_hailing,mumbai,car,22892.22,0.2484,-0.0036,0.00148,0.2648,0.5874,57.0,0.7675,14,0.2093,3.3,0.005,1.0,471
GIG_3459,food_delivery,bengaluru,bike,32095.96,0.3471,0.1023,-0.00656,0.3927,0.8865,,0.7353,29,0.2433,2.85,-0.491,0.6667,366
GIG_3460,food_delivery,bengaluru,scooter,29712.22,0.2141,-0.0487,-0.00082,0.2917,0.5156,82.0,0.6042,24,0.1906,2.54,-0.025,1.0,375
GIG_3461,courier,delhi,scooter,22900.19,0.3029,0.05145,0.01474,0.4494,0.4687,90.0,0.7803,17,0.1473,3.39,0.456,1.0,848
GIG_3462,ride_hailing,mumbai,car,13395.98,0.3268,0.0748,-0.02037,0.4637,0.4947,73.0,0.7909,21,0.2299,3.93,-0.58,1.0,467
GIG_3463,home_services,hyderabad,none,33306.52,0.1636,-0.0729,0.00491,0.5249,0.3066,104.0,0.6783,28,0.2951,4.1,0.276,1.0,597
GIG_3464,food_delivery,mumbai,car,24096.72,0.3404,0.08405,-0.01799,0.4877,0.3394,79.0,0.9832,15,0.2767,3.4,-0.428,1.0,375
GIG_3465,ride_hailing,mumbai,bike,29978.28,0.2019,-0.05245,-0.00945,0.657,0.5901,112.0,0.9403,37,0.3154,4.4,-0.199,1.0,560
GIG_3466,food_delivery,delhi,bike,14365.07,0.1736,-0.08795,0.00056,0.4872,0.3167,72.0,,17,0.2476,3.86,-0.08,0.6667,609
GIG_3467,courier,mumbai,bike,53510.2,0.1779,-0.0406,0.00147,0.4514,0.3632,124.0,0.8776,16,0.2232,3.58,0.322,1.0,628
GIG_3468,food_delivery,delhi,car,16949.07,0.3521,0.059,-0.01333,0.3558,0.7499,63.0,0.7383,15,0.1849,3.18,-0.342,1.0,396
GIG_3469,home_services,delhi,none,49935.89,0.2403,-0.0013,3e-05,0.2316,0.8292,89.0,0.7239,20,0.2144,3.11,0.001,1.0,549
GIG_3470,courier,mumbai,bike,44819.54,0.2948,0.0763,0.00192,0.1909,0.5221,127.0,0.7936,29,0.275,3.9,0.076,1.0,525
GIG_3471,food_delivery,mumbai,bike,41080.1,0.2499,-0.0022,-0.00086,0.2995,0.4517,127.0,0.6978,32,0.3295,3.72,-0.044,1.0,520
GIG_3472,courier,hyderabad,scooter,28929.68,0.315,0.08015,-0.01866,0.5769,0.4496,82.0,0.6756,28,0.2712,4.22,-0.611,1.0,571
GIG_3473,courier,pune,scooter,36268.08,0.2014,-0.02995,-6e-05,0.3939,0.5028,105.0,0.9618,30,0.2755,4.09,-0.049,1.0,526
GIG_3474,ride_hailing,pune,car,36481.92,0.2001,-0.0497,-0.00649,0.4254,0.7889,116.0,0.6114,41,0.3047,3.4,-0.204,1.0,546
GIG_3475,food_delivery,bengaluru,scooter,31254.49,0.1941,-0.0687,0.00171,0.4671,0.6392,90.0,,22,0.2575,2.91,0.104,0.6667,706
GIG_3476,ride_hailing,bengaluru,car,35057.22,0.3346,0.0781,0.0116,0.1431,0.346,115.0,0.8468,42,0.2783,3.25,0.418,1.0,580
GIG_3477,food_delivery,bengaluru,scooter,19675.27,0.3253,0.0625,0.01622,0.3679,0.5677,64.0,0.6756,11,0.1846,2.88,0.648,1.0,732
GIG_3478,home_services,pune,none,34740.6,0.1494,-0.0866,0.00085,0.5494,0.6065,71.0,1.0,9,0.189,3.51,-0.046,1.0,555
GIG_3479,home_services,pune,car,43062.92,0.1846,-0.046,0.00088,0.3077,0.4281,111.0,0.5149,31,0.205,2.77,0.082,1.0,541
GIG_3480,food_delivery,bengaluru,scooter,25896.37,0.2419,-0.0209,0.00187,0.2995,0.6396,67.0,0.7174,20,0.1713,2.65,-0.05,1.0,383
GIG_3481,food_delivery,delhi,scooter,30831.19,0.2803,0.0127,-0.00955,0.3582,0.5038,107.0,,24,0.2295,3.73,-0.32,0.6667,474
GIG_3482,food_delivery,mumbai,car,51752.21,0.2114,-0.04495,-0.00828,0.4641,0.4625,113.0,0.6653,28,0.2596,3.45,-0.268,1.0,465
GIG_3483,food_delivery,hyderabad,bike,22782.58,0.3158,0.0453,-0.01584,0.5467,0.7155,90.0,0.8383,29,0.265,3.03,-0.705,1.0,460
GIG_3484,food_delivery,delhi,bike,48255.88,0.2812,0.01965,-0.0143,0.5252,1.0088,118.0,0.6021,26,0.2499,4.02,-0.337,1.0,491
GIG_3485,food_delivery,delhi,car,30508.55,0.3285,0.0354,-0.00694,0.2444,0.4382,126.0,0.6296,29,0.2339,3.65,-0.209,1.0,356
GIG_3486,courier,hyderabad,bike,23563.21,0.2378,-0.001,-0.00422,0.3513,0.7193,94.0,0.64,26,0.2628,3.57,-0.105,1.0,523
GIG_3487,ride_hailing,mumbai,car,32076.88,0.3438,0.0918,-0.02035,0.4654,0.4494,,0.8704,14,0.1928,3.55,-0.555,0.6667,380
GIG_3488,ride_hailing,bengaluru,car,50335.0,0.2926,0.0361,0.00722,0.2773,0.5539,93.0,,18,0.1735,2.82,0.365,0.6667,513
GIG_3489,ride_hailing,delhi,bike,48867.79,0.2509,0.0086,0.00225,0.2746,0.4094,104.0,,13,0.2022,2.83,0.081,0.6667,482
GIG_3490,food_delivery,hyderabad,bike,34190.27,0.2315,-0.039,0.00245,0.4818,0.7025,102.0,0.804,33,0.2507,,,0.6667,618
GIG_3491,food_delivery,bengaluru,bike,19087.73,0.3469,0.1021,0.0134,0.3171,0.5308,95.0,,29,0.2595,3.49,0.375,0.6667,628
GIG_3492,food_delivery,bengaluru,scooter,28988.48,0.209,-0.0538,-0.00121,0.3817,0.2826,93.0,0.7338,25,0.2484,3.36,-0.102,1.0,538
GIG_3493,courier,hyderabad,bike,30766.88,0.4,0.1612,-0.01918,0.1258,0.7124,87.0,0.8096,19,0.2665,2.67,-0.594,1.0,300
GIG_3494,food_delivery,mumbai,bike,39086.11,0.2447,-0.0074,-0.00244,0.3364,0.7838,96.0,0.803,21,0.1894,3.8,-0.145,1.0,672
GIG_3495,food_delivery,hyderabad,scooter,12590.82,0.1968,-0.06555,0.00347,0.4372,0.7238,73.0,0.6083,23,0.2149,3.35,0.14,1.0,525
GIG_3496,food_delivery,bengaluru,scooter,21932.48,0.4315,0.1687,-0.00177,0.0864,0.4358,89.0,0.7096,23,0.2306,3.4,0.188,1.0,510
GIG_3497,food_delivery,mumbai,scooter,42433.67,0.2401,-0.0209,0.00879,0.5806,0.6298,129.0,0.693,41,0.3609,3.54,0.493,1.0,749
GIG_3498,ride_hailing,pune,car,21805.36,0.198,-0.0518,0.00271,0.3626,1.4928,92.0,,31,0.2123,,,0.3333,543
GIG_3499,home_services,delhi,none,13540.04,0.3242,0.0826,-0.014,0.1595,0.5422,68.0,0.7465,12,0.1827,2.97,-0.347,1.0,342
GIG_3500,courier,delhi,bike,33811.69,0.2742,0.0122,0.00299,0.1928,0.5847,87.0,,17,0.2011,2.93,0.023,0.6667,607
GIG_3501,ride_hailing,pune,car,26757.76,0.2222,-0.0276,-2e-05,0.402,0.9641,94.0,0.7646,26,0.2137,,,0.6667,601
GIG_3502,food_delivery,hyderabad,car,17933.89,0.3275,0.06195,-0.00877,0.2399,0.9308,73.0,0.5103,21,0.1987,3.33,-0.329,1.0,309
GIG_3503,ride_hailing,pune,car,30793.9,0.2721,0.0223,-0.00056,0.1822,0.5532,112.0,0.8755,40,0.2833,2.84,-0.032,1.0,515
GIG_3504,ride_hailing,hyderabad,bike,18691.55,0.1691,-0.0578,0.00581,0.6311,0.4352,93.0,0.7611,34,0.3451,4.08,0.19,1.0,678
GIG_3505,ride_hailing,mumbai,car,41019.06,0.2119,-0.0401,-0.00155,0.4219,0.651,,0.5842,12,0.2092,2.75,0.067,0.6667,631
GIG_3506,ride_hailing,bengaluru,car,29839.47,0.2628,0.0063,0.00033,0.093,0.5458,94.0,0.6321,28,0.2449,2.86,-0.002,1.0,449
GIG_3507,ride_hailing,hyderabad,car,36347.4,0.2904,0.0502,0.01205,0.4081,0.6348,129.0,0.9429,36,0.3384,3.71,0.435,1.0,642
GIG_3508,ride_hailing,mumbai,car,44289.57,0.3177,0.0657,-0.01612,0.2976,0.5156,136.0,,38,0.355,3.92,-0.376,0.6667,465
GIG_3509,home_services,hyderabad,bike,44293.33,0.3789,0.1486,-0.02033,0.297,0.5426,109.0,0.5,28,0.3031,3.54,-0.475,1.0,440
GIG_3510,food_delivery,bengaluru,bike,43266.17,0.2089,-0.0359,-0.00161,0.5726,0.791,119.0,0.6036,44,0.3458,3.57,-0.081,1.0,606
GIG_3511,courier,delhi,bike,51435.35,0.2838,0.0218,0.01102,0.434,1.2514,107.0,0.672,19,0.2077,3.83,0.49,1.0,682
GIG_3512,food_delivery,delhi,scooter,23072.08,0.4326,0.165,0.00117,0.0787,1.0163,,0.8959,25,0.2329,3.06,-0.175,0.6667,384
GIG_3513,home_services,bengaluru,none,23482.64,0.2825,0.05315,-0.01447,0.2926,0.7392,66.0,0.6456,21,0.1791,3.07,-0.615,1.0,358
GIG_3514,food_delivery,delhi,bike,39483.46,0.3238,0.06225,0.01607,0.5335,0.3789,113.0,,27,0.1913,3.28,0.507,0.6667,758
GIG_3515,ride_hailing,mumbai,car,31637.12,0.183,-0.069,0.0003,0.5214,0.7086,94.0,0.5,36,0.2422,3.17,0.155,1.0,483
GIG_3516,food_delivery,hyderabad,bike,17541.59,0.4374,0.1669,0.00076,0.1412,1.3519,108.0,0.8826,35,0.3058,3.13,0.0,1.0,579
GIG_3517,food_delivery,bengaluru,bike,33475.18,0.1875,-0.0573,-0.00249,0.5443,0.7343,105.0,1.0,27,0.3504,4.23,-0.134,1.0,656
GIG_3518,food_delivery,bengaluru,scooter,40238.32,0.2338,-0.029,0.00133,0.3854,0.5064,,0.761,24,0.258,3.35,0.139,0.6667,535
GIG_3519,courier,bengaluru,bike,16613.38,0.2583,0.0169,-0.00295,0.3287,0.7499,86.0,0.9335,32,0.2688,3.53,0.133,1.0,577
GIG_3520,ride_hailing,bengaluru,car,24396.86,0.1634,-0.0931,-0.00144,0.5963,0.73,71.0,0.5206,20,0.2212,3.3,0.024,1.0,496
GIG_3521,home_services,mumbai,none,14212.19,0.1974,-0.0424,-0.00281,0.4731,1.1879,89.0,,14,0.2562,3.71,-0.057,0.6667,621
GIG_3522,food_delivery,bengaluru,scooter,49140.11,0.1902,-0.0726,0.00196,0.482,0.5484,97.0,0.7023,12,0.1361,3.64,-0.147,1.0,598
GIG_3523,food_delivery,mumbai,scooter,19665.77,0.2136,-0.0474,-0.0017,0.2756,0.5251,82.0,0.7095,37,0.2318,3.17,0.082,1.0,563
GIG_3524,home_services,hyderabad,none,47045.2,0.2606,0.0241,-0.01344,0.4143,0.7515,132.0,0.818,29,0.3645,4.02,-0.548,1.0,549
GIG_3525,food_delivery,pune,car,24001.97,0.2753,0.0,0.00072,0.2949,0.5874,86.0,0.6393,24,0.3104,3.79,-0.015,1.0,552
GIG_3526,home_services,delhi,none,45547.3,0.3001,0.0585,0.00632,0.1329,0.7541,101.0,,18,0.2437,2.7,0.192,0.6667,554
GIG_3527,home_services,bengaluru,car,21306.11,0.3596,0.1167,-0.01949,0.1768,0.6702,53.0,0.5,8,0.1165,2.44,-0.434,1.0,300
GIG_3528,home_services,delhi,none,33955.86,0.1629,-0.0787,0.00033,0.537,0.7132,,,11,0.1455,3.36,0.012,0.3333,544
GIG_3529,home_services,delhi,none,53172.59,0.2045,-0.0371,-0.00477,0.3021,0.6081,120.0,0.8834,36,0.329,4.1,0.053,1.0,521
GIG_3530,ride_hailing,delhi,car,49902.72,0.2841,0.0439,-0.00581,0.2879,0.5814,132.0,0.8723,39,0.3276,,,0.6667,550
GIG_3531,ride_hailing,pune,car,16723.0,0.3441,0.0943,-0.01833,0.4673,0.6537,80.0,0.6962,23,0.2512,2.95,-0.5,1.0,530
GIG_3532,home_services,bengaluru,none,23803.55,0.2497,0.02035,0.00246,0.3267,0.4948,106.0,0.5,32,0.2774,3.73,0.131,1.0,596
GIG_3533,home_services,hyderabad,car,46754.69,0.4122,0.1768,-0.01599,0.2116,0.333,93.0,0.6801,28,0.2067,3.24,-0.499,1.0,423
GIG_3534,food_delivery,bengaluru,scooter,51240.15,0.1593,-0.1035,0.00022,0.5002,0.7418,120.0,0.625,23,0.1662,3.14,0.129,1.0,589
GIG_3535,home_services,mumbai,car,38098.17,0.1635,-0.065,-0.00265,0.5727,0.4148,118.0,,29,0.2435,3.58,-0.133,0.6667,545
GIG_3536,ride_hailing,bengaluru,car,24044.29,0.1672,-0.0893,-0.00213,0.5139,0.627,80.0,0.6671,21,0.2346,3.51,-0.101,1.0,497
GIG_3537,courier,hyderabad,bike,14292.75,0.2791,0.0403,0.00786,0.4075,0.6729,78.0,0.7977,19,0.2473,3.6,0.244,1.0,602
GIG_3538,home_services,hyderabad,none,41386.86,0.2027,-0.0338,0.0007,0.4928,1.1543,105.0,0.8289,26,0.2466,3.44,-0.02,1.0,546
GIG_3539,home_services,hyderabad,bike,37586.45,0.2432,0.0129,5e-05,0.3206,1.1474,81.0,0.7705,6,0.1839,3.24,0.057,1.0,506
GIG_3540,ride_hailing,bengaluru,car,50936.85,0.2631,0.0066,0.00608,0.3101,0.6874,,0.7788,33,0.2584,3.38,0.329,0.6667,595
GIG_3541,courier,hyderabad,bike,36296.59,0.1777,-0.0611,-0.00043,0.4572,0.407,124.0,,39,0.3274,3.75,0.048,0.6667,655
GIG_3542,home_services,bengaluru,none,26327.75,0.2043,-0.02505,-0.00116,0.4649,0.7635,109.0,0.8605,25,0.2866,3.84,-0.057,1.0,554
GIG_3543,food_delivery,delhi,scooter,13325.89,0.1992,-0.0684,0.00068,0.4562,0.6307,55.0,0.9841,17,0.2185,3.4,0.194,1.0,569
GIG_3544,food_delivery,pune,scooter,14872.78,0.3832,0.1206,0.01677,0.4558,1.002,59.0,0.6655,15,0.2107,3.11,0.611,1.0,702
GIG_3545,home_services,hyderabad,none,14906.82,0.2119,-0.0246,0.00022,0.3122,0.41,101.0,0.9942,38,0.2948,3.85,0.228,1.0,605
GIG_3546,ride_hailing,pune,car,50555.28,0.3275,0.0777,-0.01854,0.3171,0.5131,109.0,0.8247,27,0.2826,4.38,-0.435,1.0,428
GIG_3547,courier,delhi,bike,31295.5,0.3033,0.0413,-0.01016,0.1359,1.1083,107.0,0.6454,37,0.2489,2.99,-0.36,1.0,300
GIG_3548,home_services,mumbai,car,37697.69,0.3443,0.1158,-0.01837,0.4368,0.6,114.0,0.6361,22,0.1776,2.94,-0.644,1.0,300
GIG_3549,food_delivery,mumbai,car,47603.59,0.332,0.07565,0.00079,0.2273,0.7677,86.0,0.6578,16,0.2003,2.93,0.089,1.0,396
GIG_3550,home_services,delhi,bike,31141.36,0.18,-0.0364,0.0008,0.4344,0.3481,98.0,0.8515,30,0.2653,3.93,-0.034,1.0,665
GIG_3551,food_delivery,pune,bike,31791.47,0.3497,0.0866,0.0084,0.2599,0.7298,78.0,0.7679,24,0.2254,2.63,0.268,1.0,647
GIG_3552,home_services,mumbai,none,33697.1,0.2579,0.0181,-0.01148,0.4444,0.6521,133.0,0.7143,36,0.311,4.09,-0.508,1.0,484
GIG_3553,courier,pune,bike,44140.11,0.1161,-0.1165,0.00045,0.6942,0.5101,117.0,0.8404,43,0.3339,4.07,0.12,1.0,694
GIG_3554,ride_hailing,delhi,car,42589.17,0.38,0.1398,-0.00036,0.1226,0.9805,105.0,0.6739,35,0.2615,3.16,0.051,1.0,318
GIG_3555,ride_hailing,delhi,car,17101.15,0.2966,0.0564,0.00163,0.1448,0.3585,76.0,,17,0.2128,3.57,0.032,0.6667,394
GIG_3556,courier,hyderabad,scooter,37642.95,0.2995,0.06465,-0.0178,0.3721,0.5792,87.0,0.785,31,0.2951,4.31,-0.304,1.0,477
GIG_3557,ride_hailing,bengaluru,car,12128.98,0.2479,-0.0086,0.01185,0.6913,0.4848,85.0,0.7613,35,0.2715,4.64,0.258,1.0,872
GIG_3558,ride_hailing,bengaluru,car,36273.9,0.1408,-0.1157,-0.00102,0.5976,0.6572,114.0,0.9465,30,0.3167,,,0.6667,794
GIG_3559,food_delivery,delhi,bike,33274.65,0.3336,0.07205,-0.01721,0.5783,0.2685,109.0,,26,0.2347,4.07,-0.437,0.6667,425
GIG_3560,home_services,bengaluru,none,46113.95,0.267,0.03765,9e-05,0.3001,0.4174,107.0,0.5835,26,0.2211,3.42,-0.151,1.0,453
GIG_3561,ride_hailing,pune,car,29779.4,0.2657,0.0159,0.00071,0.2973,1.5555,106.0,0.7818,24,0.2478,3.89,-0.059,1.0,471
GIG_3562,ride_hailing,hyderabad,car,31389.55,0.2094,-0.0308,0.00857,0.6588,0.4187,106.0,0.7314,37,0.2856,4.12,0.248,1.0,824
GIG_3563,food_delivery,bengaluru,scooter,33680.27,0.2698,0.007,0.00309,0.2364,0.6289,95.0,0.8753,17,0.2265,2.78,0.163,1.0,575
GIG_3564,ride_hailing,hyderabad,car,37871.07,0.2485,0.0083,-0.00303,0.3092,0.8037,110.0,0.8222,36,0.2838,3.79,0.083,1.0,483
GIG_3565,courier,hyderabad,scooter,31368.41,0.3082,0.07335,-0.01427,0.4952,0.4882,,0.8473,13,0.2042,3.72,-0.327,0.6667,454
GIG_3566,food_delivery,mumbai,bike,49999.75,0.2993,0.0472,-0.00633,0.1511,0.5951,99.0,0.6098,14,0.1787,2.5,0.068,1.0,463
GIG_3567,ride_hailing,pune,car,24089.39,0.3263,0.0765,0.01528,0.1648,0.9317,108.0,0.6771,33,0.2845,3.95,0.342,1.0,575
GIG_3568,ride_hailing,mumbai,car,38155.84,0.3568,0.1048,0.00632,0.1235,0.6918,86.0,0.8251,27,0.2256,2.91,0.338,1.0,606
GIG_3569,courier,pune,bike,16252.45,0.322,0.0894,-0.01955,0.4407,0.4854,85.0,,29,0.2677,3.5,-0.42,0.6667,613
GIG_3570,food_delivery,pune,scooter,26928.25,0.2656,0.003,0.00794,0.5907,0.7008,95.0,0.7493,22,0.2432,3.17,0.397,1.0,606
GIG_3571,ride_hailing,mumbai,car,42355.56,0.2961,0.0441,-0.00945,0.1573,0.4094,95.0,0.7621,12,0.1874,2.68,-0.283,1.0,400
GIG_3572,ride_hailing,pune,car,18694.13,0.2343,-0.0155,0.00668,0.2911,0.3435,60.0,0.8087,18,0.1663,2.52,0.485,1.0,454
GIG_3573,ride_hailing,pune,bike,22938.65,0.2216,-0.01395,0.00326,0.4931,1.3594,76.0,,15,0.2369,3.99,-0.149,0.6667,696
GIG_3574,food_delivery,delhi,bike,18367.17,0.1742,-0.08735,0.00149,0.4375,0.5659,88.0,0.5351,29,0.2541,3.58,-0.114,1.0,590
GIG_3575,food_delivery,hyderabad,bike,13920.83,0.2429,-0.0276,-0.00259,0.4583,0.8323,96.0,,25,0.3037,3.31,0.024,0.6667,556
GIG_3576,food_delivery,bengaluru,car,17477.43,0.182,-0.0784,0.00023,0.6276,0.696,67.0,0.8665,25,0.2386,3.8,0.09,1.0,620
GIG_3577,ride_hailing,mumbai,car,52492.17,0.2129,-0.0391,0.00359,0.2918,0.3049,146.0,0.8141,34,0.3793,,,0.6667,649
GIG_3578,food_delivery,mumbai,scooter,36429.69,0.2743,0.0133,0.01058,0.3931,0.4394,88.0,0.7232,16,0.1959,3.47,0.473,1.0,687
GIG_3579,food_delivery,bengaluru,scooter,14669.95,0.2089,-0.0539,-0.00228,0.4942,0.8395,99.0,0.9571,34,0.305,4.32,-0.096,1.0,593
GIG_3580,food_delivery,bengaluru,bike,23546.83,0.2847,0.0399,0.00857,0.307,0.6727,85.0,,20,0.2317,3.61,0.231,0.6667,664
GIG_3581,home_services,delhi,none,51488.32,0.1572,-0.0844,0.00142,0.5456,0.3849,122.0,0.7527,24,0.2852,3.76,0.222,1.0,581
GIG_3582,food_delivery,mumbai,bike,20947.32,0.2696,0.0175,0.00028,0.2083,0.403,116.0,0.7069,39,0.278,3.77,0.012,1.0,511
GIG_3583,food_delivery,hyderabad,scooter,50286.28,0.3379,0.07555,-0.00014,0.0814,0.6582,117.0,0.7163,24,0.1918,2.76,0.118,1.0,585
GIG_3584,ride_hailing,mumbai,car,37318.99,0.3324,0.0804,-0.01803,0.5453,0.8464,109.0,0.6139,18,0.263,2.97,-0.375,1.0,300
GIG_3585,ride_hailing,hyderabad,car,26877.77,0.289,0.0488,-0.01234,0.2793,0.6141,112.0,,31,0.2555,3.49,-0.321,0.6667,396
GIG_3586,food_delivery,pune,scooter,31412.21,0.218,-0.0446,0.0023,0.5379,0.8771,107.0,0.793,19,0.2499,3.46,0.067,1.0,625
GIG_3587,ride_hailing,hyderabad,car,43941.97,0.2325,-0.0077,0.0028,0.3506,0.5009,,0.8344,26,0.252,3.48,-0.003,0.6667,588
GIG_3588,food_delivery,hyderabad,bike,36314.51,0.2341,-0.0364,-0.00062,0.3617,1.1012,104.0,0.9262,23,0.2312,3.52,0.203,1.0,652
GIG_3589,food_delivery,hyderabad,scooter,48383.44,0.2777,0.01535,0.01056,0.439,0.4457,118.0,0.8895,18,0.194,2.86,0.419,1.0,628
GIG_3590,food_delivery,mumbai,bike,11505.54,0.2272,-0.0249,0.00044,0.2864,0.6176,105.0,0.5,34,0.3198,3.31,0.086,1.0,592
GIG_3591,food_delivery,bengaluru,scooter,14963.92,0.2678,0.005,0.00975,0.4115,0.6141,65.0,0.7812,14,0.18,3.25,0.387,1.0,709
GIG_3592,ride_hailing,pune,car,26002.64,0.3111,0.0613,-0.01428,0.2847,0.8233,103.0,,31,0.2673,3.89,-0.395,0.6667,376
GIG_3593,home_services,mumbai,bike,40170.25,0.348,0.1297,0.01201,0.2604,0.6032,90.0,0.857,10,0.1508,,,0.6667,593
GIG_3594,food_delivery,pune,scooter,14304.52,0.2745,0.0119,-0.0116,0.4455,0.5131,73.0,0.8425,24,0.29,3.73,-0.348,1.0,490
GIG_3595,courier,mumbai,scooter,42399.13,0.2443,0.011,-0.0013,0.3444,0.2976,96.0,0.8342,11,0.2205,3.28,0.121,1.0,668
GIG_3596,food_delivery,pune,bike,40477.75,0.3053,0.0422,0.01063,0.4115,0.736,110.0,0.8216,28,0.2825,,,0.6667,710
GIG_3597,courier,mumbai,scooter,45430.81,0.3429,0.1096,-0.01233,0.3116,0.8735,84.0,,21,0.1944,2.78,-0.569,0.6667,331
GIG_3598,food_delivery,bengaluru,bike,20544.5,0.2113,-0.0335,0.0037,0.3146,0.8792,93.0,0.8743,17,0.2181,3.42,0.091,1.0,687
GIG_3599,home_services,pune,car,50670.37,0.2089,-0.0217,0.00362,0.3406,0.5873,93.0,0.6729,26,0.2084,2.64,0.075,1.0,595
GIG_3600,food_delivery,mumbai,bike,33520.23,0.3209,0.0688,0.01367,0.2443,0.7052,97.0,0.7264,23,0.2329,3.39,0.284,1.0,530
GIG_3601,food_delivery,delhi,bike,45499.73,0.2333,-0.02825,0.00377,0.3704,0.5191,140.0,0.5967,42,0.3294,3.92,-0.229,1.0,695
GIG_3602,food_delivery,pune,bike,34120.22,0.3452,0.0821,-0.01228,0.2922,0.6471,90.0,0.6769,17,0.2084,3.17,-0.41,1.0,463
GIG_3603,courier,mumbai,scooter,39829.53,0.2305,-0.0028,0.00719,0.4455,0.7523,110.0,0.6408,31,0.2596,3.48,0.096,1.0,584
GIG_3604,food_delivery,delhi,bike,48019.77,0.2702,0.00865,-0.0141,0.6401,0.4758,101.0,0.9994,27,0.2208,2.99,-0.282,1.0,372
GIG_3605,food_delivery,delhi,scooter,51607.51,0.2677,0.0001,0.01253,0.6515,0.4515,111.0,0.8853,15,0.1938,3.12,0.332,1.0,636
GIG_3606,courier,delhi,scooter,11049.86,0.413,0.16155,0.01829,0.1584,0.5108,77.0,0.6733,23,0.2344,3.21,0.633,1.0,714
GIG_3607,food_delivery,hyderabad,bike,22900.14,0.2065,-0.064,-0.00095,0.4324,0.7178,87.0,,25,0.2767,,,0.3333,574
GIG_3608,ride_hailing,bengaluru,car,30141.23,0.2836,0.0271,-0.01457,0.5123,0.4418,65.0,,22,0.2953,3.61,-0.363,0.6667,402
GIG_3609,food_delivery,hyderabad,bike,46176.31,0.1785,-0.092,-0.00112,0.5274,0.6796,151.0,0.6128,34,0.3468,4.06,-0.013,1.0,769
GIG_3610,food_delivery,delhi,scooter,15782.02,0.2286,-0.039,-0.0038,0.2492,0.4945,98.0,0.8082,20,0.2291,3.55,-0.006,1.0,462
GIG_3611,food_delivery,bengaluru,scooter,47128.22,0.2813,0.0185,0.00176,0.238,0.9929,,,23,0.254,3.45,0.031,0.3333,457
GIG_3612,ride_hailing,bengaluru,car,21484.87,0.3322,0.0757,-0.0087,0.1965,0.4976,109.0,0.8467,23,0.2508,3.34,-0.243,1.0,493
GIG_3613,food_delivery,bengaluru,scooter,38506.84,0.2739,0.0111,-0.00117,0.4761,1.2961,,,8,0.1807,2.94,-0.009,0.3333,553
GIG_3614,ride_hailing,pune,car,29521.29,0.2545,0.0047,0.00766,0.3634,0.3885,109.0,0.5007,39,0.272,3.67,-0.059,1.0,538
GIG_3615,ride_hailing,pune,car,51183.54,0.3346,0.0848,0.01867,0.3219,0.4515,127.0,0.7998,37,0.3681,3.98,0.388,1.0,831
GIG_3616,food_delivery,delhi,bike,35770.77,0.2632,0.00165,0.01341,0.5663,0.3213,90.0,0.7759,15,0.2513,3.43,0.584,1.0,802
GIG_3617,ride_hailing,delhi,car,16984.67,0.3317,0.0915,0.01038,0.1906,1.5544,105.0,0.8076,28,0.3202,3.85,0.465,1.0,699
GIG_3618,ride_hailing,pune,bike,45034.41,0.2562,0.02065,0.00232,0.3834,0.2728,,,26,0.2558,3.8,0.09,0.3333,615
GIG_3619,courier,delhi,scooter,46597.27,0.324,0.07255,0.01539,0.2722,0.9807,124.0,0.6089,41,0.2647,3.31,0.525,1.0,693
GIG_3620,food_delivery,hyderabad,bike,21737.78,0.2111,-0.0594,-0.00098,0.3542,0.516,122.0,0.6552,48,0.3466,4.04,-0.101,1.0,582
GIG_3621,courier,pune,bike,22576.34,0.2248,-0.0078,-0.00109,0.3384,0.6414,88.0,0.8135,31,0.3326,,,0.6667,618
GIG_3622,ride_hailing,mumbai,car,25170.62,0.1694,-0.0826,0.00096,0.4977,0.5484,122.0,0.7652,32,0.3084,3.95,-0.136,1.0,684
GIG_3623,ride_hailing,bengaluru,car,31393.37,0.1921,-0.0644,6e-05,0.3879,0.7838,141.0,0.6875,34,0.3435,4.07,0.256,1.0,682
GIG_3624,home_services,mumbai,none,23721.07,0.1835,-0.0563,-0.00127,0.5131,0.6609,86.0,,17,0.2091,2.82,0.083,0.6667,537
GIG_3625,ride_hailing,mumbai,car,40310.94,0.165,-0.087,-0.00169,0.287,0.7305,94.0,0.7479,15,0.2236,3.0,0.074,1.0,544
GIG_3626,home_services,pune,car,36353.12,0.2403,0.0097,0.00066,0.3355,0.2903,100.0,0.7827,15,0.2163,2.95,-0.028,1.0,539
GIG_3627,food_delivery,mumbai,scooter,49833.92,0.2725,0.0115,-0.00236,0.2083,0.8088,102.0,,24,0.1779,3.25,-0.051,0.6667,451
GIG_3628,food_delivery,hyderabad,bike,19572.38,0.1887,-0.0818,-0.00011,0.5814,0.9678,,,13,0.1831,3.36,-0.072,0.3333,638
GIG_3629,courier,bengaluru,bike,48375.52,0.2961,0.0547,-0.01643,0.5283,0.3727,133.0,0.8475,29,0.3191,4.39,-0.275,1.0,526
GIG_3630,food_delivery,hyderabad,bike,15969.78,0.2866,0.0161,-0.00626,0.3097,0.4024,89.0,0.9227,32,0.2416,3.77,-0.052,1.0,462
GIG_3631,home_services,pune,car,55302.31,0.335,0.1044,-0.01878,0.2574,0.3733,178.0,0.9821,35,0.3584,4.09,-0.36,1.0,453
GIG_3632,courier,bengaluru,scooter,31432.56,0.3544,0.1229,-0.01706,0.3416,0.7043,102.0,0.6807,43,0.2624,3.52,-0.516,1.0,340
GIG_3633,courier,pune,scooter,11711.67,0.2604,0.02905,0.00353,0.2422,0.9541,70.0,0.5452,25,0.2494,2.98,-0.016,1.0,407
GIG_3634,ride_hailing,hyderabad,car,45860.92,0.2432,0.003,-0.00724,0.2192,1.0182,116.0,0.5705,28,0.264,2.96,-0.337,1.0,300
GIG_3635,food_delivery,hyderabad,scooter,31282.53,0.3104,0.04805,0.00305,0.2197,0.7904,116.0,0.7184,30,0.257,3.73,-0.014,1.0,422
GIG_3636,food_delivery,pune,bike,43833.05,0.2978,0.0347,0.01392,0.5912,0.3515,102.0,,21,0.2922,3.3,0.529,0.6667,762
GIG_3637,home_services,delhi,none,12200.07,0.2568,0.0152,0.0075,0.1043,0.8865,84.0,0.6493,42,0.2443,3.18,0.334,1.0,477
GIG_3638,courier,bengaluru,bike,45332.54,0.2447,0.0033,0.0004,0.2883,0.3852,114.0,0.6215,21,0.2073,2.86,-0.133,1.0,586
GIG_3639,ride_hailing,bengaluru,car,41630.74,0.2636,0.0071,-0.00884,0.2285,0.361,115.0,0.7337,29,0.2254,3.57,-0.103,1.0,417
GIG_3640,food_delivery,mumbai,bike,16512.97,0.2763,0.0242,0.00094,0.2174,0.2841,66.0,0.8505,16,0.1633,2.91,0.141,1.0,577
GIG_3641,food_delivery,mumbai,scooter,49055.3,0.2666,0.0056,0.00485,0.3638,0.8498,125.0,,33,0.2379,3.96,0.274,0.6667,586
GIG_3642,courier,pune,scooter,36493.15,0.1419,-0.08945,0.00293,0.6499,0.4251,99.0,0.5092,28,0.2399,3.8,0.044,1.0,641
GIG_3643,food_delivery,pune,scooter,19678.75,0.3521,0.0895,0.01108,0.3626,0.3205,73.0,0.9733,16,0.1986,2.76,0.435,1.0,709
GIG_3644,home_services,delhi,car,52964.46,0.1756,-0.0272,-0.00629,0.3612,0.4524,143.0,0.7142,40,0.2759,,,0.6667,531
GIG_3645,food_delivery,hyderabad,bike,25695.61,0.177,-0.0935,0.00227,0.5107,0.5389,75.0,0.6035,23,0.2434,,,0.6667,597
GIG_3646,home_services,pune,none,51982.17,0.1971,-0.0389,-0.00018,0.4211,0.4187,138.0,0.8256,37,0.2403,3.72,-0.121,1.0,623
GIG_3647,food_delivery,bengaluru,bike,23099.77,0.216,-0.0288,0.00147,0.3971,0.519,99.0,0.786,29,0.3214,3.71,0.137,1.0,587
GIG_3648,ride_hailing,hyderabad,car,22854.77,0.2197,-0.0205,-0.00026,0.462,0.658,,,18,0.2231,4.08,-0.037,0.3333,572
GIG_3649,courier,delhi,bike,47997.64,0.2132,-0.0488,-0.00334,0.3668,0.338,91.0,0.6922,14,0.1689,3.17,0.07,1.0,608
GIG_3650,home_services,bengaluru,none,20386.93,0.249,0.01965,-0.01151,0.399,0.5728,115.0,0.6109,40,0.2693,4.12,-0.363,1.0,378
GIG_3651,ride_hailing,mumbai,bike,16385.75,0.2466,-0.00775,-0.00039,0.3111,0.8705,,0.5829,16,0.1925,2.66,0.131,0.6667,462
GIG_3652,food_delivery,hyderabad,scooter,14948.95,0.3294,0.06705,-0.00057,0.1935,0.4594,82.0,0.7749,24,0.2706,3.92,0.092,1.0,462
GIG_3653,ride_hailing,bengaluru,car,29152.71,0.4283,0.1718,-0.02089,0.1022,0.356,121.0,0.927,38,0.3099,4.39,-0.526,1.0,460
GIG_3654,ride_hailing,hyderabad,car,25095.73,0.3393,0.0991,0.00099,0.135,0.509,93.0,0.9683,32,0.3169,4.01,0.101,1.0,580
GIG_3655,home_services,pune,none,36298.71,0.1286,-0.1074,-0.00047,0.5845,0.6298,107.0,0.7888,32,0.2272,4.0,0.066,1.0,668
GIG_3656,ride_hailing,delhi,car,40859.08,0.1902,-0.05,0.00145,0.532,0.8546,,0.6408,37,0.3523,4.01,0.045,0.6667,587
GIG_3657,ride_hailing,hyderabad,car,39503.29,0.1951,-0.0451,-0.00304,0.401,0.345,128.0,,37,0.3206,4.28,0.013,0.6667,574
GIG_3658,ride_hailing,delhi,car,50103.93,0.2375,-0.0027,-0.00168,0.3788,0.8754,142.0,0.8113,22,0.2783,3.58,0.063,1.0,597
GIG_3659,ride_hailing,mumbai,bike,54268.14,0.2321,-0.02225,-0.00794,0.4655,1.022,108.0,0.7148,17,0.1927,3.08,-0.39,1.0,479
GIG_3660,home_services,mumbai,none,13167.93,0.2076,-0.0322,-0.00317,0.4491,0.9222,78.0,,17,0.2332,3.2,0.029,0.6667,573
GIG_3661,courier,hyderabad,scooter,46963.27,0.2126,-0.02225,-0.0012,0.4061,0.3263,120.0,0.6754,28,0.2615,3.44,0.084,1.0,548
GIG_3662,ride_hailing,delhi,car,34361.79,0.1685,-0.0717,0.00415,0.3077,0.2351,76.0,0.7946,19,0.1609,2.63,0.13,1.0,616
GIG_3663,ride_hailing,hyderabad,car,43756.26,0.3011,0.0609,-0.01394,0.5825,0.8312,96.0,0.6137,19,0.2462,3.56,-0.391,1.0,414
GIG_3664,courier,delhi,car,21938.06,0.3026,0.07715,-0.00721,0.3249,0.9088,73.0,0.7553,20,0.1888,3.67,-0.333,1.0,513
GIG_3665,ride_hailing,delhi,car,39190.43,0.1517,-0.0885,0.00161,0.5956,0.488,103.0,0.5,27,0.2197,3.35,0.121,1.0,714
GIG_3666,food_delivery,pune,bike,41643.03,0.3219,0.0588,0.00862,0.288,0.4594,138.0,0.7093,35,0.2603,3.39,0.433,1.0,678
GIG_3667,ride_hailing,pune,car,37892.53,0.1383,-0.1115,0.00096,0.6375,0.6478,97.0,0.8369,36,0.2493,3.6,-0.14,1.0,680
GIG_3668,home_services,bengaluru,car,32356.11,0.1612,-0.0817,0.00311,0.3388,0.504,99.0,,17,0.2403,3.12,0.015,0.6667,701
GIG_3669,ride_hailing,pune,car,23150.02,0.3081,0.0583,0.01379,0.3542,0.8294,76.0,0.7776,10,0.1839,3.15,0.328,1.0,781
GIG_3670,courier,hyderabad,scooter,31540.65,0.2008,-0.03405,0.00233,0.4889,0.3508,69.0,0.7204,16,0.2339,3.66,0.006,1.0,534
GIG_3671,home_services,mumbai,none,22204.55,0.194,-0.0458,0.00467,0.3836,0.5152,95.0,0.8008,31,0.227,3.64,0.335,1.0,509
GIG_3672,food_delivery,mumbai,bike,52237.46,0.2353,-0.0168,-0.00407,0.5169,0.693,137.0,0.8996,29,0.2682,4.28,-0.05,1.0,611
GIG_3673,food_delivery,bengaluru,scooter,49856.06,0.1919,-0.0709,-0.00231,0.5795,1.259,140.0,0.7063,39,0.2691,3.55,-0.245,1.0,526
GIG_3674,food_delivery,mumbai,bike,51474.89,0.2117,-0.0404,0.00259,0.3781,0.685,125.0,,28,0.2756,3.37,-0.109,0.6667,590
GIG_3675,ride_hailing,pune,bike,50697.67,0.2966,0.06105,-0.01088,0.2847,0.7253,,0.7009,25,0.218,3.32,-0.449,0.6667,374
GIG_3676,ride_hailing,mumbai,car,17374.61,0.2794,0.0274,-0.00288,0.3023,0.5594,102.0,0.5231,32,0.3074,3.55,0.006,1.0,549
GIG_3677,ride_hailing,mumbai,car,27858.59,0.1646,-0.0874,0.00161,0.5453,0.512,85.0,,18,0.2071,3.31,0.303,0.6667,504
GIG_3678,food_delivery,pune,bike,33032.13,0.2982,0.0351,0.00303,0.3037,1.0045,114.0,0.8073,26,0.226,3.41,-0.153,1.0,550
GIG_3679,home_services,mumbai,none,51195.19,0.2694,0.0296,-0.0134,0.4164,0.7276,118.0,0.8335,21,0.218,3.44,-0.525,1.0,647
GIG_3680,food_delivery,mumbai,bike,50100.53,0.2121,-0.04,0.00343,0.2093,0.3953,117.0,1.0,28,0.2753,3.65,-0.05,1.0,680
GIG_3681,food_delivery,pune,scooter,41264.55,0.2543,-0.0083,0.0012,0.3569,0.7131,93.0,0.7469,13,0.2269,3.23,0.145,1.0,624
GIG_3682,food_delivery,delhi,bike,45162.69,0.34,0.07845,0.01307,0.2806,0.3885,130.0,0.8096,31,0.324,3.77,0.262,1.0,791
GIG_3683,food_delivery,delhi,bike,22185.1,0.3067,0.04515,-0.01537,0.3618,0.3298,106.0,0.846,37,0.3491,3.87,-0.421,1.0,497
GIG_3684,food_delivery,mumbai,scooter,35040.26,0.2074,-0.0536,0.00253,0.4916,0.6441,136.0,0.9481,32,0.3393,4.28,-0.086,1.0,712
GIG_3685,ride_hailing,mumbai,scooter,25566.0,0.2697,0.041,-0.00302,0.3287,0.6125,81.0,0.7329,20,0.1963,3.37,-0.003,1.0,576
GIG_3686,food_delivery,pune,scooter,44237.81,0.3685,0.1059,-0.01818,0.3794,0.7171,80.0,0.6637,12,0.2085,3.92,-0.557,1.0,416
GIG_3687,ride_hailing,pune,car,27452.39,0.2507,0.0009,0.00128,0.3233,0.5954,90.0,0.6859,14,0.1841,,,0.6667,507
GIG_3688,ride_hailing,pune,car,25827.07,0.3436,0.0938,-0.01886,0.4248,0.7647,100.0,0.9081,30,0.2579,3.68,-0.51,1.0,352
GIG_3689,ride_hailing,delhi,car,48487.89,0.2095,-0.0307,-0.0011,0.5756,1.148,121.0,,28,0.235,,,0.3333,544
GIG_3690,food_delivery,mumbai,bike,22051.48,0.2154,-0.0367,0.00023,0.3309,0.5027,97.0,0.7528,22,0.2728,3.54,0.026,1.0,621
GIG_3691,home_services,bengaluru,none,30248.86,0.1481,-0.08125,0.00468,0.6803,0.4658,106.0,0.9712,33,0.4,4.43,0.272,1.0,800
GIG_3692,courier,hyderabad,scooter,43420.34,0.1899,-0.04495,0.0104,0.4682,0.2995,107.0,0.8118,36,0.2636,3.55,0.347,1.0,735
GIG_3693,home_services,pune,none,27849.16,0.2684,0.0324,0.00235,0.1454,0.5426,116.0,0.9492,44,0.3268,4.12,0.069,1.0,570
GIG_3694,courier,bengaluru,scooter,49248.66,0.1539,-0.0776,-0.00323,0.4472,0.5817,110.0,0.8489,24,0.2642,3.19,-0.203,1.0,431
GIG_3695,food_delivery,hyderabad,scooter,54600.44,0.2162,-0.04615,0.00094,0.4332,0.6589,113.0,0.748,27,0.2501,3.99,-0.062,1.0,565
GIG_3696,courier,bengaluru,car,13946.42,0.3297,0.0837,0.00352,0.0909,1.0933,85.0,0.7437,26,0.2437,3.41,0.173,1.0,424
GIG_3697,courier,delhi,bike,23653.8,0.3563,0.0943,-0.0181,0.1176,0.9247,77.0,0.674,30,0.1841,2.91,-0.382,1.0,425
GIG_3698,home_services,delhi,car,49911.18,0.264,0.0612,0.01492,0.3245,0.8742,91.0,0.598,20,0.2025,2.72,0.575,1.0,701
GIG_3699,food_delivery,delhi,bike,39519.96,0.2899,0.02835,0.00885,0.3229,0.6762,99.0,0.6827,27,0.2349,3.44,0.38,1.0,620
GIG_3700,food_delivery,pune,scooter,16049.05,0.3434,0.0808,-0.01662,0.5235,0.3181,90.0,0.6304,37,0.2753,3.55,-0.51,1.0,452
GIG_3701,courier,delhi,bike,44298.57,0.2762,0.0142,-4e-05,0.0902,0.4236,,0.5997,26,0.248,3.06,-0.059,0.6667,486
GIG_3702,home_services,delhi,car,30103.71,0.1836,-0.0192,0.00014,0.4808,0.9331,111.0,,13,0.2268,3.59,0.113,0.6667,524
GIG_3703,ride_hailing,pune,car,23798.89,0.2828,0.033,-0.00421,0.235,0.4552,101.0,0.7663,28,0.2622,4.09,-0.145,1.0,483
GIG_3704,ride_hailing,hyderabad,car,14533.72,0.2102,-0.03,-0.00122,0.2406,0.2633,97.0,0.9667,31,0.2819,3.47,0.052,1.0,617
GIG_3705,home_services,mumbai,none,52066.09,0.2144,-0.0254,-0.00797,0.5419,0.5622,88.0,0.6801,16,0.1792,3.46,-0.156,1.0,474
GIG_3706,home_services,hyderabad,none,20273.86,0.1312,-0.1053,-0.00223,0.7674,0.6653,82.0,0.518,29,0.2257,3.89,-0.002,1.0,570
GIG_3707,food_delivery,bengaluru,bike,39352.81,0.2572,0.0124,0.00922,0.6174,0.8598,,0.9725,24,0.2392,4.54,0.376,0.6667,690
GIG_3708,food_delivery,pune,scooter,11836.89,0.2114,-0.0512,0.00647,0.4065,0.4123,,0.5,30,0.2736,3.03,0.285,0.6667,610
GIG_3709,home_services,pune,none,49914.81,0.1872,-0.0488,0.00015,0.5173,0.9224,110.0,,9,0.1803,3.47,-0.002,0.6667,549
GIG_3710,courier,mumbai,scooter,30957.93,0.2643,0.031,0.00414,0.1173,0.6873,70.0,0.6471,11,0.1265,3.07,0.073,1.0,504
GIG_3711,home_services,pune,none,34296.14,0.3374,0.1014,0.00963,0.2695,0.761,108.0,0.6575,18,0.2421,3.39,0.137,1.0,629
GIG_3712,food_delivery,bengaluru,bike,11691.84,0.4157,0.1709,0.00367,0.0762,0.8735,56.0,0.6618,12,0.1425,2.13,-0.065,1.0,300
GIG_3713,ride_hailing,delhi,car,30869.61,0.2945,0.0543,-0.01566,0.3201,0.6507,98.0,0.8002,27,0.2872,3.56,-0.337,1.0,427
GIG_3714,courier,hyderabad,scooter,43301.17,0.3189,0.08405,0.00504,0.1751,0.414,99.0,0.9118,17,0.2328,3.43,0.198,1.0,496
GIG_3715,home_services,mumbai,none,18708.34,0.1985,-0.0413,0.00497,0.5253,1.0148,66.0,,18,0.2153,3.46,0.294,0.6667,624
GIG_3716,food_delivery,bengaluru,scooter,42318.07,0.2315,-0.0313,0.00215,0.5574,0.846,143.0,0.8687,41,0.3427,3.61,-0.067,1.0,618
GIG_3717,ride_hailing,mumbai,car,55987.6,0.1425,-0.1095,-0.00088,0.5764,0.571,143.0,0.5,39,0.2876,3.3,-0.072,1.0,485
GIG_3718,food_delivery,bengaluru,bike,51217.84,0.1962,-0.0486,-0.00077,0.5396,0.4358,135.0,0.7638,28,0.2435,3.7,-0.086,1.0,618
GIG_3719,courier,delhi,bike,50421.77,0.2427,-0.0193,-0.01231,0.5818,0.5032,132.0,0.6839,26,0.2341,4.19,-0.323,1.0,420
GIG_3720,home_services,bengaluru,bike,14302.06,0.3162,0.0809,0.00914,0.2931,1.1871,100.0,0.6016,26,0.2801,3.13,0.402,1.0,592
GIG_3721,courier,mumbai,scooter,16933.73,0.3127,0.0794,-0.01566,0.4943,0.9319,,0.6312,30,0.2383,3.6,-0.564,0.6667,471
GIG_3722,ride_hailing,mumbai,car,40959.92,0.2895,0.0375,-0.00207,0.1649,0.6111,96.0,0.688,19,0.2105,3.05,-0.056,1.0,411
GIG_3723,food_delivery,hyderabad,bike,17159.73,0.3599,0.0894,-0.01707,0.3634,0.5856,80.0,0.79,15,0.2202,3.21,-0.507,1.0,327
GIG_3724,food_delivery,bengaluru,bike,46290.6,0.3203,0.0755,0.01401,0.4655,0.9709,124.0,,34,0.3231,3.92,0.548,0.6667,862
GIG_3725,food_delivery,mumbai,bike,12363.66,0.248,-0.0041,-0.00567,0.3892,0.3153,65.0,0.8075,17,0.1939,,,0.6667,598
GIG_3726,courier,delhi,scooter,18823.49,0.2449,-0.00655,-0.00214,0.4553,0.7399,111.0,,35,0.2731,3.8,-0.121,0.6667,430
GIG_3727,home_services,pune,none,32528.4,0.2456,0.0096,-0.00198,0.376,0.5368,139.0,0.9075,44,0.3336,3.85,-0.032,1.0,580
GIG_3728,ride_hailing,pune,car,23940.22,0.2271,-0.0227,-0.00062,0.3921,0.8804,110.0,0.8604,27,0.2969,3.85,0.096,1.0,554
GIG_3729,home_services,delhi,car,50169.97,0.2221,0.0193,-0.01139,0.3732,0.5474,,0.7559,28,0.2364,3.14,-0.344,0.6667,430
GIG_3730,home_services,hyderabad,none,29069.17,0.3929,0.1564,-0.02208,0.2929,0.5809,85.0,,18,0.2903,3.66,-0.559,0.6667,474
GIG_3731,ride_hailing,hyderabad,car,33309.52,0.1505,-0.0897,0.00589,0.7741,0.6601,98.0,0.773,26,0.2718,,,0.6667,826
GIG_3732,ride_hailing,pune,car,37980.96,0.2618,0.012,-0.01007,0.4611,0.8663,101.0,0.5748,21,0.2669,3.18,-0.37,1.0,444
GIG_3733,ride_hailing,delhi,car,39960.49,0.1758,-0.0644,0.00254,0.4409,0.403,114.0,0.8626,23,0.2164,4.12,0.003,1.0,705
GIG_3734,food_delivery,hyderabad,scooter,47210.19,0.3193,0.05695,-0.01512,0.5063,0.2882,106.0,0.6829,21,0.2485,3.51,-0.408,1.0,626
GIG_3735,home_services,hyderabad,none,26923.81,0.2919,0.0554,-0.01539,0.4194,1.3531,83.0,0.6807,22,0.2628,3.49,-0.417,1.0,519
GIG_3736,ride_hailing,hyderabad,car,45578.08,0.3026,0.0624,-0.0079,0.2176,0.361,127.0,0.7709,32,0.2698,3.61,-0.035,1.0,425
GIG_3737,home_services,bengaluru,none,50341.05,0.3162,0.08685,-0.00635,0.1777,0.3298,119.0,0.7169,22,0.1625,3.37,-0.113,1.0,367
GIG_3738,courier,hyderabad,scooter,23500.04,0.3138,0.07895,0.00573,0.2063,0.6619,102.0,0.9511,17,0.1962,2.76,0.074,1.0,557
GIG_3739,ride_hailing,bengaluru,car,35585.11,0.1774,-0.0791,-0.0013,0.2889,0.4144,89.0,,16,0.1618,2.88,0.016,0.6667,598
GIG_3740,courier,mumbai,bike,51481.37,0.1872,-0.0313,-0.00019,0.4608,0.9551,158.0,0.5303,36,0.3145,4.08,-0.029,1.0,698
GIG_3741,home_services,delhi,none,24931.44,0.2582,0.0166,-0.00335,0.357,0.346,84.0,0.7273,32,0.2207,3.56,-0.039,1.0,572
GIG_3742,ride_hailing,mumbai,car,21736.51,0.2491,-0.0029,0.01297,0.4546,0.3735,77.0,0.7341,27,0.2603,3.39,0.653,1.0,696
GIG_3743,ride_hailing,bengaluru,bike,35660.88,0.2174,-0.03885,-0.00017,0.4525,0.3176,91.0,0.8277,23,0.2421,3.62,0.125,1.0,704
GIG_3744,home_services,delhi,none,50388.81,0.2757,0.0341,0.00618,0.1613,0.6018,109.0,,25,0.211,3.21,0.231,0.6667,561
GIG_3745,ride_hailing,delhi,car,26360.22,0.1577,-0.0825,-0.00234,0.6667,0.452,92.0,0.5,20,0.2333,3.29,-0.309,1.0,529
GIG_3746,food_delivery,pune,bike,42084.07,0.345,0.0819,0.00769,0.1589,0.6835,109.0,0.805,23,0.2012,2.95,0.3,1.0,682
GIG_3747,ride_hailing,mumbai,car,19282.11,0.2049,-0.0471,0.00431,0.5619,0.8923,98.0,,27,0.2293,3.68,0.065,0.6667,610
GIG_3748,food_delivery,pune,scooter,32187.83,0.3661,0.1035,0.01223,0.1929,0.5158,94.0,0.8544,20,0.1899,3.34,0.152,1.0,676
GIG_3749,ride_hailing,pune,car,18337.53,0.4538,0.204,-0.02436,0.2037,0.7222,83.0,0.7398,28,0.2025,3.4,-0.488,1.0,316
GIG_3750,ride_hailing,mumbai,car,24128.4,0.2745,0.0225,-0.01244,0.4022,0.4594,96.0,0.6952,29,0.2385,3.19,-0.272,1.0,504
GIG_3751,courier,mumbai,scooter,21934.07,0.2767,0.0434,-0.00469,0.3793,0.9283,102.0,0.8091,34,0.2946,3.72,-0.421,1.0,602
GIG_3752,home_services,pune,none,36023.99,0.3258,0.0898,-0.01339,0.2776,0.6881,139.0,0.9622,20,0.2627,3.7,-0.396,1.0,593
GIG_3753,ride_hailing,delhi,car,29815.37,0.2297,-0.0105,0.00627,0.4597,0.4135,76.0,0.5095,10,0.2017,3.32,0.156,1.0,622
GIG_3754,home_services,mumbai,none,21788.25,0.3018,0.062,-0.01329,0.2345,0.4692,64.0,0.8055,24,0.2465,3.34,-0.304,1.0,363
GIG_3755,courier,delhi,bike,12860.79,0.316,0.054,-0.01797,0.4901,0.4529,87.0,0.6403,21,0.2432,4.37,-0.484,1.0,496
GIG_3756,home_services,mumbai,none,38899.55,0.2344,-0.0054,-0.00776,0.1965,0.385,96.0,0.7389,19,0.2472,3.14,-0.111,1.0,551
GIG_3757,home_services,bengaluru,none,16865.15,0.2151,-0.01425,-0.00716,0.4989,0.7403,72.0,0.7628,19,0.2556,3.43,-0.394,1.0,542
GIG_3758,courier,bengaluru,car,30359.95,0.3924,0.1464,-0.01558,0.157,1.2645,102.0,0.6217,34,0.3233,3.22,-0.33,1.0,300
GIG_3759,home_services,mumbai,none,39611.61,0.374,0.1342,-0.01829,0.2987,0.7622,95.0,0.9782,23,0.2149,2.7,-0.463,1.0,307
GIG_3760,home_services,hyderabad,none,22785.35,0.1974,-0.0391,-0.00116,0.4534,0.5161,78.0,0.5826,24,0.2241,3.23,-0.0,1.0,485
GIG_3761,ride_hailing,pune,car,23523.17,0.23,-0.0198,-0.00087,0.305,0.6727,65.0,,13,0.1451,3.16,0.043,0.6667,498
GIG_3762,ride_hailing,bengaluru,car,16769.88,0.3118,0.0553,8e-05,0.1018,0.4152,54.0,0.6168,14,0.1528,,,0.6667,440
GIG_3763,food_delivery,delhi,bike,52027.67,0.3646,0.10305,0.01763,0.2095,0.8326,,0.6654,30,0.284,2.98,0.588,0.6667,648
GIG_3764,courier,delhi,scooter,14106.3,0.205,-0.04645,-0.00021,0.3038,0.7253,,0.5517,24,0.2399,3.27,-0.0,0.6667,470
GIG_3765,ride_hailing,pune,bike,24560.2,0.2223,-0.01325,0.00066,0.216,0.744,99.0,0.9967,31,0.309,3.55,0.004,1.0,557
GIG_3766,ride_hailing,pune,car,19421.51,0.2802,0.0304,0.00962,0.3601,0.9846,105.0,,29,0.2802,2.85,0.146,0.6667,655
GIG_3767,food_delivery,delhi,scooter,31139.94,0.1892,-0.0784,0.00272,0.5277,1.2271,97.0,,28,0.2487,3.39,0.034,0.6667,533
GIG_3768,courier,hyderabad,scooter,31468.64,0.3162,0.08135,0.01378,0.2796,0.47,108.0,0.7105,32,0.2553,3.56,0.56,1.0,720
GIG_3769,ride_hailing,pune,car,35151.75,0.1824,-0.0674,0.00127,0.5218,0.7801,71.0,0.55,21,0.1708,3.19,0.018,1.0,554
GIG_3770,courier,pune,bike,17961.85,0.1446,-0.088,0.00347,0.6162,0.3806,91.0,,27,0.2954,4.22,0.115,0.6667,696
GIG_3771,ride_hailing,mumbai,car,39442.0,0.1946,-0.0574,-0.00353,0.2912,0.8475,81.0,0.7225,21,0.2106,3.15,-0.034,1.0,496
GIG_3772,food_delivery,pune,bike,16197.96,0.4095,0.1464,-0.02038,0.3734,0.5317,111.0,0.6559,35,0.3124,3.96,-0.434,1.0,451
GIG_3773,food_delivery,delhi,bike,33056.99,0.1731,-0.08845,0.00382,0.4185,0.5763,115.0,0.7797,31,0.2717,3.96,-0.037,1.0,651
GIG_3774,home_services,mumbai,none,32605.91,0.251,0.0112,0.00834,0.3112,0.6955,124.0,0.8013,29,0.3286,3.67,0.507,1.0,722
GIG_3775,courier,delhi,scooter,51749.96,0.2799,0.02845,-0.00913,0.3095,0.3688,115.0,0.7747,33,0.2681,3.43,-0.324,1.0,556
GIG_3776,courier,mumbai,bike,14793.05,0.1768,-0.0417,-0.00025,0.6328,0.8878,67.0,,23,0.1899,3.41,-0.048,0.6667,550
GIG_3777,ride_hailing,mumbai,car,33996.5,0.1782,-0.0738,9e-05,0.3822,0.5199,75.0,0.9609,9,0.1904,3.42,0.085,1.0,542
GIG_3778,courier,pune,bike,31083.16,0.1312,-0.1014,-0.00226,0.5133,0.4879,105.0,0.7279,20,0.2891,3.92,-0.281,1.0,535
GIG_3779,courier,mumbai,scooter,32689.09,0.1925,-0.0408,0.00103,0.3912,0.6985,77.0,,14,0.2083,3.65,0.029,0.6667,452
GIG_3780,courier,delhi,scooter,35100.81,0.2055,-0.04595,-0.00337,0.4663,0.8523,95.0,0.8482,19,0.2203,3.47,0.04,1.0,601
GIG_3781,ride_hailing,bengaluru,car,51576.73,0.2126,-0.0439,0.00919,0.6627,0.4646,122.0,,39,0.3605,4.49,0.392,0.6667,900
GIG_3782,courier,delhi,bike,37090.3,0.4318,0.1698,-0.02083,0.2009,0.8538,104.0,0.8707,27,0.3046,3.07,-0.332,1.0,433
GIG_3783,courier,mumbai,scooter,54672.42,0.1732,-0.0601,-0.00083,0.3695,0.4973,160.0,0.6985,43,0.2891,3.37,-0.015,1.0,552
GIG_3784,home_services,delhi,none,39563.0,0.2212,-0.0204,-2e-05,0.238,1.0138,114.0,0.9772,33,0.3353,,,0.6667,642
GIG_3785,food_delivery,mumbai,car,16582.58,0.2333,-0.02305,0.00114,0.5174,0.6458,53.0,0.8335,2,0.178,,,0.6667,510
GIG_3786,ride_hailing,pune,car,51479.5,0.274,0.0242,0.01431,0.5851,0.2401,113.0,0.7803,28,0.1888,3.38,0.419,1.0,685
GIG_3787,home_services,delhi,bike,51561.35,0.2604,0.044,-0.01077,0.3103,0.9356,110.0,0.9588,23,0.2567,,,0.6667,405
GIG_3788,courier,delhi,bike,33875.24,0.3168,0.0548,-0.01529,0.4139,0.7207,65.0,0.768,6,0.1731,,,0.6667,436
GIG_3789,ride_hailing,delhi,scooter,32930.22,0.2102,-0.0496,-0.00014,0.1872,0.5134,75.0,0.6079,10,0.1253,2.63,-0.003,1.0,497
GIG_3790,ride_hailing,pune,car,15200.38,0.2688,0.019,-0.01057,0.093,0.4059,84.0,0.8416,31,0.2678,3.28,-0.165,1.0,318
GIG_3791,food_delivery,hyderabad,bike,20183.92,0.2995,0.029,-0.00066,0.1513,0.5569,84.0,0.9002,16,0.2068,,,0.6667,537
GIG_3792,food_delivery,hyderabad,bike,17974.22,0.2368,-0.0337,0.01123,0.5919,0.731,114.0,0.8937,23,0.2961,,,0.6667,900
GIG_3793,ride_hailing,pune,car,47295.72,0.1949,-0.0549,0.00768,0.5493,0.4315,107.0,0.9971,18,0.2527,3.64,0.361,1.0,764
GIG_3794,food_delivery,pune,bike,26246.13,0.319,0.0559,-0.00833,0.2385,0.879,92.0,0.8298,32,0.2841,3.23,-0.354,1.0,405
GIG_3795,ride_hailing,delhi,car,45105.09,0.3694,0.1292,0.00957,0.2033,0.4394,132.0,0.5828,24,0.2465,2.95,0.298,1.0,617
GIG_3796,food_delivery,hyderabad,scooter,23301.05,0.2103,-0.05205,0.00073,0.5736,0.5887,,1.0,12,0.2562,4.08,0.011,0.6667,643
GIG_3797,ride_hailing,hyderabad,bike,27666.99,0.3217,0.0948,-0.01837,0.5096,0.4259,60.0,0.5382,25,0.167,3.21,-0.359,1.0,331
GIG_3798,food_delivery,pune,bike,13304.36,0.1538,-0.1093,0.00211,0.6372,0.6387,100.0,0.6263,35,0.3017,3.99,0.127,1.0,691
GIG_3799,home_services,pune,car,32909.97,0.238,0.0074,0.00802,0.4274,0.8539,131.0,0.8145,34,0.2935,4.05,0.217,1.0,658
GIG_3800,food_delivery,pune,scooter,34252.6,0.2692,0.0066,0.00768,0.244,0.5654,108.0,0.7873,29,0.2536,3.71,0.307,1.0,642
GIG_3801,food_delivery,hyderabad,bike,52091.25,0.2747,0.0042,0.0001,0.2136,0.4963,125.0,0.9402,27,0.2672,3.23,-0.001,1.0,422
GIG_3802,ride_hailing,hyderabad,car,12668.56,0.2642,0.024,-0.00639,0.2362,0.9148,91.0,0.8081,24,0.2614,3.54,-0.268,1.0,468
GIG_3803,home_services,mumbai,bike,11667.15,0.2084,-0.0099,-0.00209,0.5765,0.675,47.0,0.8151,11,0.2209,3.41,0.056,1.0,529
GIG_3804,courier,hyderabad,scooter,27035.28,0.2266,-0.00825,-0.00017,0.2243,0.6378,98.0,1.0,18,0.2549,3.95,-0.037,1.0,532
GIG_3805,courier,pune,bike,36021.57,0.321,0.0884,0.00081,0.2261,0.7411,89.0,0.5684,28,0.2162,3.03,0.244,1.0,497
GIG_3806,ride_hailing,pune,bike,45823.79,0.1879,-0.04765,-0.00338,0.5318,1.2234,102.0,0.9722,23,0.2667,4.06,-0.095,1.0,614
GIG_3807,food_delivery,hyderabad,scooter,42851.9,0.3214,0.05905,-0.00151,0.1286,0.6563,98.0,0.5,36,0.2201,3.2,-0.056,1.0,485
GIG_3808,courier,bengaluru,bike,47415.79,0.1786,-0.0628,-0.0022,0.3921,0.3744,152.0,0.7404,34,0.3324,,,0.6667,630
GIG_3809,home_services,hyderabad,none,31049.82,0.31,0.0735,-0.01504,0.3122,0.7684,93.0,0.663,35,0.2546,3.95,-0.489,1.0,521
GIG_3810,food_delivery,hyderabad,scooter,24789.56,0.3149,0.05255,0.01324,0.3885,0.6272,80.0,0.7678,20,0.2752,3.56,0.545,1.0,839
GIG_3811,home_services,hyderabad,car,22833.53,0.2732,0.0378,0.01459,0.3577,0.3187,72.0,0.7561,20,0.2424,3.17,0.358,1.0,700
GIG_3812,ride_hailing,hyderabad,car,46384.19,0.4005,0.1603,-0.01963,0.1714,0.9162,145.0,0.9212,34,0.3199,3.43,-0.346,1.0,516
GIG_3813,food_delivery,bengaluru,scooter,32688.6,0.3436,0.0808,0.01402,0.1374,0.8372,93.0,0.9639,25,0.2757,3.84,0.69,1.0,551
GIG_3814,home_services,delhi,none,43904.44,0.2539,0.0123,0.0032,0.309,0.6244,94.0,,11,0.1742,2.69,-0.238,0.6667,506
GIG_3815,ride_hailing,hyderabad,car,21273.89,0.4056,0.1654,0.01297,0.1385,0.7437,108.0,0.9105,37,0.3183,3.94,0.525,1.0,708
GIG_3816,food_delivery,bengaluru,scooter,33527.63,0.3888,0.126,0.00643,0.2045,0.516,111.0,0.6873,36,0.2639,3.06,-0.163,1.0,464
GIG_3817,courier,delhi,car,27238.68,0.2177,-0.00775,0.01187,0.5277,0.473,62.0,,17,0.1562,2.8,0.252,0.6667,685
GIG_3818,ride_hailing,hyderabad,scooter,21489.53,0.1927,-0.0377,-0.01028,0.5725,0.4916,78.0,,23,0.2424,3.64,-0.273,0.6667,548
GIG_3819,ride_hailing,bengaluru,car,40826.65,0.2035,-0.053,-0.00371,0.4739,0.5792,,0.6169,22,0.1827,2.48,0.062,0.6667,389
GIG_3820,ride_hailing,pune,car,40390.76,0.2403,-0.0095,0.01282,0.6524,0.5477,69.0,0.8119,20,0.2042,2.94,0.315,1.0,738
GIG_3821,ride_hailing,mumbai,car,20207.13,0.2123,-0.0397,0.01117,0.4746,0.3339,124.0,0.7367,28,0.3246,3.51,0.337,1.0,745
GIG_3822,courier,mumbai,bike,53096.24,0.1799,-0.0386,8e-05,0.4969,0.791,133.0,,37,0.3403,4.05,-0.126,0.6667,705
GIG_3823,food_delivery,delhi,bike,48201.04,0.2353,-0.02625,-0.00211,0.3605,0.9183,109.0,,23,0.1985,3.06,-0.119,0.6667,461
GIG_3824,food_delivery,pune,bike,34346.32,0.2807,0.0176,0.00395,0.4228,0.3491,103.0,0.7051,38,0.307,3.79,0.283,1.0,749
GIG_3825,ride_hailing,hyderabad,car,20076.0,0.1809,-0.0593,0.00299,0.548,0.7479,106.0,0.87,37,0.3642,4.22,-0.005,1.0,647
GIG_3826,courier,pune,bike,39077.06,0.2005,-0.0321,0.00309,0.3784,0.9727,89.0,0.992,30,0.2664,3.55,0.101,1.0,509
GIG_3827,ride_hailing,delhi,car,11379.21,0.2244,-0.0158,-0.00293,0.4055,0.6016,82.0,0.6811,12,0.2019,3.69,-0.146,1.0,398
GIG_3828,ride_hailing,bengaluru,car,45008.51,0.2665,0.01,-0.01491,0.5369,0.4979,113.0,1.0,23,0.2975,4.28,-0.423,1.0,595
GIG_3829,courier,pune,bike,23614.84,0.3214,0.0888,0.01317,0.1938,0.7703,91.0,0.7794,36,0.2976,3.73,0.549,1.0,535
GIG_3830,courier,mumbai,scooter,41201.37,0.2708,0.0375,0.01635,0.4931,0.5009,118.0,0.5935,29,0.2827,3.49,0.545,1.0,725
GIG_3831,ride_hailing,hyderabad,car,40606.86,0.2737,0.0335,0.00186,0.1344,0.8889,117.0,0.6985,32,0.3087,3.35,-0.024,1.0,402
GIG_3832,food_delivery,bengaluru,bike,14073.15,0.1673,-0.0775,0.00206,0.5572,0.3223,61.0,0.8227,11,0.2303,3.87,0.067,1.0,748
GIG_3833,home_services,delhi,none,19259.47,0.1522,-0.0894,0.00083,0.6506,0.3081,112.0,0.9015,32,0.3386,4.22,0.031,1.0,639
GIG_3834,ride_hailing,pune,bike,39408.86,0.1789,-0.05665,0.00325,0.347,0.8445,,,3,0.1665,,,0.0,538
GIG_3835,ride_hailing,pune,car,53217.8,0.1758,-0.074,-0.00018,0.3983,0.2161,106.0,0.6756,17,0.2032,2.89,0.176,1.0,458
GIG_3836,ride_hailing,pune,car,33913.68,0.3736,0.1238,-0.0161,0.1638,0.3468,111.0,0.6956,25,0.2345,3.31,-0.463,1.0,337
GIG_3837,courier,bengaluru,bike,48186.72,0.2472,0.0058,-0.01029,0.5463,0.5577,111.0,0.94,28,0.254,3.97,-0.429,1.0,487
GIG_3838,home_services,delhi,bike,11409.57,0.21,-0.0064,0.00101,0.2726,0.414,93.0,0.8431,29,0.3318,3.18,-0.038,1.0,543
GIG_3839,ride_hailing,delhi,car,20114.07,0.2363,-0.0039,0.00828,0.3161,0.7585,79.0,0.8515,22,0.2732,3.84,0.369,1.0,690
GIG_3840,courier,mumbai,scooter,42699.13,0.2053,-0.028,-0.00071,0.5265,0.8013,135.0,0.9024,29,0.2792,4.34,-0.009,1.0,694
GIG_3841,ride_hailing,hyderabad,bike,52719.41,0.2821,0.0552,0.01338,0.3027,0.5367,147.0,0.8588,39,0.3107,3.95,0.54,1.0,797
GIG_3842,food_delivery,mumbai,car,49433.39,0.2193,-0.03705,0.00822,0.532,0.3769,,0.7446,31,0.2946,3.73,0.152,0.6667,716
GIG_3843,ride_hailing,delhi,car,47063.86,0.2092,-0.031,0.00851,0.2464,0.5799,108.0,0.7677,22,0.19,3.41,0.224,1.0,522
GIG_3844,home_services,bengaluru,none,19736.58,0.2665,0.03715,0.01153,0.4065,0.871,81.0,0.9814,24,0.219,3.55,0.503,1.0,706
GIG_3845,courier,pune,scooter,29544.88,0.3472,0.11585,-0.01878,0.3527,0.4457,101.0,0.746,22,0.2598,3.07,-0.364,1.0,427
GIG_3846,food_delivery,hyderabad,bike,21359.41,0.2829,0.0124,-0.00546,0.2897,0.3575,68.0,0.5421,14,0.1869,2.58,-0.121,1.0,614
GIG_3847,ride_hailing,bengaluru,car,34062.07,0.1969,-0.0596,-0.01085,0.7039,0.3081,97.0,0.7522,25,0.2741,3.66,-0.453,1.0,449
GIG_3848,home_services,mumbai,car,38725.6,0.3613,0.1328,-0.01888,0.1152,0.76,96.0,0.6118,29,0.2326,3.08,-0.5,1.0,366
GIG_3849,courier,mumbai,bike,23370.54,0.2385,0.02,-0.0019,0.2385,0.5991,95.0,0.795,32,0.28,3.43,-0.057,1.0,611
GIG_3850,ride_hailing,mumbai,car,13338.1,0.1771,-0.0749,-0.00177,0.4034,0.4757,99.0,0.7415,32,0.3087,4.09,0.112,1.0,614
GIG_3851,food_delivery,mumbai,bike,21484.5,0.2094,-0.0427,0.00201,0.3048,0.6142,99.0,,26,0.2622,4.24,0.026,0.6667,425
GIG_3852,courier,mumbai,scooter,18224.89,0.2807,0.0474,-0.01652,0.1945,0.3972,104.0,0.576,36,0.2499,3.57,-0.431,1.0,486
GIG_3853,ride_hailing,mumbai,scooter,31068.61,0.1983,-0.0304,0.00193,0.2899,0.4692,112.0,0.5817,33,0.3084,3.07,0.051,1.0,504
GIG_3854,ride_hailing,mumbai,car,20965.01,0.4039,0.1519,-0.02302,0.298,0.5521,92.0,0.5171,24,0.2255,3.04,-0.497,1.0,370
GIG_3855,ride_hailing,delhi,car,35396.29,0.1709,-0.0693,0.00044,0.4653,0.4559,104.0,0.7158,35,0.307,3.84,0.008,1.0,628
GIG_3856,food_delivery,pune,scooter,33434.52,0.2452,-0.0174,0.00466,0.6013,1.0251,118.0,0.6169,20,0.2851,3.71,0.137,1.0,573
GIG_3857,food_delivery,pune,bike,13067.78,0.2588,-0.0043,0.00295,0.1979,1.0472,86.0,0.5549,45,0.2836,3.37,-0.173,1.0,587
GIG_3858,food_delivery,pune,car,35636.54,0.3609,0.0856,0.00106,0.1492,0.8282,81.0,0.8515,14,0.2255,2.86,-0.011,1.0,300
GIG_3859,home_services,bengaluru,car,44766.48,0.2119,-0.031,-0.00686,0.2237,0.5071,121.0,0.7467,23,0.2735,2.87,0.098,1.0,463
GIG_3860,food_delivery,delhi,bike,21531.05,0.1671,-0.09445,-0.0007,0.4991,0.246,80.0,0.6483,17,0.2006,3.14,-0.026,1.0,606
GIG_3861,food_delivery,bengaluru,bike,41499.9,0.2124,-0.0324,0.00086,0.2565,0.8223,111.0,0.6047,25,0.2553,3.11,-0.072,1.0,579
GIG_3862,food_delivery,mumbai,bike,13469.49,0.1996,-0.0525,6e-05,0.4826,0.8164,58.0,0.5105,24,0.2196,3.3,0.12,1.0,455
GIG_3863,ride_hailing,pune,car,23194.22,0.3038,0.054,-0.01456,0.2164,0.9821,,0.9297,28,0.2727,3.64,-0.432,0.6667,320
GIG_3864,food_delivery,pune,scooter,46669.24,0.2187,-0.0439,-0.00629,0.636,0.8917,133.0,0.7517,30,0.295,3.78,-0.409,1.0,692
GIG_3865,home_services,mumbai,none,49361.94,0.156,-0.0838,0.00189,0.4665,0.648,105.0,0.7466,24,0.2736,3.47,0.118,1.0,628
GIG_3866,home_services,bengaluru,none,23023.17,0.2269,-0.00245,-0.00954,0.2185,0.6627,,0.7937,43,0.2719,3.19,-0.343,0.6667,305
GIG_3867,food_delivery,bengaluru,bike,40944.18,0.2931,0.0483,0.00285,0.1878,0.871,117.0,0.6845,22,0.2364,3.37,-0.109,1.0,437
GIG_3868,ride_hailing,bengaluru,car,35287.16,0.2716,0.0151,-0.00583,0.315,0.7947,119.0,0.8499,24,0.2553,3.59,-0.502,1.0,382
GIG_3869,ride_hailing,delhi,car,51964.59,0.1954,-0.0448,-0.00257,0.5429,0.8937,115.0,0.935,31,0.3082,3.52,0.121,1.0,595
GIG_3870,food_delivery,pune,scooter,27064.36,0.1831,-0.0795,0.0012,0.5487,0.4594,72.0,,15,0.2348,3.27,0.043,0.6667,656
GIG_3871,ride_hailing,bengaluru,car,43750.26,0.2503,-0.0062,0.00231,0.3642,0.576,100.0,0.7164,42,0.2745,4.47,0.004,1.0,534
GIG_3872,ride_hailing,delhi,car,34555.76,0.2417,0.0015,0.00317,0.3714,0.6667,103.0,0.8645,39,0.2583,3.9,0.015,1.0,434
GIG_3873,food_delivery,mumbai,scooter,33729.78,0.1816,-0.0794,0.00088,0.4849,0.3885,83.0,0.7231,20,0.205,3.16,0.078,1.0,653
GIG_3874,courier,bengaluru,scooter,28073.15,0.3095,0.078,0.01215,0.3848,0.311,89.0,0.9302,27,0.3051,3.16,0.467,1.0,738
GIG_3875,home_services,pune,car,32042.73,0.2861,0.0555,0.01135,0.3295,0.6752,90.0,0.7787,17,0.2348,3.44,0.206,1.0,725
GIG_3876,food_delivery,hyderabad,bike,34656.19,0.3135,0.043,-0.00254,0.2011,0.5597,93.0,0.7747,21,0.1956,2.99,-0.099,1.0,475
GIG_3877,food_delivery,delhi,bike,40920.03,0.2647,0.00315,-0.01275,0.3583,0.6297,121.0,0.8803,25,0.2044,3.98,-0.608,1.0,366
GIG_3878,ride_hailing,bengaluru,car,12941.31,0.2129,-0.0436,0.00242,0.5062,0.8714,71.0,0.5285,23,0.2558,2.86,0.174,1.0,568
GIG_3879,courier,mumbai,scooter,13251.94,0.3442,0.1109,-0.01776,0.3986,0.6549,,0.7475,29,0.2206,3.22,-0.286,0.6667,459
GIG_3880,ride_hailing,mumbai,bike,16312.09,0.1845,-0.06985,-0.00144,0.5134,0.64,75.0,0.8879,18,0.2806,3.82,-0.151,1.0,588
GIG_3881,food_delivery,pune,scooter,18980.36,0.2169,-0.0457,0.00399,0.2826,0.3801,80.0,,26,0.2138,3.48,0.052,0.6667,623
GIG_3882,courier,bengaluru,car,44179.47,0.1868,-0.0592,0.00364,0.3697,0.34,119.0,0.8492,29,0.2651,3.44,0.074,1.0,532
GIG_3883,ride_hailing,bengaluru,car,13075.21,0.3205,0.064,-0.00267,0.1856,0.9181,92.0,0.8379,31,0.2902,3.42,-0.163,1.0,578
GIG_3884,courier,mumbai,scooter,37999.96,0.2311,-0.0022,-0.00582,0.503,1.0644,106.0,,25,0.3541,3.8,-0.149,0.6667,631
GIG_3885,home_services,bengaluru,none,38392.18,0.2478,0.01845,-0.01178,0.3549,1.0829,123.0,,31,0.2773,4.05,-0.42,0.6667,396
GIG_3886,home_services,pune,none,25229.49,0.1671,-0.0689,0.00028,0.5636,0.7185,117.0,0.6152,37,0.2729,3.91,0.101,1.0,684
GIG_3887,food_delivery,pune,scooter,40958.2,0.453,0.1904,-0.01511,0.2056,0.6621,,0.6652,23,0.2237,2.4,-0.265,0.6667,300
GIG_3888,ride_hailing,delhi,car,45229.84,0.2228,-0.0174,0.00582,0.415,0.4889,120.0,0.604,39,0.2756,3.85,0.108,1.0,562
GIG_3889,ride_hailing,mumbai,bike,45331.34,0.2078,-0.04655,0.00265,0.4489,0.7788,119.0,0.8057,14,0.2329,3.05,0.176,1.0,521
GIG_3890,ride_hailing,mumbai,car,31707.72,0.1564,-0.0956,0.00318,0.5236,0.8636,92.0,0.9652,15,0.2444,,,0.6667,571
GIG_3891,ride_hailing,delhi,car,11620.8,0.3081,0.0679,-0.01499,0.4326,1.2136,80.0,0.7027,24,0.2465,3.24,-0.472,1.0,484
GIG_3892,food_delivery,mumbai,bike,51905.57,0.2976,0.0455,0.00383,0.191,0.4203,,,37,0.2678,3.43,0.305,0.3333,614
GIG_3893,ride_hailing,hyderabad,car,50187.08,0.2178,-0.0224,-0.00427,0.3742,0.5859,101.0,,18,0.2418,2.74,0.083,0.6667,503
GIG_3894,ride_hailing,bengaluru,car,46442.24,0.2738,0.0173,-0.01338,0.4375,0.5705,134.0,0.6015,29,0.2733,4.59,-0.545,1.0,411
GIG_3895,courier,delhi,bike,25663.1,0.2301,-0.0319,-0.00169,0.1906,0.3205,101.0,0.8763,20,0.2388,3.14,-0.27,1.0,492
GIG_3896,ride_hailing,bengaluru,car,49581.7,0.3183,0.0618,-0.01007,0.1655,0.285,96.0,0.8626,12,0.1899,3.33,-0.284,1.0,307
GIG_3897,food_delivery,delhi,bike,24368.08,0.3547,0.09315,0.01645,0.3155,0.5313,99.0,0.9391,31,0.3012,,,0.6667,702
GIG_3898,courier,hyderabad,scooter,48924.63,0.2904,0.05555,-0.00069,0.2041,1.1092,124.0,0.7611,32,0.3037,3.87,0.06,1.0,503
GIG_3899,food_delivery,hyderabad,scooter,32598.13,0.2436,-0.01875,-0.00233,0.3599,0.5285,94.0,0.5593,31,0.289,3.32,0.172,1.0,515
GIG_3900,ride_hailing,delhi,scooter,28133.46,0.3168,0.057,0.00087,0.104,0.6887,87.0,,24,0.2169,3.11,0.113,0.6667,350
GIG_3901,ride_hailing,delhi,car,44561.69,0.2442,0.004,-0.0009,0.2494,0.6256,99.0,0.8285,28,0.2011,3.33,0.112,1.0,520
GIG_3902,ride_hailing,bengaluru,car,32019.24,0.1835,-0.073,0.00721,0.4093,0.5199,90.0,0.6933,5,0.1848,2.73,0.136,1.0,601
GIG_3903,courier,delhi,scooter,35536.6,0.4201,0.16865,-0.0202,0.1502,0.6709,75.0,,15,0.1735,2.85,-0.656,0.6667,300
GIG_3904,home_services,bengaluru,bike,26963.27,0.2888,0.0535,0.00232,0.3076,0.3828,,0.7742,14,0.2703,2.99,0.263,0.6667,721
GIG_3905,food_delivery,delhi,bike,30203.67,0.193,-0.06855,-0.00167,0.4962,0.59,119.0,0.9575,32,0.2934,4.47,-0.185,1.0,699
GIG_3906,courier,hyderabad,car,31040.5,0.2558,0.0243,0.00105,0.2095,0.7987,107.0,0.8617,24,0.2563,3.7,0.065,1.0,608
GIG_3907,ride_hailing,mumbai,car,39164.09,0.1769,-0.0751,0.00047,0.5736,0.7183,91.0,0.7341,19,0.2512,3.94,-0.074,1.0,548
GIG_3908,courier,delhi,car,28231.93,0.1922,-0.03325,0.0028,0.4624,0.6521,100.0,1.0,31,0.3204,3.9,0.048,1.0,624
GIG_3909,food_delivery,bengaluru,bike,47715.37,0.3051,0.0603,0.01219,0.3592,0.4425,124.0,0.9678,22,0.2734,3.75,0.471,1.0,704
GIG_3910,food_delivery,mumbai,scooter,25209.3,0.2452,-0.0158,0.00139,0.1961,0.729,83.0,0.6513,20,0.1865,2.43,0.013,1.0,361
GIG_3911,food_delivery,bengaluru,scooter,32067.23,0.2519,-0.0109,0.00229,0.4761,0.7679,102.0,0.6032,30,0.2874,3.95,0.087,1.0,605
GIG_3912,food_delivery,hyderabad,bike,25047.4,0.2702,-0.0003,0.0023,0.2322,0.5366,93.0,0.7204,21,0.282,3.29,0.106,1.0,480
GIG_3913,food_delivery,pune,bike,15009.26,0.3638,0.1007,-0.01701,0.4263,0.7666,72.0,0.5861,26,0.1997,3.68,-0.464,1.0,373
GIG_3914,courier,delhi,car,39275.46,0.1618,-0.06365,0.00021,0.5544,0.5761,,0.5204,22,0.2411,3.89,-0.195,0.6667,602
GIG_3915,food_delivery,pune,bike,41930.68,0.2486,-0.0145,0.00317,0.378,0.4827,,,11,0.1597,,,0.0,540
GIG_3916,ride_hailing,pune,car,23254.11,0.258,0.0082,0.00288,0.2089,0.7298,78.0,0.5864,23,0.2129,2.63,0.11,1.0,501
GIG_3917,courier,hyderabad,car,29485.59,0.311,0.0795,-0.01598,0.5427,0.7251,73.0,0.5321,18,0.1698,3.21,-0.246,1.0,418
GIG_3918,courier,hyderabad,scooter,16040.37,0.2553,0.02045,0.00269,0.2012,0.4385,46.0,0.5,18,0.1478,2.58,-0.031,1.0,351
GIG_3919,ride_hailing,pune,scooter,18325.13,0.2912,0.0416,0.01394,0.6203,0.9801,,,12,0.2057,4.02,0.194,0.3333,741
GIG_3920,courier,hyderabad,scooter,36249.71,0.2168,-0.01805,-0.00107,0.3192,0.5101,111.0,0.9731,49,0.3531,3.99,-0.13,1.0,675
GIG_3921,ride_hailing,delhi,car,34632.8,0.2507,0.0105,-0.00197,0.1479,0.3931,66.0,0.5619,12,0.1364,2.58,-0.156,1.0,300
GIG_3922,ride_hailing,delhi,bike,11235.71,0.3215,0.0792,-0.00113,0.2254,1.1767,77.0,0.6538,20,0.2154,2.62,-0.077,1.0,494
GIG_3923,courier,pune,car,43785.56,0.1809,-0.0428,0.00109,0.3359,0.4818,138.0,,29,0.2953,3.66,-0.148,0.6667,489
GIG_3924,courier,hyderabad,scooter,40012.71,0.1815,-0.05335,-0.00629,0.4832,0.7315,,0.7124,22,0.1974,3.13,-0.025,0.6667,543
GIG_3925,food_delivery,pune,bike,27062.27,0.2025,-0.0606,0.00234,0.585,0.8342,,,25,0.2696,3.72,-0.017,0.3333,815
GIG_3926,food_delivery,mumbai,scooter,44106.93,0.3893,0.1283,-0.01359,0.0954,0.7821,134.0,0.6271,33,0.2866,2.64,-0.47,1.0,333
GIG_3927,food_delivery,bengaluru,bike,11973.74,0.208,-0.0368,-0.00246,0.4218,0.8165,84.0,0.6402,28,0.2119,3.75,-0.096,1.0,560
GIG_3928,food_delivery,delhi,bike,15114.98,0.2528,-0.00875,-0.00077,0.3954,0.7755,94.0,0.8309,23,0.2334,3.47,-0.099,1.0,481
GIG_3929,food_delivery,hyderabad,car,24303.48,0.3376,0.07205,-0.00365,0.2343,0.5873,85.0,,16,0.2363,3.2,-0.001,0.6667,509
GIG_3930,home_services,bengaluru,none,11888.26,0.2276,-0.00175,-0.00217,0.4434,0.5539,90.0,,24,0.2615,3.44,-0.037,0.6667,619
GIG_3931,ride_hailing,mumbai,car,31630.0,0.2549,0.0029,-0.00408,0.2693,1.0489,102.0,0.522,35,0.2832,3.6,0.031,1.0,507
GIG_3932,home_services,bengaluru,none,24373.14,0.1764,-0.05295,0.0015,0.5575,0.8445,85.0,0.6964,24,0.1876,3.3,-0.05,1.0,584
GIG_3933,food_delivery,hyderabad,scooter,41057.81,0.1755,-0.08685,-0.00147,0.7126,0.7465,71.0,0.5123,12,0.1657,2.99,0.212,1.0,462
GIG_3934,food_delivery,mumbai,bike,34673.77,0.2095,-0.0426,-0.00127,0.3964,0.5484,98.0,0.9563,24,0.2378,3.54,-0.014,1.0,687
GIG_3935,food_delivery,bengaluru,bike,16519.62,0.1798,-0.065,-0.00259,0.6002,0.3226,118.0,0.8336,38,0.3478,4.8,0.025,1.0,654
GIG_3936,ride_hailing,pune,car,46913.34,0.3126,0.0628,0.01588,0.4036,0.8947,139.0,0.7103,26,0.2176,3.21,0.529,1.0,661
GIG_3937,home_services,mumbai,none,27122.25,0.1652,-0.0746,0.00338,0.4774,0.6498,,0.8142,27,0.3055,3.7,0.208,0.6667,669
GIG_3938,food_delivery,bengaluru,bike,29890.63,0.2505,0.0057,-0.00241,0.3773,1.0994,106.0,0.6606,29,0.2929,3.14,-0.09,1.0,399
GIG_3939,home_services,bengaluru,bike,26635.07,0.1607,-0.0746,0.00334,0.627,0.482,112.0,0.8348,27,0.3225,4.5,0.144,1.0,727
GIG_3940,food_delivery,mumbai,bike,13785.24,0.2003,-0.0518,-0.00102,0.5443,0.6622,100.0,0.8522,37,0.2718,4.05,0.042,1.0,684
GIG_3941,food_delivery,bengaluru,scooter,52614.04,0.219,-0.0438,-0.00295,0.2327,0.3226,,0.5403,22,0.2643,2.74,0.004,0.6667,483
GIG_3942,ride_hailing,delhi,car,42727.02,0.2348,-0.0054,0.00657,0.2651,1.1613,140.0,0.9409,45,0.3105,3.38,0.246,1.0,573
GIG_3943,ride_hailing,hyderabad,car,30599.36,0.2057,-0.0345,3e-05,0.4327,0.6178,134.0,0.8391,35,0.3033,3.91,0.122,1.0,640
GIG_3944,ride_hailing,delhi,car,25117.64,0.2082,-0.032,-0.00452,0.52,0.3347,87.0,0.5429,31,0.2221,3.24,-0.246,1.0,501
GIG_3945,home_services,mumbai,none,41927.61,0.2904,0.0506,-0.00359,0.3628,1.0323,,0.7637,26,0.2828,3.23,-0.425,0.6667,553
GIG_3946,ride_hailing,bengaluru,car,39001.87,0.3484,0.0919,0.01073,0.2907,0.8677,126.0,0.7358,28,0.2608,4.13,0.324,1.0,631
GIG_3947,food_delivery,hyderabad,bike,26869.95,0.2447,-0.0258,0.00733,0.3695,0.4552,120.0,,25,0.3008,4.2,0.341,0.6667,698
GIG_3948,food_delivery,delhi,bike,35955.51,0.2146,-0.04695,-0.00086,0.4889,0.3074,113.0,0.5291,34,0.236,3.36,0.22,1.0,585
GIG_3949,food_delivery,delhi,bike,48268.06,0.1797,-0.08185,0.0018,0.5549,0.6229,132.0,0.6414,31,0.3098,4.14,0.091,1.0,748
GIG_3950,home_services,delhi,none,47170.04,0.1359,-0.1057,0.00134,0.5626,0.5397,115.0,,26,0.2502,3.92,-0.018,0.6667,630
GIG_3951,courier,pune,bike,21021.25,0.1601,-0.0725,0.00051,0.5089,0.5426,74.0,0.6064,26,0.2416,3.5,0.017,1.0,695
GIG_3952,home_services,hyderabad,car,17034.35,0.1584,-0.077,-0.00176,0.6697,0.5927,48.0,0.7457,22,0.119,2.9,0.203,1.0,459
GIG_3953,ride_hailing,bengaluru,bike,28264.76,0.3124,0.05615,0.01041,0.3448,0.8512,86.0,,37,0.2781,4.2,0.313,0.6667,605
GIG_3954,food_delivery,hyderabad,bike,19069.22,0.4736,0.2031,0.01258,0.2075,0.6628,106.0,0.6444,31,0.2499,3.44,0.43,1.0,712
GIG_3955,food_delivery,pune,bike,31527.09,0.3412,0.0781,0.01445,0.383,0.3727,112.0,0.9028,31,0.2656,4.19,0.565,1.0,818
GIG_3956,ride_hailing,mumbai,bike,21913.62,0.2776,0.02325,-0.00045,0.1475,0.5951,128.0,0.836,36,0.2838,3.31,0.147,1.0,601
GIG_3957,ride_hailing,hyderabad,car,34556.36,0.3292,0.089,0.01005,0.1764,1.0163,79.0,0.5353,15,0.1311,,,0.6667,544
GIG_3958,ride_hailing,hyderabad,bike,43391.97,0.2294,0.0025,-0.00135,0.463,0.906,117.0,0.674,42,0.2996,3.65,0.11,1.0,665
GIG_3959,food_delivery,pune,bike,21135.2,0.2783,0.0152,0.00032,0.336,0.7253,82.0,0.81,23,0.2545,3.88,0.058,1.0,515
GIG_3960,courier,bengaluru,scooter,21095.46,0.2688,0.0373,0.00014,0.1093,0.3744,100.0,0.5463,35,0.2206,2.82,-0.142,1.0,615
GIG_3961,ride_hailing,hyderabad,bike,17050.2,0.1587,-0.0682,0.00209,0.4308,0.7879,83.0,0.7102,20,0.2269,3.57,0.022,1.0,580
GIG_3962,ride_hailing,bengaluru,car,26485.17,0.2156,-0.0409,-0.00487,0.2091,0.2966,86.0,0.7628,19,0.1953,3.11,-0.228,1.0,426
GIG_3963,courier,delhi,scooter,42404.0,0.3042,0.05275,0.01081,0.3724,0.6088,120.0,0.8791,37,0.2736,3.57,0.233,1.0,780
GIG_3964,food_delivery,pune,bike,18751.95,0.3927,0.1296,-0.00012,0.1509,0.6298,95.0,0.7616,28,0.2931,3.37,0.069,1.0,504
GIG_3965,courier,hyderabad,bike,16877.19,0.1711,-0.0677,0.00036,0.3544,0.4076,83.0,0.7983,23,0.2664,4.22,-0.006,1.0,543
GIG_3966,home_services,hyderabad,none,49784.81,0.1668,-0.0697,-0.00342,0.5761,0.7381,123.0,0.5764,25,0.2378,3.41,-0.238,1.0,652
GIG_3967,ride_hailing,delhi,car,25685.65,0.2928,0.0526,0.00268,0.1803,0.4692,118.0,0.6075,30,0.2621,3.03,0.081,1.0,461
GIG_3968,ride_hailing,pune,car,10709.55,0.1956,-0.0542,0.00122,0.533,1.2713,67.0,1.0,27,0.2206,3.85,-0.02,1.0,618
GIG_3969,courier,pune,bike,23266.07,0.3444,0.1118,-0.0152,0.4239,0.4737,120.0,0.6914,37,0.3202,3.95,-0.434,1.0,427
GIG_3970,food_delivery,hyderabad,bike,36561.45,0.2773,0.0068,0.0135,0.5259,0.4461,88.0,0.888,11,0.2264,3.83,0.457,1.0,726
GIG_3971,courier,pune,scooter,25987.64,0.2763,0.04495,-0.00022,0.2464,1.1988,106.0,,21,0.2027,3.09,0.009,0.6667,478
GIG_3972,food_delivery,mumbai,car,26156.45,0.3565,0.10015,-0.00605,0.3212,1.0011,68.0,0.6496,12,0.1738,2.73,-0.267,1.0,406
GIG_3973,courier,hyderabad,scooter,45904.37,0.2034,-0.03145,0.00059,0.3715,0.5123,132.0,0.7665,40,0.3737,3.96,0.095,1.0,561
GIG_3974,home_services,pune,none,36617.74,0.2769,0.0409,-0.01305,0.5061,1.2403,110.0,0.5677,32,0.3171,3.97,-0.361,1.0,646
GIG_3975,home_services,bengaluru,car,42520.43,0.2632,0.0203,0.00107,0.2606,0.621,133.0,0.6162,35,0.2814,3.61,0.069,1.0,493
GIG_3976,home_services,pune,bike,14524.59,0.2283,-0.0062,0.00559,0.5226,0.4418,87.0,0.8534,29,0.3147,4.01,0.195,1.0,601
GIG_3977,food_delivery,pune,bike,25932.99,0.1867,-0.0764,0.00042,0.6264,0.8726,102.0,0.6833,23,0.2309,4.03,0.106,1.0,691
GIG_3978,home_services,hyderabad,car,29360.16,0.1914,-0.044,-0.00075,0.5106,0.6851,,0.8647,30,0.3182,4.73,-0.18,0.6667,705
GIG_3979,food_delivery,mumbai,bike,20786.18,0.3236,0.0715,0.01322,0.4021,0.895,79.0,0.6375,30,0.2091,2.87,0.415,1.0,757
GIG_3980,food_delivery,pune,bike,23900.24,0.3204,0.0573,-0.01757,0.535,0.4076,124.0,0.5589,40,0.3215,3.9,-0.278,1.0,615
GIG_3981,ride_hailing,bengaluru,car,22250.81,0.1883,-0.0682,0.00065,0.4395,0.4595,125.0,0.8468,28,0.2523,3.77,-0.121,1.0,636
GIG_3982,food_delivery,bengaluru,bike,26843.54,0.1909,-0.0539,0.00407,0.5834,0.9678,95.0,0.6962,25,0.2465,3.48,0.145,1.0,561
GIG_3983,courier,pune,scooter,25186.01,0.3422,0.11085,-0.01942,0.3837,0.5977,120.0,0.9073,34,0.3287,3.91,-0.309,1.0,585
GIG_3984,food_delivery,bengaluru,scooter,14948.48,0.3167,0.0539,-0.00843,0.2302,0.5101,95.0,0.7326,30,0.3029,2.92,-0.298,1.0,457
GIG_3985,food_delivery,bengaluru,scooter,25839.58,0.2843,0.0215,-0.00699,0.386,0.9804,,0.7163,39,0.2667,3.78,-0.168,0.6667,489
GIG_3986,ride_hailing,hyderabad,car,54852.19,0.2641,0.0239,-0.01326,0.3888,0.3347,,0.6722,26,0.2442,3.65,-0.441,0.6667,552
GIG_3987,courier,mumbai,car,11633.47,0.2157,-0.0011,-0.00339,0.4554,0.8618,69.0,0.6362,19,0.2069,3.55,0.019,1.0,590
GIG_3988,courier,delhi,scooter,34360.52,0.1358,-0.11565,0.00136,0.646,0.2995,128.0,0.639,41,0.2668,3.93,0.033,1.0,773
GIG_3989,food_delivery,mumbai,scooter,16206.35,0.3378,0.0768,-0.0074,0.1888,0.8962,79.0,0.8067,7,0.1891,3.03,-0.142,1.0,433
GIG_3990,food_delivery,bengaluru,bike,49217.45,0.2116,-0.0332,-0.00269,0.1148,0.4592,,0.8935,16,0.223,3.03,-0.109,0.6667,460
GIG_3991,food_delivery,mumbai,car,41581.83,0.3266,0.07025,0.0114,0.17,0.2895,138.0,0.8321,36,0.3513,4.07,0.329,1.0,718
GIG_3992,ride_hailing,hyderabad,bike,30731.06,0.3036,0.0767,0.01414,0.3418,0.8258,112.0,0.7777,31,0.263,3.6,0.46,1.0,724
GIG_3993,food_delivery,delhi,bike,45598.92,0.3414,0.07985,0.00236,0.1089,0.6863,90.0,0.6063,24,0.2275,2.92,-0.034,1.0,482
GIG_3994,ride_hailing,hyderabad,car,34434.09,0.3501,0.1099,-0.01991,0.5033,0.9332,113.0,,19,0.2371,3.92,-0.393,0.6667,590
GIG_3995,ride_hailing,hyderabad,car,32472.21,0.1596,-0.0806,0.00518,0.582,0.4527,100.0,0.561,20,0.2461,,,0.6667,727
GIG_3996,ride_hailing,hyderabad,car,29028.0,0.2391,-0.0011,0.00821,0.3429,0.8713,124.0,0.87,43,0.3476,3.79,0.219,1.0,639
GIG_3997,food_delivery,delhi,scooter,47395.4,0.3156,0.048,-0.01335,0.3354,0.7709,91.0,0.8091,11,0.2138,3.25,-0.625,1.0,469
GIG_3998,courier,bengaluru,scooter,47769.23,0.3434,0.1119,-0.02053,0.2938,0.252,123.0,0.7614,21,0.2138,3.78,-0.574,1.0,364
GIG_3999,ride_hailing,hyderabad,car,35371.9,0.1425,-0.0977,0.00052,0.5797,0.507,103.0,0.8199,25,0.2608,3.43,0.242,1.0,601
GIG_4000,ride_hailing,hyderabad,car,16860.84,0.2169,-0.0233,0.00452,0.3852,1.0139,71.0,0.6485,36,0.2396,3.27,0.144,1.0,550
GIG_4001,food_delivery,pune,scooter,40271.79,0.3415,0.0789,0.01429,0.1677,0.5617,128.0,0.538,35,0.2601,2.79,0.35,1.0,655
GIG_4002,ride_hailing,delhi,car,54009.18,0.1507,-0.0895,0.00075,0.6532,0.3683,127.0,0.9811,26,0.3023,3.93,-0.079,1.0,685
GIG_4003,food_delivery,bengaluru,bike,32920.05,0.219,-0.0258,0.00423,0.3786,0.6036,111.0,,31,0.2731,3.15,0.112,0.6667,590
GIG_4004,food_delivery,pune,scooter,22410.84,0.2753,0.0127,-0.01396,0.3558,0.5554,85.0,0.8372,27,0.2591,3.44,-0.53,1.0,353
GIG_4005,food_delivery,bengaluru,scooter,23586.2,0.2528,-0.01,0.00214,0.2205,0.6618,95.0,0.8532,28,0.2116,3.42,-0.074,1.0,560
GIG_4006,food_delivery,pune,scooter,41184.82,0.3459,0.0833,-0.01687,0.3132,1.2565,105.0,,22,0.2438,3.68,-0.404,0.6667,404
GIG_4007,home_services,bengaluru,none,47635.89,0.2069,-0.02245,0.00281,0.4698,1.0231,127.0,0.8183,38,0.2788,3.82,0.211,1.0,643
GIG_4008,food_delivery,bengaluru,bike,27631.03,0.18,-0.0648,-2e-05,0.576,0.5131,102.0,0.7079,26,0.2842,,,0.6667,663
GIG_4009,courier,bengaluru,scooter,30276.43,0.3258,0.0943,-0.01934,0.4964,0.512,,0.7725,20,0.2212,4.05,-0.561,0.6667,534
GIG_4010,ride_hailing,bengaluru,car,14510.63,0.4158,0.1593,-0.00929,0.2016,0.3445,73.0,0.7846,16,0.2028,2.83,-0.152,1.0,379
GIG_4011,home_services,bengaluru,none,42012.38,0.2438,0.01445,0.00939,0.3116,0.8177,123.0,0.9746,31,0.3579,5.0,0.212,1.0,655
GIG_4012,food_delivery,delhi,scooter,13996.81,0.3093,0.0417,-0.01357,0.5054,1.1625,91.0,0.6283,30,0.3291,3.62,-0.239,1.0,391
GIG_4013,ride_hailing,mumbai,car,17598.7,0.2484,-0.0036,0.01257,0.208,0.7542,88.0,0.9488,19,0.255,3.21,0.598,1.0,694
GIG_4014,home_services,mumbai,car,43538.92,0.1845,-0.044,-0.00087,0.6022,1.0598,112.0,0.8644,27,0.3156,4.51,-0.149,1.0,631
GIG_4015,courier,hyderabad,scooter,48802.07,0.2626,0.02775,-0.00836,0.3146,0.6282,108.0,0.7626,21,0.2305,3.5,-0.245,1.0,412
GIG_4016,courier,mumbai,scooter,20907.68,0.2199,-0.0134,0.0111,0.321,0.4756,116.0,0.8407,27,0.2774,3.63,0.217,1.0,707
GIG_4017,food_delivery,mumbai,bike,25291.61,0.208,-0.0441,-0.00236,0.3409,1.0875,109.0,0.6598,39,0.3271,4.1,0.013,1.0,623
GIG_4018,ride_hailing,delhi,car,21395.5,0.3396,0.0994,-0.01261,0.2108,0.7001,79.0,0.6598,23,0.2169,,,0.6667,352
GIG_4019,food_delivery,pune,scooter,17427.47,0.2218,-0.0408,0.00098,0.3425,0.4822,88.0,0.9884,23,0.2529,3.72,0.088,1.0,563
GIG_4020,home_services,bengaluru,bike,23122.49,0.209,-0.0263,-0.00281,0.375,0.9285,,0.7173,28,0.2708,3.48,0.115,0.6667,561
GIG_4021,ride_hailing,delhi,car,51638.45,0.1525,-0.0877,0.00435,0.5604,1.0106,120.0,,35,0.2859,3.57,-0.017,0.6667,517
GIG_4022,ride_hailing,pune,bike,36874.72,0.2626,0.02705,0.00525,0.2108,0.9314,88.0,0.848,19,0.211,3.53,-0.013,1.0,436
GIG_4023,food_delivery,pune,bike,16409.15,0.2755,0.0124,0.01043,0.4324,0.4907,86.0,0.8832,31,0.3176,4.41,0.394,1.0,805
GIG_4024,home_services,bengaluru,none,42316.79,0.2266,-0.00275,0.0017,0.4485,0.3816,136.0,0.5572,29,0.258,3.52,-0.091,1.0,592
GIG_4025,food_delivery,delhi,scooter,48357.52,0.3293,0.0617,-0.00473,0.1591,0.5512,113.0,0.7645,40,0.2829,3.48,-0.419,1.0,489
GIG_4026,home_services,hyderabad,none,19651.81,0.2329,-0.0036,-0.00059,0.2869,0.6821,88.0,0.7426,32,0.2586,3.49,-0.032,1.0,569
GIG_4027,courier,mumbai,scooter,12318.81,0.2202,-0.0131,-0.00168,0.3331,0.8627,71.0,0.8541,12,0.2195,3.58,-0.054,1.0,508
GIG_4028,food_delivery,pune,scooter,33050.61,0.314,0.0514,-1e-05,0.1992,0.6452,117.0,0.8783,41,0.3356,3.93,-0.059,1.0,590
GIG_4029,courier,bengaluru,scooter,29385.79,0.3767,0.1452,0.01167,0.2046,1.0014,108.0,0.7638,33,0.2849,2.99,0.465,1.0,673
GIG_4030,food_delivery,bengaluru,bike,16771.97,0.1944,-0.0504,0.00099,0.279,0.322,83.0,0.7054,16,0.2184,,,0.6667,464
GIG_4031,ride_hailing,pune,car,47771.38,0.1854,-0.0644,0.00011,0.4015,0.3848,97.0,,23,0.1913,3.21,0.064,0.6667,658
GIG_4032,ride_hailing,mumbai,scooter,37470.92,0.2119,-0.0168,-0.00336,0.3415,0.507,110.0,0.8955,33,0.2663,3.58,0.137,1.0,513
GIG_4033,courier,hyderabad,bike,48794.19,0.3149,0.0761,-0.01483,0.5264,1.4363,135.0,,38,0.3092,3.82,-0.529,0.6667,503
GIG_4034,ride_hailing,pune,car,33787.68,0.243,-0.0068,-0.01148,0.4474,0.5035,,0.9545,16,0.2272,3.98,-0.424,0.6667,459
GIG_4035,home_services,pune,none,20453.56,0.2359,-0.0001,0.001,0.4264,0.5815,,0.6081,18,0.1941,3.51,-0.019,0.6667,588
GIG_4036,courier,delhi,bike,35693.49,0.3351,0.0731,-0.01735,0.1889,0.6318,97.0,0.6052,30,0.2586,4.03,-0.393,1.0,445
GIG_4037,food_delivery,delhi,scooter,43483.31,0.1989,-0.0687,0.00399,0.3159,0.6984,100.0,0.5261,20,0.2341,2.83,-0.087,1.0,555
GIG_4038,ride_hailing,bengaluru,car,48572.11,0.378,0.1215,-0.0152,0.353,0.9288,142.0,,34,0.224,3.45,-0.397,0.6667,411
GIG_4039,ride_hailing,mumbai,car,16965.1,0.143,-0.109,-0.00041,0.6273,0.5249,113.0,0.7722,31,0.3206,3.91,-0.023,1.0,801
GIG_4040,home_services,pune,car,15113.23,0.3107,0.0801,-0.01506,0.4656,0.7462,84.0,0.7895,25,0.2024,3.12,-0.634,1.0,390
GIG_4041,ride_hailing,bengaluru,car,11848.1,0.2166,-0.0399,-0.00792,0.5864,0.592,77.0,,32,0.2479,2.93,-0.167,0.6667,475
GIG_4042,home_services,hyderabad,none,35207.19,0.2197,-0.0168,8e-05,0.3548,0.8545,86.0,0.8953,19,0.1659,2.63,-0.152,1.0,463
GIG_4043,ride_hailing,hyderabad,car,13922.75,0.2525,0.0123,-0.01104,0.4149,0.5674,94.0,,27,0.2634,3.76,-0.18,0.6667,493
GIG_4044,courier,mumbai,scooter,34889.56,0.2591,0.0258,-0.00392,0.123,0.6942,97.0,0.8185,30,0.2617,2.93,0.124,1.0,515
GIG_4045,ride_hailing,delhi,car,34383.94,0.3363,0.0961,-0.01788,0.364,0.8431,85.0,0.7111,8,0.1876,3.53,-0.314,1.0,382
GIG_4046,courier,mumbai,scooter,25957.83,0.3016,0.0683,-0.00222,0.2668,0.5597,75.0,0.781,22,0.1562,2.57,0.019,1.0,396
GIG_4047,food_delivery,bengaluru,scooter,33593.02,0.2557,-0.0071,0.00532,0.1721,0.2873,102.0,0.5994,44,0.3062,3.3,-0.081,1.0,559
GIG_4048,food_delivery,hyderabad,scooter,18902.66,0.2156,-0.04675,0.00222,0.4782,0.5635,78.0,0.678,26,0.2588,3.08,0.121,1.0,631
GIG_4049,courier,delhi,car,38340.15,0.1374,-0.08805,0.00317,0.6278,0.3468,122.0,0.8031,42,0.3667,4.0,0.121,1.0,664
GIG_4050,ride_hailing,mumbai,car,54328.89,0.1852,-0.0668,-0.00151,0.2564,0.4073,111.0,0.9141,17,0.1843,3.22,-0.177,1.0,565
GIG_4051,ride_hailing,mumbai,bike,28597.52,0.1716,-0.08275,0.00063,0.3337,0.7737,108.0,0.7179,36,0.3427,3.76,0.064,1.0,443
GIG_4052,home_services,bengaluru,none,38649.25,0.3003,0.07095,0.01018,0.3184,1.2517,119.0,0.5,32,0.2506,3.13,0.442,1.0,688
GIG_4053,ride_hailing,mumbai,car,19722.94,0.2561,0.0041,0.01125,0.4955,0.5008,64.0,0.6187,15,0.1553,3.57,0.361,1.0,606
GIG_4054,courier,bengaluru,bike,34782.76,0.261,0.0196,0.00462,0.3604,0.6477,106.0,0.8014,17,0.2576,3.26,0.008,1.0,616
GIG_4055,courier,mumbai,car,25917.03,0.2785,0.0617,0.01058,0.2797,0.7624,78.0,,18,0.1822,3.43,0.289,0.6667,601
GIG_4056,food_delivery,delhi,bike,26406.47,0.2972,0.03565,0.01399,0.4533,0.3268,,0.9774,17,0.2678,3.62,0.432,0.6667,825
GIG_4057,courier,mumbai,car,24724.76,0.186,-0.0308,-0.00217,0.2332,0.4281,83.0,0.9198,19,0.2932,3.37,-0.069,1.0,489
GIG_4058,food_delivery,delhi,scooter,30490.01,0.22,-0.0476,0.0012,0.5674,0.3585,108.0,,31,0.287,4.22,-0.191,0.6667,738
GIG_4059,food_delivery,mumbai,scooter,41935.76,0.2787,0.0177,0.01048,0.3438,0.5047,119.0,0.769,19,0.2596,3.41,0.461,1.0,776
GIG_4060,food_delivery,mumbai,bike,46423.24,0.2927,0.0406,-0.01137,0.4163,0.5449,123.0,0.8147,40,0.332,3.94,-0.23,1.0,644
GIG_4061,ride_hailing,mumbai,car,22807.76,0.2983,0.0463,-0.00933,0.2953,0.5078,92.0,0.8383,24,0.2299,4.02,-0.281,1.0,396
GIG_4062,food_delivery,mumbai,bike,38430.32,0.3073,0.0552,-0.00139,0.2708,1.19,100.0,,25,0.2198,2.65,-0.125,0.6667,404
GIG_4063,ride_hailing,pune,car,14820.94,0.2255,-0.0243,0.0047,0.4348,0.519,59.0,,15,0.269,3.65,0.171,0.6667,690
GIG_4064,ride_hailing,bengaluru,car,14837.15,0.196,-0.0605,-0.00181,0.375,0.8199,68.0,0.652,26,0.2384,3.42,-0.198,1.0,506
GIG_4065,home_services,mumbai,car,27236.34,0.2548,0.0263,-0.01254,0.5259,0.6861,87.0,,24,0.254,3.35,-0.539,0.6667,449
GIG_4066,food_delivery,pune,bike,29788.45,0.1936,-0.0695,-0.00011,0.4897,0.5863,99.0,0.8404,22,0.2347,3.82,0.085,1.0,587
GIG_4067,ride_hailing,bengaluru,car,55300.94,0.133,-0.1235,-0.00048,0.447,0.3081,124.0,0.6421,26,0.2841,3.26,-0.158,1.0,681
GIG_4068,food_delivery,hyderabad,bike,13520.41,0.2018,-0.0687,-0.00011,0.3733,0.4029,63.0,0.7059,17,0.204,2.61,-0.132,1.0,502
GIG_4069,ride_hailing,mumbai,car,25878.02,0.2093,-0.0427,0.00752,0.4929,0.252,93.0,0.7812,28,0.3016,4.14,0.261,1.0,703
GIG_4070,food_delivery,bengaluru,scooter,49155.96,0.2422,-0.0206,-0.00275,0.2162,0.7199,150.0,0.7891,34,0.3184,3.92,0.092,1.0,519
GIG_4071,ride_hailing,bengaluru,car,49740.68,0.2639,0.0074,0.01038,0.412,0.5531,119.0,0.769,34,0.2732,3.43,0.184,1.0,702
GIG_4072,courier,pune,scooter,34549.83,0.1869,-0.04445,0.00028,0.492,0.5221,113.0,0.8223,39,0.2843,3.77,0.111,1.0,623
GIG_4073,ride_hailing,delhi,car,38713.94,0.1513,-0.0889,0.0038,0.5576,0.3015,120.0,0.6236,25,0.2415,4.15,0.08,1.0,675
GIG_4074,courier,pune,scooter,41895.31,0.2309,-0.00045,-0.00177,0.3643,0.3812,98.0,,30,0.2425,2.58,-0.015,0.6667,503
GIG_4075,food_delivery,pune,bike,53798.6,0.2567,-0.0064,0.00802,0.2874,0.7034,119.0,,27,0.2959,3.27,0.139,0.6667,674
GIG_4076,home_services,mumbai,none,44901.7,0.2713,0.0315,-0.00619,0.1038,0.3499,112.0,0.8229,14,0.2607,3.47,-0.122,1.0,352
GIG_4077,home_services,pune,car,49281.06,0.2306,0.0,0.00237,0.4151,0.698,147.0,0.6586,27,0.2631,3.59,0.061,1.0,617
GIG_4078,food_delivery,mumbai,scooter,32253.52,0.4425,0.1815,-0.00542,0.0866,0.9444,93.0,,16,0.2048,2.87,-0.268,0.6667,386
GIG_4079,home_services,hyderabad,none,28780.93,0.1804,-0.0561,-0.00154,0.1075,0.4794,107.0,0.9028,21,0.2644,2.75,-0.087,1.0,462
GIG_4080,ride_hailing,hyderabad,car,31917.64,0.3507,0.1105,0.00877,0.1034,0.6814,87.0,0.6621,19,0.1354,2.51,0.415,1.0,588
GIG_4081,courier,pune,bike,46306.03,0.1932,-0.0394,0.00635,0.4916,0.7605,96.0,,15,0.1813,3.73,0.044,0.6667,626
GIG_4082,home_services,pune,none,18209.17,0.3743,0.1383,-0.01659,0.1568,0.4001,82.0,0.9341,23,0.251,4.1,-0.5,1.0,405
GIG_4083,courier,pune,scooter,49495.09,0.148,-0.08335,-0.00429,0.5856,0.534,127.0,0.6918,46,0.3066,4.05,0.072,1.0,468
GIG_4084,ride_hailing,delhi,car,49384.67,0.3081,0.0679,0.01285,0.3019,0.6063,132.0,0.8141,42,0.3672,3.59,0.381,1.0,661
GIG_4085,food_delivery,delhi,scooter,50632.73,0.2817,0.0141,-0.013,0.3553,0.5322,93.0,0.7551,22,0.1992,3.09,-0.427,1.0,412
GIG_4086,courier,hyderabad,car,13333.46,0.2181,-0.0134,-0.00055,0.3417,1.2351,61.0,0.654,23,0.1901,3.08,0.055,1.0,534
GIG_4087,courier,mumbai,scooter,41594.65,0.2807,0.0474,0.00994,0.2319,0.4661,128.0,0.7052,23,0.2694,3.4,0.153,1.0,665
GIG_4088,ride_hailing,mumbai,car,17515.52,0.1788,-0.0732,-0.0062,0.6102,0.639,,0.5741,13,0.1452,2.17,-0.139,0.6667,320
GIG_4089,ride_hailing,pune,car,55917.61,0.2026,-0.0472,0.00498,0.5411,0.3656,91.0,0.7837,22,0.2299,3.06,0.072,1.0,636
GIG_4090,food_delivery,delhi,bike,14435.14,0.3212,0.05965,0.01604,0.6193,0.7458,70.0,0.8345,25,0.2471,3.85,0.5,1.0,746
GIG_4091,ride_hailing,bengaluru,car,12685.57,0.2861,0.0296,0.01298,0.2971,0.5581,97.0,0.7831,32,0.3239,3.97,0.689,1.0,653
GIG_4092,food_delivery,pune,bike,48364.73,0.2229,-0.0402,0.00512,0.4396,0.6994,91.0,0.5623,12,0.1476,2.43,-0.143,1.0,456
GIG_4093,courier,bengaluru,scooter,42522.64,0.275,0.0435,0.00214,0.3247,0.5288,111.0,0.8067,24,0.2775,3.18,0.054,1.0,651
GIG_4094,courier,delhi,bike,20598.47,0.2222,-0.0398,-0.00011,0.3097,0.8703,,0.8562,23,0.2413,3.96,0.093,0.6667,603
GIG_4095,food_delivery,hyderabad,bike,16429.93,0.2397,-0.0308,-0.00973,0.5341,0.5654,118.0,0.9285,39,0.3274,4.49,-0.338,1.0,518
GIG_4096,home_services,pune,none,53422.24,0.2032,-0.0328,-0.00828,0.5983,0.7296,137.0,0.8173,23,0.2715,3.31,-0.337,1.0,337
GIG_4097,food_delivery,bengaluru,bike,31687.81,0.2869,0.0421,-0.00084,0.182,0.6007,91.0,0.872,33,0.2337,3.23,-0.115,1.0,574
GIG_4098,food_delivery,delhi,scooter,50849.69,0.2909,0.0233,-0.0039,0.4189,1.0316,100.0,0.5583,19,0.2474,3.01,-0.11,1.0,423
GIG_4099,ride_hailing,hyderabad,car,29611.97,0.2977,0.0575,-0.01213,0.2993,0.4328,108.0,,40,0.3142,3.72,-0.505,0.6667,305
GIG_4100,ride_hailing,bengaluru,car,16751.22,0.2983,0.0418,0.01084,0.272,0.3994,78.0,,28,0.2961,3.42,0.38,0.6667,711
GIG_4101,ride_hailing,mumbai,car,22158.93,0.3093,0.0573,0.00518,0.1577,0.6592,129.0,0.861,28,0.2705,3.82,0.078,1.0,682
GIG_4102,food_delivery,hyderabad,bike,30451.63,0.1913,-0.0792,-0.00185,0.6523,0.3807,106.0,,24,0.27,,,0.3333,555
GIG_4103,ride_hailing,mumbai,car,15374.85,0.1341,-0.1179,0.00171,0.6741,0.4255,89.0,,34,0.2885,3.57,-0.068,0.6667,662
GIG_4104,home_services,hyderabad,car,53152.8,0.2746,0.0392,0.00944,0.2048,0.6187,116.0,0.8512,23,0.2083,3.92,0.477,1.0,730
GIG_4105,courier,delhi,bike,12074.4,0.3559,0.0939,-0.01901,0.3607,0.5326,70.0,,14,0.266,3.8,-0.532,0.6667,407
GIG_4106,courier,bengaluru,bike,38609.97,0.2805,0.0391,0.00032,0.1445,0.3162,119.0,0.8731,34,0.331,3.9,-0.035,1.0,558
GIG_4107,ride_hailing,pune,car,29928.71,0.2672,0.0174,0.00122,0.1146,0.7204,95.0,0.8537,24,0.2906,3.23,0.086,1.0,550
GIG_4108,food_delivery,bengaluru,bike,18360.99,0.2067,-0.0381,0.00134,0.4025,0.4348,90.0,0.8577,19,0.2893,4.07,-0.056,1.0,656
GIG_4109,food_delivery,pune,car,36375.98,0.14,-0.1353,-0.00053,0.6811,0.291,113.0,0.6856,29,0.2945,3.55,0.003,1.0,569
GIG_4110,food_delivery,mumbai,car,41158.97,0.1839,-0.07245,0.0017,0.4221,1.0897,82.0,0.5131,21,0.2212,2.46,0.048,1.0,518
GIG_4111,home_services,hyderabad,none,20422.19,0.2372,0.0007,-0.00293,0.167,0.4794,73.0,,12,0.1713,2.96,0.096,0.6667,378
GIG_4112,courier,bengaluru,bike,37766.09,0.2194,-0.022,0.00531,0.3206,0.469,74.0,0.6905,9,0.1596,3.03,0.274,1.0,539
GIG_4113,ride_hailing,hyderabad,car,31928.3,0.1953,-0.0449,0.00084,0.2344,0.4757,82.0,0.842,14,0.2029,3.71,-0.047,1.0,379
GIG_4114,food_delivery,pune,bike,41304.07,0.218,-0.0451,-4e-05,0.2618,0.7654,105.0,0.7592,27,0.2634,3.6,0.12,1.0,571
GIG_4115,courier,mumbai,scooter,45610.98,0.3939,0.1606,0.01861,0.0779,0.3769,99.0,0.8584,19,0.2661,2.84,0.418,1.0,654
GIG_4116,home_services,pune,none,47264.05,0.2123,-0.0237,-0.00828,0.3319,0.5006,128.0,0.6407,34,0.2901,,,0.6667,442
GIG_4117,food_delivery,hyderabad,bike,16741.98,0.2516,-0.0189,0.01153,0.6596,0.8233,103.0,0.873,31,0.327,4.23,0.467,1.0,851
GIG_4118,home_services,hyderabad,none,37116.44,0.2566,0.0201,0.00142,0.1773,0.5123,99.0,0.8752,34,0.2318,3.48,-0.193,1.0,450
GIG_4119,courier,bengaluru,scooter,45885.95,0.3377,0.1062,0.01705,0.1719,0.7009,145.0,0.8596,32,0.2953,3.6,0.584,1.0,773
GIG_4120,food_delivery,hyderabad,scooter,24844.25,0.2487,-0.01365,0.0007,0.2787,1.0798,84.0,0.9178,17,0.2326,3.71,-0.022,1.0,626
GIG_4121,home_services,hyderabad,none,42627.9,0.2725,0.036,0.00316,0.1874,0.9194,120.0,0.9715,15,0.2475,3.04,0.123,1.0,429
GIG_4122,food_delivery,hyderabad,bike,21262.55,0.2504,-0.0201,0.00418,0.3324,0.5619,95.0,0.8387,14,0.1882,3.47,0.205,1.0,636
GIG_4123,courier,pune,bike,13192.99,0.2595,0.0269,-0.00433,0.2609,0.7862,78.0,0.681,29,0.2512,2.91,0.075,1.0,465
GIG_4124,food_delivery,hyderabad,bike,42555.62,0.2149,-0.0556,0.00136,0.3206,0.6411,101.0,0.6428,37,0.3041,3.27,-0.05,1.0,568
GIG_4125,food_delivery,mumbai,bike,28493.71,0.4905,0.2384,-0.01564,0.1383,0.5481,90.0,0.6334,7,0.1663,2.53,-0.362,1.0,300
GIG_4126,food_delivery,hyderabad,scooter,48524.52,0.212,-0.05035,-0.00804,0.5959,0.902,118.0,0.8418,25,0.2565,3.89,-0.073,1.0,560
GIG_4127,ride_hailing,bengaluru,car,13250.6,0.3031,0.0466,0.01157,0.3026,0.3727,66.0,0.7132,17,0.2093,2.95,0.369,1.0,650
GIG_4128,food_delivery,pune,bike,14642.83,0.3071,0.044,0.00216,0.2141,0.4094,68.0,0.7222,26,0.2371,2.75,0.062,1.0,559
GIG_4129,home_services,delhi,none,34409.79,0.1787,-0.0629,0.00047,0.5879,1.1035,88.0,0.7566,26,0.226,2.96,0.071,1.0,631
GIG_4130,home_services,delhi,none,30947.52,0.2842,0.0426,-0.01275,0.3497,0.3302,91.0,0.7359,17,0.217,3.17,-0.547,1.0,320
GIG_4131,home_services,bengaluru,car,36486.56,0.2308,-0.0121,0.00196,0.2592,0.5937,,0.653,19,0.2362,3.67,0.112,0.6667,599
GIG_4132,ride_hailing,bengaluru,car,51857.56,0.1815,-0.075,-0.00429,0.4879,0.2834,104.0,,11,0.2082,3.35,-0.199,0.6667,580
GIG_4133,ride_hailing,mumbai,car,32264.63,0.2045,-0.0475,0.00335,0.4914,0.474,,0.9197,28,0.334,3.94,-0.086,0.6667,614
GIG_4134,courier,pune,bike,45495.87,0.2832,0.0506,0.01366,0.5492,0.731,,0.6774,18,0.239,3.83,0.467,0.6667,705
GIG_4135,ride_hailing,delhi,car,14638.42,0.3406,0.1004,0.01563,0.3816,1.176,86.0,0.5647,32,0.2669,3.76,0.494,1.0,723
GIG_4136,food_delivery,pune,car,35125.69,0.2959,0.0206,0.00218,0.1967,0.4058,82.0,0.815,17,0.2209,2.93,0.187,1.0,460
GIG_4137,courier,pune,scooter,35740.49,0.2318,0.00045,-0.00166,0.3058,0.6174,102.0,0.8696,24,0.2964,4.14,-0.023,1.0,498
GIG_4138,food_delivery,pune,bike,33937.12,0.2204,-0.0427,0.00165,0.3305,0.5249,106.0,0.642,27,0.2585,2.91,-0.005,1.0,559
GIG_4139,food_delivery,bengaluru,bike,25558.68,0.3774,0.1326,-0.01986,0.1153,0.5183,85.0,,23,0.1789,2.46,-0.294,0.6667,316
GIG_4140,home_services,bengaluru,none,21217.12,0.2729,0.04355,-0.00063,0.1562,0.7066,91.0,0.6741,34,0.2425,3.33,-0.139,1.0,447
GIG_4141,food_delivery,mumbai,scooter,33828.05,0.1717,-0.0893,-0.00167,0.5749,0.6294,105.0,0.9465,22,0.2899,3.55,-0.105,1.0,620
GIG_4142,food_delivery,delhi,bike,37594.14,0.2506,-0.01095,-0.00219,0.3302,0.8794,,0.8159,34,0.2775,3.64,0.078,0.6667,634
GIG_4143,courier,bengaluru,bike,52397.74,0.4341,0.1927,-0.01903,0.1601,0.4526,,0.6345,38,0.2805,3.21,-0.642,0.6667,415
GIG_4144,food_delivery,pune,bike,35631.45,0.3199,0.0568,0.00805,0.2132,0.7013,118.0,,25,0.2989,3.52,0.155,0.6667,635
GIG_4145,home_services,mumbai,none,22857.49,0.3528,0.113,0.00157,0.1823,0.7463,93.0,0.7772,15,0.2241,3.41,0.136,1.0,513
GIG_4146,home_services,mumbai,none,51204.53,0.2688,0.029,0.00271,0.0963,0.5155,127.0,,23,0.2702,3.34,0.088,0.6667,481
GIG_4147,ride_hailing,delhi,car,16282.2,0.2173,-0.0229,0.00602,0.4852,0.4985,138.0,0.8626,36,0.354,4.21,0.371,1.0,839
GIG_4148,ride_hailing,bengaluru,car,43275.84,0.198,-0.0585,-0.00148,0.2797,0.8025,104.0,0.6435,31,0.2589,3.23,-0.317,1.0,612
GIG_4149,home_services,hyderabad,none,15619.29,0.2189,-0.0176,-0.0005,0.4018,1.0368,47.0,0.6588,5,0.1351,,,0.6667,402
GIG_4150,home_services,hyderabad,none,44379.07,0.259,0.0225,-0.01212,0.5022,0.6965,111.0,0.7599,21,0.2328,3.37,-0.489,1.0,440
GIG_4151,courier,hyderabad,bike,21847.25,0.2252,-0.0136,0.00996,0.4372,0.7272,,0.9644,11,0.1673,3.83,0.279,0.6667,738
GIG_4152,ride_hailing,mumbai,car,42907.55,0.2591,0.0071,0.00093,0.2362,0.7623,129.0,,25,0.2311,2.93,0.018,0.6667,624
GIG_4153,ride_hailing,delhi,car,25732.18,0.3325,0.0923,-0.00043,0.2209,0.8976,83.0,0.5904,16,0.2109,3.04,0.089,1.0,370
GIG_4154,food_delivery,hyderabad,bike,20490.9,0.1937,-0.0768,0.00081,0.4392,1.0282,100.0,0.7314,30,0.3018,4.44,-0.176,1.0,666
GIG_4155,courier,bengaluru,bike,14552.85,0.2165,-0.0249,-0.00311,0.2911,1.0783,58.0,0.9204,13,0.2043,,,0.6667,419
GIG_4156,food_delivery,delhi,car,20549.58,0.2227,-0.0704,0.00194,0.3586,0.8216,93.0,,35,0.295,4.11,0.007,0.6667,680
GIG_4157,courier,mumbai,scooter,38881.88,0.2166,-0.0167,-0.00212,0.4105,0.2882,120.0,,27,0.3431,3.65,0.036,0.6667,680
GIG_4158,courier,delhi,bike,17941.26,0.2962,0.0342,-0.0152,0.5162,0.6753,80.0,0.6696,33,0.309,3.75,-0.538,1.0,374
GIG_4159,courier,hyderabad,bike,19145.14,0.2611,0.0223,0.01176,0.4954,0.7685,113.0,0.7678,32,0.2833,4.18,0.373,1.0,740
GIG_4160,food_delivery,delhi,scooter,29041.15,0.3321,0.0645,-0.0187,0.6032,0.5047,82.0,0.8645,10,0.1494,3.68,-0.444,1.0,421
GIG_4161,ride_hailing,delhi,car,48272.35,0.3721,0.1319,0.01858,0.17,0.3844,136.0,0.616,33,0.299,2.94,0.547,1.0,619
GIG_4162,courier,pune,scooter,47121.07,0.1445,-0.08685,0.00035,0.4107,0.4524,113.0,0.6633,29,0.2955,3.38,-0.002,1.0,709
GIG_4163,courier,bengaluru,bike,18347.5,0.2701,0.0287,0.01151,0.315,0.6609,73.0,0.5827,21,0.2044,2.92,0.512,1.0,599
GIG_4164,courier,pune,bike,30440.52,0.1429,-0.0897,0.00107,0.4957,0.4628,99.0,0.5547,22,0.2252,3.11,0.085,1.0,682
GIG_4165,food_delivery,pune,scooter,28523.37,0.2098,-0.0528,0.00279,0.3088,0.3585,,0.9573,25,0.267,3.12,0.103,0.6667,595
GIG_4166,courier,mumbai,car,40939.48,0.2286,0.0118,0.00665,0.3523,0.545,109.0,0.7883,20,0.2399,3.65,0.45,1.0,697
GIG_4167,ride_hailing,mumbai,car,36627.11,0.2492,-0.0028,0.01176,0.5139,0.5734,117.0,,24,0.2293,3.66,0.553,0.6667,743
GIG_4168,courier,delhi,bike,31440.9,0.1632,-0.0988,-6e-05,0.4629,0.4253,56.0,0.6462,18,0.1679,3.29,-0.094,1.0,671
GIG_4169,home_services,mumbai,none,43935.13,0.2251,-0.0147,0.00022,0.3081,0.6808,118.0,0.7823,21,0.2134,2.92,0.296,1.0,580
GIG_4170,ride_hailing,bengaluru,car,28676.18,0.3554,0.0989,-0.00462,0.1082,0.7144,114.0,0.6613,35,0.2217,2.71,0.036,1.0,538
GIG_4171,ride_hailing,delhi,car,52863.61,0.3813,0.1411,-0.01079,0.1311,1.2923,121.0,0.8037,19,0.1884,3.15,-0.375,1.0,300
GIG_4172,food_delivery,mumbai,scooter,50219.33,0.2625,0.0015,0.01131,0.553,1.1845,,0.7794,11,0.1721,3.82,0.43,0.6667,900
GIG_4173,home_services,mumbai,none,41939.31,0.3528,0.113,-0.02092,0.1711,0.8074,160.0,0.6155,40,0.3106,4.29,-0.443,1.0,415
GIG_4174,food_delivery,delhi,scooter,31520.63,0.3342,0.0666,0.01727,0.4568,0.6798,90.0,0.7091,21,0.2203,3.02,0.44,1.0,706
GIG_4175,courier,pune,scooter,21199.92,0.2528,0.02145,0.00212,0.2083,1.0086,85.0,0.9722,15,0.228,3.73,-0.07,1.0,660
GIG_4176,food_delivery,hyderabad,scooter,12897.8,0.3167,0.05435,0.00111,0.2065,0.9633,70.0,0.7201,35,0.2145,2.68,0.225,1.0,578
GIG_4177,food_delivery,hyderabad,bike,52475.99,0.2608,-0.0097,-0.00022,0.1333,0.6736,112.0,0.6327,24,0.2324,2.45,0.007,1.0,579
GIG_4178,food_delivery,mumbai,bike,15475.68,0.255,0.0029,-0.00232,0.4061,0.3688,87.0,0.9149,19,0.236,3.29,-0.152,1.0,588
GIG_4179,food_delivery,mumbai,scooter,31425.15,0.3466,0.0856,-1e-05,0.297,0.599,108.0,,28,0.1951,,,0.3333,586
GIG_4180,courier,pune,bike,29763.62,0.2583,0.0257,-1e-05,0.3098,0.5424,89.0,0.8829,28,0.2392,3.8,-0.03,1.0,550
GIG_4181,food_delivery,delhi,bike,29397.55,0.2465,-0.01505,-0.00413,0.439,0.8497,99.0,0.712,15,0.2328,3.47,0.102,1.0,606
GIG_4182,food_delivery,bengaluru,scooter,35467.19,0.2669,0.0041,-0.00847,0.3432,0.8664,115.0,0.6171,26,0.2937,3.29,-0.235,1.0,464
GIG_4183,home_services,pune,none,11135.51,0.1429,-0.0931,0.00229,0.6534,0.7386,79.0,0.6306,22,0.2395,4.04,-0.025,1.0,591
GIG_4184,home_services,delhi,none,33235.84,0.2885,0.0469,-0.0142,0.2952,0.4422,134.0,0.8208,30,0.3362,4.01,-0.361,1.0,389
GIG_4185,food_delivery,pune,scooter,21387.8,0.326,0.0634,0.0139,0.258,0.9023,88.0,0.6732,21,0.2494,3.34,0.322,1.0,611
GIG_4186,food_delivery,bengaluru,bike,19081.45,0.3749,0.1301,-0.01934,0.282,1.0212,,0.6109,24,0.1974,3.34,-0.28,0.6667,300
GIG_4187,courier,mumbai,bike,46408.41,0.3712,0.1527,-0.02219,0.2904,1.3683,137.0,0.6935,33,0.294,3.7,-0.344,1.0,456
GIG_4188,courier,hyderabad,scooter,56135.37,0.1838,-0.05105,0.00761,0.5175,0.378,132.0,0.7892,31,0.2757,3.66,0.415,1.0,742
GIG_4189,courier,pune,bike,25800.07,0.2118,-0.0208,0.00202,0.4065,0.4372,,0.7362,34,0.2873,3.66,0.121,0.6667,543
GIG_4190,ride_hailing,delhi,car,28132.61,0.2925,0.0523,-0.00404,0.2106,0.4651,97.0,,30,0.2607,3.37,0.099,0.6667,607
GIG_4191,home_services,delhi,none,46637.72,0.2347,-0.0069,0.00181,0.3063,0.3796,122.0,0.5,28,0.2505,,,0.6667,465
GIG_4192,ride_hailing,pune,car,26341.41,0.2081,-0.0417,-8e-05,0.2651,0.5653,85.0,,12,0.2248,3.25,-0.033,0.6667,535
GIG_4193,courier,mumbai,car,47481.69,0.2248,0.008,0.0038,0.3838,0.9333,132.0,,31,0.2564,3.78,0.335,0.6667,693
GIG_4194,home_services,delhi,bike,47782.73,0.2223,0.0059,0.00069,0.3818,0.5551,,,24,0.1672,3.18,0.002,0.3333,568
GIG_4195,home_services,delhi,car,43689.97,0.2244,0.0216,0.0101,0.3988,0.5898,89.0,0.5808,18,0.231,3.36,0.528,1.0,731
GIG_4196,food_delivery,bengaluru,bike,21404.69,0.3687,0.1239,-0.01577,0.1126,0.4909,93.0,0.614,41,0.2592,3.22,-0.649,1.0,383
GIG_4197,home_services,bengaluru,car,38427.14,0.2771,0.0342,0.00384,0.2327,1.3052,,,17,0.2406,3.21,0.18,0.3333,763
GIG_4198,ride_hailing,mumbai,car,11432.4,0.17,-0.082,-0.00254,0.4814,0.5131,73.0,0.6243,26,0.1997,3.74,-0.041,1.0,581
GIG_4199,home_services,bengaluru,none,15996.27,0.1217,-0.10765,0.0015,0.5712,0.6771,93.0,0.5,31,0.2489,3.64,0.019,1.0,512
GIG_4200,courier,hyderabad,bike,54272.91,0.2587,0.0199,-0.01422,0.3173,0.8077,120.0,,16,0.2165,2.71,-0.426,0.6667,419
GIG_4201,food_delivery,bengaluru,scooter,47042.46,0.1652,-0.0976,-0.00143,0.6712,0.7695,122.0,0.8293,38,0.284,3.8,-0.007,1.0,661
GIG_4202,home_services,delhi,none,38522.57,0.2719,0.0303,0.00414,0.194,0.4859,90.0,0.7561,21,0.1825,2.55,0.058,1.0,379
GIG_4203,home_services,mumbai,none,44552.47,0.3019,0.0621,-0.0141,0.4553,0.9587,112.0,0.7027,23,0.2497,3.28,-0.45,1.0,441
GIG_4204,courier,bengaluru,bike,17922.06,0.2072,-0.0342,0.00024,0.3739,0.3394,99.0,0.7749,23,0.3268,4.26,-0.073,1.0,589
GIG_4205,ride_hailing,bengaluru,car,13210.01,0.3044,0.0479,0.01364,0.2239,0.6724,49.0,,16,0.1129,2.37,0.424,0.6667,568
GIG_4206,home_services,mumbai,none,29299.84,0.2017,-0.0381,0.00244,0.2578,0.6245,86.0,0.6497,20,0.1763,2.83,-0.098,1.0,420
GIG_4207,ride_hailing,delhi,bike,18730.27,0.1967,-0.0456,-0.00054,0.3581,0.6474,87.0,0.8909,12,0.2371,3.23,-0.308,1.0,516
GIG_4208,food_delivery,pune,bike,21315.29,0.2776,0.0145,0.00293,0.3409,1.1982,83.0,,26,0.2104,2.73,-0.136,0.6667,530
GIG_4209,food_delivery,pune,scooter,38246.89,0.3283,0.0657,0.01425,0.3513,0.7649,77.0,0.6625,19,0.1418,3.09,0.696,1.0,700
GIG_4210,courier,pune,scooter,45225.97,0.328,0.09665,-0.00125,0.2035,0.577,105.0,,23,0.223,3.42,-0.159,0.6667,518
GIG_4211,food_delivery,hyderabad,car,27177.12,0.2251,-0.04045,-0.00676,0.4271,0.7036,102.0,0.7319,32,0.2876,3.43,-0.149,1.0,580
GIG_4212,ride_hailing,mumbai,car,34070.73,0.3086,0.0566,-0.01611,0.4475,0.4822,91.0,0.7482,19,0.2434,3.58,-0.481,1.0,511
GIG_4213,ride_hailing,mumbai,car,45513.06,0.2558,0.0038,-0.00035,0.3957,0.3769,115.0,0.968,29,0.3069,4.29,-0.113,1.0,591
GIG_4214,food_delivery,mumbai,bike,41990.69,0.2684,0.0163,-0.01367,0.6065,0.4939,116.0,0.8355,19,0.317,4.04,-0.401,1.0,496
GIG_4215,courier,mumbai,scooter,11895.43,0.2255,-0.0078,-0.0019,0.345,1.1764,,0.7363,12,0.2376,3.72,-0.074,0.6667,513
GIG_4216,food_delivery,bengaluru,bike,20581.72,0.2864,0.0416,-0.00344,0.3078,0.6677,77.0,0.7572,26,0.2772,3.11,-0.07,1.0,569
GIG_4217,food_delivery,delhi,scooter,48372.71,0.3064,0.0388,-0.01381,0.5606,0.6461,,0.8928,31,0.3018,4.32,-0.479,0.6667,419
GIG_4218,home_services,bengaluru,bike,13154.15,0.2753,0.04,-0.00464,0.2913,0.9382,,0.7351,19,0.144,3.13,-0.003,0.6667,412
GIG_4219,ride_hailing,hyderabad,car,16850.45,0.2049,-0.0353,1e-05,0.2434,0.8468,103.0,0.8545,49,0.3516,3.98,0.077,1.0,566
GIG_4220,food_delivery,bengaluru,bike,29795.09,0.2527,0.0079,0.00879,0.4324,0.6423,121.0,0.9606,34,0.3281,4.07,0.207,1.0,664
GIG_4221,ride_hailing,delhi,car,53085.27,0.178,-0.0622,-0.00202,0.6333,0.2951,131.0,0.8597,34,0.3029,4.13,0.144,1.0,649
GIG_4222,ride_hailing,delhi,car,26062.55,0.2036,-0.0366,0.00532,0.4444,0.7254,78.0,0.8669,10,0.1806,3.25,0.136,1.0,657
GIG_4223,ride_hailing,bengaluru,car,39312.5,0.193,-0.0635,0.00135,0.324,0.5363,85.0,0.7294,16,0.1757,3.39,0.102,1.0,593
GIG_4224,ride_hailing,mumbai,car,23427.46,0.2547,0.0027,-0.00143,0.2462,0.3737,,0.7702,35,0.2929,3.98,-0.051,0.6667,675
GIG_4225,home_services,pune,none,28636.62,0.2295,-0.0065,5e-05,0.3233,0.5397,84.0,0.6682,18,0.2165,3.26,0.097,1.0,620
GIG_4226,food_delivery,hyderabad,bike,47833.75,0.2187,-0.0518,-0.00846,0.282,0.4087,105.0,0.7634,17,0.2226,3.19,-0.254,1.0,383
GIG_4227,home_services,mumbai,bike,25863.3,0.1835,-0.0348,-0.00532,0.5088,0.9494,103.0,0.7098,26,0.2304,3.45,-0.104,1.0,475
GIG_4228,ride_hailing,hyderabad,car,15428.81,0.2398,-0.0004,-0.00854,0.4656,0.6694,80.0,0.5933,24,0.2461,2.95,-0.183,1.0,456
GIG_4229,courier,bengaluru,scooter,22894.55,0.2215,-0.01,0.00922,0.564,0.6701,86.0,0.7082,31,0.2846,3.92,0.295,1.0,738
GIG_4230,ride_hailing,mumbai,car,35838.67,0.2585,0.0065,-0.00042,0.2402,0.7199,85.0,0.6349,32,0.1891,3.07,0.037,1.0,471
GIG_4231,food_delivery,mumbai,bike,34693.14,0.3725,0.1204,-0.01987,0.1855,0.4628,100.0,0.5405,27,0.2475,3.09,-0.302,1.0,368
GIG_4232,courier,mumbai,bike,28156.44,0.3212,0.1027,0.00098,0.083,0.8661,100.0,0.9762,26,0.2673,3.7,-0.079,1.0,549
GIG_4233,courier,hyderabad,scooter,45830.03,0.224,-0.01085,0.01052,0.5178,0.6992,114.0,0.8504,20,0.2881,4.32,0.364,1.0,652
GIG_4234,ride_hailing,hyderabad,car,28664.1,0.2469,0.0067,-0.00316,0.2461,0.8683,87.0,0.5577,31,0.1837,2.76,0.213,1.0,333
GIG_4235,ride_hailing,bengaluru,car,25138.31,0.3215,0.065,0.01216,0.202,0.9675,95.0,0.5625,24,0.1845,3.19,0.425,1.0,617
GIG_4236,food_delivery,delhi,bike,16074.9,0.2984,0.03685,0.00044,0.2125,0.3774,112.0,0.8837,38,0.3352,4.01,-0.041,1.0,516
GIG_4237,food_delivery,hyderabad,bike,42955.9,0.3395,0.069,0.00303,0.1777,1.0735,96.0,0.7235,18,0.2291,3.05,-0.047,1.0,523
GIG_4238,food_delivery,delhi,car,13727.77,0.2044,-0.0887,-0.0064,0.6238,0.5982,67.0,,16,0.2142,3.64,-0.159,0.6667,475
GIG_4239,ride_hailing,delhi,car,18890.3,0.2241,-0.0161,-0.00349,0.5943,0.9723,,0.7494,26,0.2476,3.81,-0.263,0.6667,601
GIG_4240,ride_hailing,pune,car,25233.13,0.2247,-0.0251,0.00158,0.4086,0.8719,123.0,0.8797,27,0.2845,4.14,-0.248,1.0,623
GIG_4241,food_delivery,mumbai,scooter,30199.59,0.3015,0.0405,0.01067,0.3483,0.4978,90.0,0.6445,30,0.2392,3.49,0.41,1.0,695
GIG_4242,courier,hyderabad,car,17680.25,0.3641,0.1326,-0.01859,0.2073,0.8382,102.0,0.7818,27,0.2717,3.75,-0.295,1.0,412
GIG_4243,food_delivery,mumbai,bike,35451.84,0.1929,-0.0592,-0.00259,0.4613,0.5454,,0.753,37,0.342,4.14,-0.324,0.6667,691
GIG_4244,food_delivery,bengaluru,scooter,55593.33,0.2416,-0.0212,0.00342,0.1485,0.3585,134.0,0.7606,36,0.2957,2.88,0.197,1.0,485
GIG_4245,ride_hailing,hyderabad,scooter,22224.56,0.2212,-0.0092,-0.00251,0.2563,0.7206,76.0,0.7385,27,0.2842,3.36,-0.183,1.0,420
GIG_4246,food_delivery,mumbai,scooter,35230.15,0.2353,-0.0257,0.00069,0.2699,1.0767,93.0,0.5,22,0.1641,3.2,0.184,1.0,533
GIG_4247,ride_hailing,hyderabad,car,55549.43,0.2709,0.0307,-0.01214,0.3094,0.36,126.0,0.8228,25,0.2104,3.35,-0.434,1.0,413
GIG_4248,food_delivery,pune,scooter,13885.66,0.3196,0.057,0.01299,0.3293,0.7995,76.0,0.8545,22,0.2493,3.41,0.256,1.0,580
GIG_4249,food_delivery,mumbai,scooter,30883.2,0.2813,0.0203,-0.01254,0.4713,0.7044,69.0,0.744,9,0.1869,3.4,-0.519,1.0,301
GIG_4250,food_delivery,delhi,bike,36874.22,0.2034,-0.05815,0.00215,0.3567,0.4652,,0.7391,32,0.2377,3.03,-0.041,0.6667,511
GIG_4251,food_delivery,bengaluru,bike,30514.36,0.2509,0.0061,0.00062,0.4422,0.4504,111.0,0.6976,37,0.2951,3.19,-0.048,1.0,515
GIG_4252,food_delivery,pune,car,10522.81,0.3739,0.0986,0.00097,0.1312,0.4552,75.0,0.5,28,0.1436,2.86,-0.074,1.0,368
GIG_4253,home_services,delhi,none,19487.2,0.4181,0.1765,0.0108,0.1639,0.8269,104.0,0.865,35,0.2988,4.02,0.499,1.0,767
GIG_4254,food_delivery,mumbai,bike,16508.55,0.3102,0.0581,-0.00266,0.2027,0.8214,80.0,0.9247,20,0.1768,3.66,-0.031,1.0,554
GIG_4255,ride_hailing,mumbai,car,28310.3,0.2081,-0.0439,-0.00081,0.5338,1.9394,136.0,0.9555,34,0.2648,4.03,0.266,1.0,730
GIG_4256,home_services,mumbai,none,41333.38,0.1241,-0.1157,0.00186,0.6738,0.5161,66.0,,12,0.1806,2.83,0.114,0.6667,646
GIG_4257,ride_hailing,delhi,car,48704.08,0.2293,-0.0109,-0.00783,0.4008,0.5359,120.0,0.8364,32,0.3151,3.76,-0.314,1.0,539
GIG_4258,food_delivery,mumbai,scooter,26222.89,0.3346,0.0736,-0.01347,0.4191,0.5799,,0.92,26,0.331,3.91,-0.394,0.6667,501
GIG_4259,ride_hailing,hyderabad,car,20965.54,0.2533,0.0131,0.01042,0.5256,0.4495,80.0,0.727,19,0.2046,3.5,0.474,1.0,678
GIG_4260,courier,bengaluru,car,30533.43,0.2434,-0.0026,0.00312,0.4988,0.5275,116.0,0.6082,30,0.2671,4.02,0.299,1.0,768
GIG_4261,home_services,delhi,bike,14284.45,0.2476,0.0312,-0.00088,0.3515,0.4248,83.0,0.8836,25,0.1933,3.65,0.037,1.0,657
GIG_4262,home_services,mumbai,none,28524.17,0.1987,-0.0411,0.00646,0.5281,0.4213,114.0,,42,0.2722,3.35,0.163,0.6667,706
GIG_4263,food_delivery,hyderabad,bike,21407.59,0.1627,-0.1078,-0.00572,0.6724,0.4144,114.0,0.653,31,0.2826,3.88,-0.006,1.0,611
GIG_4264,courier,hyderabad,bike,36784.77,0.3897,0.1509,0.01358,0.1107,1.0324,112.0,0.9531,48,0.3164,3.24,0.356,1.0,564
GIG_4265,ride_hailing,bengaluru,car,24685.78,0.2433,-0.0132,0.01189,0.6005,0.4213,117.0,0.7216,27,0.2896,4.31,0.412,1.0,744
GIG_4266,food_delivery,mumbai,bike,30651.35,0.1924,-0.0597,0.00169,0.4468,0.6268,126.0,0.9641,34,0.295,4.41,-0.005,1.0,716
GIG_4267,food_delivery,hyderabad,bike,54072.37,0.2351,-0.0354,0.00278,0.5091,0.8111,153.0,0.8061,32,0.2955,3.71,0.386,1.0,502
GIG_4268,ride_hailing,hyderabad,scooter,19875.32,0.2131,-0.0173,-0.00387,0.5363,0.4951,110.0,0.8717,29,0.3325,3.86,-0.056,1.0,655
GIG_4269,food_delivery,pune,scooter,16977.41,0.2976,0.035,0.0153,0.3268,0.6792,48.0,0.7172,23,0.1678,2.42,0.68,1.0,626
GIG_4270,ride_hailing,pune,car,44051.21,0.326,0.0762,-0.01913,0.3598,0.3074,81.0,,13,0.2735,3.75,-0.632,0.6667,451
GIG_4271,food_delivery,delhi,scooter,26333.28,0.176,-0.0916,0.00118,0.5631,0.353,109.0,,36,0.3342,4.38,0.14,0.6667,660
GIG_4272,ride_hailing,bengaluru,car,36208.68,0.3002,0.0437,0.01484,0.409,0.4947,115.0,0.8323,32,0.3214,3.77,0.473,1.0,872
GIG_4273,ride_hailing,pune,car,27389.72,0.1708,-0.079,0.00369,0.169,0.4529,114.0,0.6041,33,0.2577,2.84,-0.037,1.0,473
GIG_4274,home_services,delhi,car,11480.39,0.2028,0.0,-0.00047,0.2452,0.3888,93.0,0.7809,42,0.3616,3.58,-0.251,1.0,567
GIG_4275,food_delivery,bengaluru,bike,49671.15,0.3414,0.0966,0.01518,0.4588,1.2272,138.0,0.8783,37,0.3803,4.13,0.261,1.0,827
GIG_4276,courier,mumbai,bike,51039.15,0.1919,-0.0266,0.00284,0.2486,0.346,120.0,0.731,42,0.2578,3.19,0.191,1.0,671
GIG_4277,courier,delhi,bike,20507.49,0.2495,-0.0125,-0.00674,0.3914,0.6701,90.0,0.8167,28,0.2609,3.32,-0.342,1.0,585
GIG_4278,home_services,bengaluru,car,26240.13,0.2645,0.0216,-0.0045,0.4368,0.5665,124.0,1.0,28,0.2793,3.67,-0.039,1.0,592
GIG_4279,ride_hailing,hyderabad,car,30464.84,0.1871,-0.0531,0.00429,0.4452,0.4144,116.0,0.8052,27,0.3065,3.42,0.231,1.0,646
GIG_4280,courier,hyderabad,bike,45897.16,0.2647,0.0259,-0.00728,0.3575,0.5489,107.0,0.7172,23,0.2456,4.05,-0.428,1.0,341
GIG_4281,ride_hailing,mumbai,car,25197.83,0.262,0.01,-0.00365,0.248,0.2736,79.0,0.7647,31,0.3272,3.77,0.028,1.0,487
GIG_4282,home_services,pune,none,18636.54,0.154,-0.082,0.00175,0.1681,0.6159,94.0,,16,0.2371,2.7,-0.01,0.6667,531
GIG_4283,home_services,pune,car,23454.21,0.1791,-0.0515,-0.00437,0.6429,0.2565,77.0,0.6893,24,0.2402,3.65,-0.087,1.0,590
GIG_4284,food_delivery,pune,bike,28530.33,0.1675,-0.0956,0.00232,0.5992,0.3912,64.0,0.5854,23,0.1435,2.64,0.025,1.0,568
GIG_4285,food_delivery,hyderabad,scooter,46870.75,0.2368,-0.02555,-0.00276,0.4809,1.1386,135.0,0.7668,37,0.3178,3.74,-0.057,1.0,806
GIG_4286,home_services,hyderabad,car,16283.09,0.2681,0.0327,0.01095,0.1946,0.8173,89.0,0.715,27,0.2297,3.38,0.555,1.0,642
GIG_4287,home_services,mumbai,none,32805.66,0.2695,0.0297,6e-05,0.2774,0.469,131.0,0.9254,34,0.3576,3.59,0.034,1.0,559
GIG_4288,home_services,delhi,none,23972.23,0.2466,0.005,0.00493,0.2213,0.3994,79.0,0.5,13,0.1482,2.53,0.09,1.0,555
GIG_4289,food_delivery,pune,car,17686.17,0.2769,0.0016,0.00084,0.2929,0.4552,90.0,0.6552,22,0.2627,3.48,0.031,1.0,583
GIG_4290,food_delivery,pune,scooter,45997.42,0.2599,-0.0027,0.00068,0.2626,0.8111,103.0,0.8268,27,0.2644,3.37,-0.037,1.0,513
GIG_4291,ride_hailing,bengaluru,car,12304.6,0.3068,0.0503,0.00835,0.2154,0.5429,79.0,0.6615,41,0.3026,3.36,0.061,1.0,584
GIG_4292,food_delivery,delhi,scooter,12317.72,0.2721,0.0045,0.00295,0.3253,0.9875,78.0,0.7855,24,0.2792,3.97,0.114,1.0,636
GIG_4293,ride_hailing,hyderabad,car,13826.76,0.2052,-0.035,-0.00193,0.4954,0.6929,55.0,0.9111,18,0.2383,3.88,0.052,1.0,561
GIG_4294,ride_hailing,bengaluru,car,17460.16,0.2397,-0.0168,-0.00757,0.4106,0.7971,62.0,0.7813,35,0.3071,3.45,-0.203,1.0,448
GIG_4295,ride_hailing,mumbai,car,40260.67,0.3743,0.1223,-0.00806,0.2182,0.9908,85.0,0.6017,16,0.2312,3.07,-0.235,1.0,337
GIG_4296,ride_hailing,hyderabad,car,49017.01,0.1872,-0.053,0.00334,0.4511,1.0664,132.0,0.7379,33,0.3029,3.95,0.037,1.0,695
GIG_4297,food_delivery,delhi,bike,14758.75,0.2414,-0.02015,0.00902,0.5431,1.1553,98.0,,25,0.2913,4.22,0.002,0.6667,701
GIG_4298,food_delivery,bengaluru,bike,20596.17,0.196,-0.0488,0.00285,0.4725,0.6448,90.0,,22,0.2611,3.6,-0.085,0.6667,636
GIG_4299,ride_hailing,hyderabad,car,35485.02,0.3236,0.0834,-0.01355,0.2955,0.8431,124.0,0.703,37,0.3003,3.77,-0.379,1.0,320
GIG_4300,food_delivery,pune,scooter,39797.43,0.3055,0.0429,0.00279,0.1191,0.7416,123.0,0.8976,27,0.2625,2.93,0.177,1.0,576
GIG_4301,home_services,mumbai,none,44294.32,0.2385,-0.0013,-0.00094,0.233,0.8111,102.0,0.867,19,0.2818,3.09,0.167,1.0,617
GIG_4302,ride_hailing,hyderabad,car,17804.32,0.3182,0.078,-0.01329,0.1491,0.8987,82.0,0.6891,15,0.2208,2.96,-0.431,1.0,300
GIG_4303,food_delivery,mumbai,bike,36324.57,0.1832,-0.0689,-0.00051,0.4019,0.5424,133.0,0.6686,40,0.3043,3.85,-0.027,1.0,599
GIG_4304,food_delivery,hyderabad,bike,27202.91,0.298,0.0275,0.00059,0.128,0.6342,105.0,0.8222,35,0.3035,3.41,0.034,1.0,545
GIG_4305,home_services,delhi,car,14464.15,0.2854,0.0826,0.00322,0.2068,0.4687,89.0,0.6775,34,0.266,3.27,0.32,1.0,585
GIG_4306,food_delivery,delhi,bike,47444.06,0.3117,0.05015,0.01485,0.2475,0.4561,121.0,0.5441,28,0.2079,3.18,0.544,1.0,666
GIG_4307,food_delivery,bengaluru,scooter,15326.81,0.3026,0.0398,-0.00756,0.1697,0.6401,84.0,0.9511,20,0.2317,3.15,-0.036,1.0,453
GIG_4308,ride_hailing,hyderabad,car,31426.1,0.2298,-0.0104,0.00032,0.2834,0.598,122.0,0.778,34,0.3285,4.21,0.136,1.0,663
GIG_4309,courier,delhi,bike,29125.52,0.2011,-0.0609,0.00091,0.2144,0.8744,113.0,0.6563,34,0.2555,3.4,-0.11,1.0,512
GIG_4310,food_delivery,delhi,scooter,17528.9,0.284,0.0164,0.00953,0.5383,0.6007,77.0,,18,0.2601,3.09,0.386,0.6667,685
GIG_4311,ride_hailing,pune,car,19489.65,0.2659,0.0161,-0.01328,0.1472,0.7041,82.0,0.5,18,0.1898,2.96,-0.431,1.0,314
GIG_4312,home_services,mumbai,none,21178.55,0.2451,0.0053,-0.00256,0.3138,0.2728,98.0,0.7748,25,0.304,3.9,-0.092,1.0,586
GIG_4313,ride_hailing,mumbai,car,35866.15,0.2339,-0.0181,0.00138,0.4758,0.4979,103.0,0.8742,20,0.2892,3.71,0.052,1.0,479
GIG_4314,home_services,pune,none,23519.78,0.3613,0.1253,-0.0216,0.2593,0.6214,92.0,0.712,22,0.2122,2.94,-0.42,1.0,325
GIG_4315,food_delivery,bengaluru,scooter,47155.77,0.3108,0.048,-0.01039,0.1232,0.6052,127.0,0.7052,17,0.2203,2.81,-0.143,1.0,370
GIG_4316,ride_hailing,hyderabad,car,23458.86,0.3041,0.0639,-0.00378,0.2432,0.8475,,0.6856,30,0.2559,3.57,-0.039,0.6667,526
GIG_4317,ride_hailing,hyderabad,car,10782.08,0.4405,0.2003,-0.0154,0.0918,0.6219,87.0,1.0,20,0.2389,2.93,-0.58,1.0,361
GIG_4318,home_services,pune,none,36610.67,0.2723,0.0363,-0.00644,0.2801,0.6776,102.0,0.6228,25,0.2693,3.23,-0.318,1.0,355
GIG_4319,food_delivery,delhi,bike,13649.33,0.3224,0.06085,-0.00868,0.2398,0.8081,58.0,0.6754,12,0.2005,2.48,-0.28,1.0,300
GIG_4320,food_delivery,pune,scooter,37402.46,0.2979,0.0353,-0.01301,0.3463,0.5483,126.0,0.6446,29,0.2809,3.55,-0.327,1.0,358
GIG_4321,courier,hyderabad,scooter,23311.36,0.174,-0.06085,0.00495,0.6308,0.5764,65.0,0.7357,8,0.1881,3.13,0.345,1.0,789
GIG_4322,courier,hyderabad,scooter,33759.87,0.1621,-0.07275,-0.00028,0.523,0.7644,110.0,0.6978,20,0.2282,3.56,-0.205,1.0,417
GIG_4323,food_delivery,pune,bike,18770.98,0.3908,0.1277,-0.0197,0.1884,0.4592,53.0,,23,0.073,2.8,-0.666,0.6667,300
GIG_4324,courier,delhi,bike,41807.74,0.262,0.0,-0.01397,0.5929,0.6581,108.0,,24,0.2901,3.93,-0.55,0.6667,572
GIG_4325,ride_hailing,delhi,bike,23266.58,0.2411,-0.0012,0.00431,0.3772,0.7589,,0.7155,30,0.2008,3.58,0.091,0.6667,540
GIG_4326,home_services,delhi,none,29549.9,0.2394,-0.0022,0.00623,0.231,0.4462,65.0,0.6149,15,0.0969,2.7,0.143,1.0,452
GIG_4327,courier,mumbai,scooter,34857.48,0.2247,-0.0086,0.00908,0.2352,0.3561,130.0,0.8097,30,0.2972,4.27,0.329,1.0,657
GIG_4328,home_services,mumbai,bike,30512.34,0.1427,-0.0756,-0.00315,0.6318,0.7821,129.0,0.8796,31,0.3445,4.12,0.023,1.0,618
GIG_4329,food_delivery,bengaluru,scooter,13267.51,0.2044,-0.0584,-0.00102,0.4578,0.429,80.0,0.5907,30,0.2351,3.22,-0.142,1.0,580
GIG_4330,courier,hyderabad,scooter,29400.71,0.228,-0.00685,0.01028,0.3383,0.2736,116.0,,40,0.3096,3.82,0.134,0.6667,702
GIG_4331,home_services,mumbai,none,17321.08,0.2367,-0.0031,-0.01276,0.4636,0.8651,60.0,0.6684,5,0.1882,3.05,-0.453,1.0,429
GIG_4332,food_delivery,pune,car,29283.73,0.2693,-0.006,-0.0047,0.306,0.6422,101.0,0.9285,31,0.257,3.91,-0.403,1.0,488
GIG_4333,food_delivery,mumbai,bike,14744.68,0.1908,-0.0613,-5e-05,0.1439,0.8365,70.0,0.9224,20,0.2426,2.52,-0.098,1.0,525
GIG_4334,home_services,mumbai,car,46559.18,0.218,-0.0105,-0.00077,0.2008,0.5954,103.0,0.9127,17,0.2121,3.67,0.016,1.0,541
GIG_4335,ride_hailing,pune,car,15543.23,0.2749,0.0251,0.01455,0.4568,0.8689,93.0,0.9254,25,0.3334,4.16,0.491,1.0,839
GIG_4336,home_services,bengaluru,none,33397.27,0.2761,0.04675,0.00156,0.1125,0.8393,96.0,0.8538,31,0.2764,3.41,0.174,1.0,397
GIG_4337,courier,mumbai,car,18175.73,0.2596,0.0428,0.01213,0.4103,0.6645,100.0,0.6708,24,0.3192,4.03,0.509,1.0,758
GIG_4338,food_delivery,delhi,bike,41934.41,0.2644,0.00285,0.00393,0.2889,1.0265,125.0,0.6174,39,0.2842,3.33,0.046,1.0,615
GIG_4339,ride_hailing,bengaluru,car,19512.1,0.2185,-0.038,0.00772,0.4829,0.8734,81.0,0.6552,21,0.2131,3.54,0.145,1.0,658
GIG_4340,home_services,mumbai,none,47115.65,0.3523,0.1125,-0.01915,0.1849,0.6714,106.0,,25,0.1981,3.1,-0.411,0.6667,367
GIG_4341,ride_hailing,pune,car,47933.31,0.2359,-0.0139,-0.00047,0.2361,0.317,102.0,0.8049,8,0.1945,3.12,-0.013,1.0,489
GIG_4342,food_delivery,hyderabad,bike,35167.66,0.292,0.0215,0.00944,0.2846,0.7195,123.0,0.8924,21,0.2496,3.37,0.164,1.0,605
GIG_4343,ride_hailing,delhi,car,39347.54,0.1763,-0.0639,-0.00142,0.5468,0.3649,145.0,0.5727,32,0.3345,4.25,-0.214,1.0,623
GIG_4344,food_delivery,pune,scooter,18795.22,0.2623,-0.0003,0.0096,0.495,0.4694,,0.8124,19,0.2056,3.04,0.464,0.6667,666
GIG_4345,ride_hailing,mumbai,car,49669.68,0.1315,-0.1205,0.00392,0.6456,0.2685,113.0,0.6526,22,0.2279,3.02,0.091,1.0,601
GIG_4346,food_delivery,hyderabad,scooter,19685.17,0.4338,0.17145,0.01172,0.17,0.8508,66.0,0.8106,9,0.1759,2.56,0.503,1.0,564
GIG_4347,ride_hailing,hyderabad,car,15088.63,0.2341,-0.0061,-0.00175,0.2902,0.1962,90.0,0.9763,19,0.2567,3.73,-0.057,1.0,557
GIG_4348,food_delivery,mumbai,bike,36944.05,0.3413,0.0892,0.00388,0.3345,0.9882,113.0,0.7832,24,0.2744,3.66,-0.052,1.0,558
GIG_4349,food_delivery,hyderabad,car,46998.84,0.2335,-0.03205,-0.00884,0.3283,0.3637,,0.8971,27,0.2137,3.43,-0.265,0.6667,511
GIG_4350,courier,pune,bike,25182.95,0.1949,-0.0377,0.00175,0.5181,1.0616,99.0,0.6423,29,0.2639,3.45,0.054,1.0,597
GIG_4351,ride_hailing,pune,bike,33622.68,0.2352,-0.00035,0.00085,0.3962,0.6129,88.0,0.5,20,0.2037,3.16,-0.009,1.0,429
GIG_4352,ride_hailing,mumbai,car,42573.88,0.2327,-0.0193,9e-05,0.4007,0.9868,110.0,,28,0.2579,,,0.3333,482
GIG_4353,food_delivery,bengaluru,scooter,45942.3,0.2174,-0.0454,-0.00556,0.4491,0.4588,109.0,,38,0.2862,3.48,0.018,0.6667,417
GIG_4354,food_delivery,bengaluru,scooter,49528.0,0.2141,-0.0487,-0.00078,0.371,0.4356,113.0,0.7795,22,0.246,3.51,0.007,1.0,583
GIG_4355,ride_hailing,bengaluru,car,47978.3,0.2968,0.0403,-0.01324,0.3582,0.3981,136.0,,32,0.2942,4.02,-0.517,0.6667,381
GIG_4356,food_delivery,mumbai,bike,17004.53,0.1701,-0.082,-0.00169,0.6357,0.3522,103.0,0.636,42,0.2908,4.18,-0.079,1.0,622
GIG_4357,courier,delhi,scooter,50027.44,0.2119,-0.03955,0.00375,0.4796,0.6552,138.0,0.6034,47,0.3364,4.05,0.207,1.0,613
GIG_4358,courier,hyderabad,scooter,35499.6,0.339,0.10415,-0.01531,0.1781,0.2351,105.0,0.7698,18,0.158,2.83,-0.374,1.0,408
GIG_4359,home_services,hyderabad,none,40858.49,0.3103,0.0738,0.0149,0.1881,0.2797,95.0,,12,0.1626,2.43,0.526,0.6667,543
GIG_4360,ride_hailing,mumbai,car,33761.27,0.2553,0.0033,0.00052,0.2268,1.0965,66.0,0.5621,8,0.1235,2.18,0.18,1.0,413
GIG_4361,food_delivery,mumbai,bike,14796.14,0.2963,0.0442,-0.00386,0.2168,0.6801,,0.7012,34,0.2991,3.85,0.247,0.6667,624
GIG_4362,food_delivery,pune,bike,53181.19,0.2019,-0.0612,0.0002,0.5924,0.3949,,0.782,28,0.2652,4.25,-0.049,0.6667,663
GIG_4363,courier,hyderabad,scooter,52808.14,0.1559,-0.07895,-0.00305,0.5304,0.4943,103.0,0.8215,28,0.2839,4.08,-0.117,1.0,680
GIG_4364,food_delivery,pune,scooter,20575.86,0.2468,-0.0158,0.0109,0.4412,0.622,77.0,,21,0.2633,3.17,0.453,0.6667,673
GIG_4365,ride_hailing,delhi,car,34492.44,0.2496,0.0094,0.014,0.6148,0.3351,102.0,,36,0.2784,,,0.3333,828
GIG_4366,food_delivery,mumbai,bike,44632.58,0.1941,-0.058,-0.00013,0.2849,0.4342,103.0,0.7081,15,0.1819,2.76,-0.064,1.0,479
GIG_4367,food_delivery,pune,bike,31064.65,0.3476,0.0845,0.00804,0.2114,0.4854,83.0,0.6054,17,0.2365,3.16,0.078,1.0,561
GIG_4368,courier,hyderabad,scooter,43669.86,0.1721,-0.06275,0.00062,0.3237,0.7196,138.0,0.8055,39,0.2905,3.35,-0.063,1.0,448
GIG_4369,home_services,pune,bike,50043.2,0.291,0.0565,-0.01181,0.2399,0.8509,114.0,0.7534,24,0.3046,3.66,-0.475,1.0,440
GIG_4370,ride_hailing,bengaluru,car,49338.36,0.2814,0.0249,-6e-05,0.1217,0.7551,120.0,0.7944,21,0.2175,2.63,0.097,1.0,401
GIG_4371,food_delivery,pune,scooter,42447.69,0.1955,-0.0671,-0.00259,0.5978,0.4969,,,27,0.26,4.02,-0.001,0.3333,580
GIG_4372,home_services,hyderabad,none,43483.58,0.2244,-0.0121,0.00953,0.3962,0.4236,89.0,0.8889,9,0.1882,2.94,0.384,1.0,811
GIG_4373,food_delivery,bengaluru,scooter,16599.36,0.2704,0.0076,0.00379,0.4647,0.6216,70.0,0.9202,21,0.2606,3.95,0.052,1.0,695
GIG_4374,courier,bengaluru,scooter,28264.54,0.1674,-0.0641,-0.0013,0.5102,0.6043,81.0,0.9106,14,0.2239,3.38,-0.057,1.0,668
GIG_4375,home_services,pune,car,27075.14,0.1593,-0.0713,-0.00056,0.4912,0.4955,118.0,0.8326,38,0.2915,3.72,-0.156,1.0,528
GIG_4376,ride_hailing,delhi,car,25507.33,0.1683,-0.0719,0.00039,0.4406,0.6061,94.0,0.7161,17,0.2059,2.96,-0.17,1.0,421
GIG_4377,home_services,mumbai,car,30318.35,0.2117,-0.0168,-0.00077,0.3093,1.0052,,0.8275,19,0.2161,3.64,0.016,0.6667,633
GIG_4378,food_delivery,delhi,bike,39485.35,0.2953,0.03375,0.00152,0.1534,0.3693,97.0,0.5085,11,0.1569,2.67,0.046,1.0,362
GIG_4379,food_delivery,bengaluru,scooter,36241.46,0.2164,-0.0464,0.0053,0.6845,0.6656,,0.8122,18,0.2529,3.66,0.275,0.6667,796
GIG_4380,home_services,delhi,car,48149.71,0.1747,-0.0281,0.00244,0.3895,0.5918,115.0,0.986,25,0.2669,3.71,0.042,1.0,601
GIG_4381,food_delivery,bengaluru,scooter,37476.85,0.384,0.1212,-0.01851,0.3041,0.594,102.0,0.6217,21,0.2668,3.26,-0.461,1.0,460
GIG_4382,courier,mumbai,scooter,33664.91,0.2829,0.0496,0.01484,0.4144,0.5567,96.0,,5,0.1863,2.56,0.433,0.6667,696
GIG_4383,food_delivery,mumbai,scooter,24536.1,0.3906,0.1296,-0.02057,0.2346,0.6701,88.0,0.5546,17,0.2172,3.16,-0.367,1.0,356
GIG_4384,courier,bengaluru,bike,25493.4,0.2269,-0.0145,-0.00275,0.2217,0.3637,100.0,0.8628,35,0.3192,3.83,0.097,1.0,658
GIG_4385,ride_hailing,hyderabad,car,15678.97,0.179,-0.0612,0.00062,0.2956,0.8978,84.0,0.5635,21,0.2299,3.28,0.022,1.0,544
GIG_4386,ride_hailing,bengaluru,car,27458.06,0.2297,-0.0268,-0.00043,0.4224,0.6809,90.0,0.8062,18,0.2536,3.53,0.112,1.0,610
GIG_4387,ride_hailing,bengaluru,car,11136.95,0.3084,0.0519,0.00926,0.1111,0.8831,81.0,0.7282,18,0.2144,3.23,0.096,1.0,430
GIG_4388,courier,hyderabad,bike,24747.1,0.1636,-0.0752,-0.00021,0.5157,0.4374,86.0,0.7736,21,0.2347,3.66,-0.081,1.0,572
GIG_4389,food_delivery,delhi,bike,12502.76,0.2983,0.03675,0.00958,0.1964,0.807,69.0,,26,0.211,3.15,0.407,0.6667,540
GIG_4390,courier,delhi,scooter,29052.58,0.2871,0.03565,0.00221,0.3149,0.6155,85.0,0.8398,33,0.2145,3.65,-0.076,1.0,651
GIG_4391,courier,bengaluru,bike,12999.5,0.1814,-0.06,0.00081,0.3296,0.3508,82.0,0.8877,14,0.2097,3.12,-0.221,1.0,489
GIG_4392,courier,mumbai,scooter,49143.46,0.179,-0.0543,-0.00096,0.579,0.6194,95.0,0.5677,27,0.2113,3.8,-0.04,1.0,587
GIG_4393,ride_hailing,delhi,car,11237.32,0.2082,-0.032,0.00198,0.5043,0.4676,,0.8176,25,0.2362,3.8,-0.012,0.6667,633
GIG_4394,courier,bengaluru,scooter,45374.84,0.2245,-0.007,-0.00569,0.4248,0.543,97.0,0.9397,17,0.2615,3.63,-0.184,1.0,580
GIG_4395,ride_hailing,bengaluru,car,42648.53,0.281,0.0245,0.01069,0.2631,0.7541,123.0,,24,0.2274,3.18,0.496,0.6667,502
GIG_4396,food_delivery,bengaluru,bike,43880.35,0.2692,0.0244,-0.00649,0.4226,0.5391,113.0,0.9111,29,0.3174,4.25,-0.263,1.0,582
GIG_4397,food_delivery,delhi,scooter,21047.64,0.1956,-0.072,0.00125,0.4401,0.5479,90.0,0.6234,27,0.2463,3.73,-0.095,1.0,613
GIG_4398,food_delivery,pune,bike,15509.99,0.1926,-0.0705,0.00131,0.64,0.9757,60.0,0.7768,23,0.1885,3.06,0.036,1.0,539
GIG_4399,food_delivery,bengaluru,bike,21459.03,0.1474,-0.0974,-0.00117,0.6466,0.367,94.0,0.6737,32,0.294,3.78,0.033,1.0,564
GIG_4400,courier,bengaluru,scooter,13073.41,0.2883,0.0568,0.00731,0.2603,0.6426,49.0,0.6249,18,0.183,3.32,0.185,1.0,485
GIG_4401,food_delivery,bengaluru,bike,21532.94,0.2618,0.017,0.00899,0.4148,0.4658,105.0,0.8039,33,0.3117,3.87,0.183,1.0,625
GIG_4402,food_delivery,delhi,bike,38350.79,0.1847,-0.07685,0.00039,0.7109,0.4559,134.0,0.7204,39,0.3152,4.46,0.047,1.0,694
GIG_4403,home_services,hyderabad,none,46998.38,0.1342,-0.1023,0.00031,0.6551,0.3408,132.0,0.8998,27,0.3341,4.34,0.095,1.0,814
GIG_4404,courier,pune,scooter,28248.32,0.2472,0.01585,0.01125,0.4038,0.2983,119.0,0.8501,26,0.3238,3.89,0.375,1.0,807
GIG_4405,courier,delhi,bike,11402.7,0.1773,-0.0847,-1e-05,0.5282,1.0705,83.0,0.5942,20,0.2279,3.05,-0.069,1.0,555
GIG_4406,food_delivery,mumbai,scooter,25625.45,0.2142,-0.0468,0.00341,0.3411,0.5455,94.0,0.899,31,0.2891,3.45,0.12,1.0,557
GIG_4407,food_delivery,delhi,scooter,33742.62,0.2259,-0.0417,0.00101,0.2324,0.3844,139.0,0.8704,46,0.3614,3.83,0.036,1.0,578
GIG_4408,ride_hailing,delhi,scooter,25606.31,0.2805,0.0207,0.01036,0.4173,0.6178,124.0,0.7555,31,0.3,4.01,0.396,1.0,725
GIG_4409,ride_hailing,delhi,car,44412.97,0.1885,-0.0517,0.00458,0.5221,0.5316,90.0,0.8504,14,0.2026,3.53,-0.202,1.0,632
GIG_4410,food_delivery,delhi,car,14253.94,0.2192,-0.0739,0.00603,0.5646,0.6062,63.0,,20,0.2328,3.65,0.24,0.6667,614
GIG_4411,home_services,mumbai,car,39850.16,0.2153,-0.0132,-0.00083,0.4306,1.0316,111.0,0.7747,18,0.2509,3.91,-0.105,1.0,691
GIG_4412,ride_hailing,pune,car,39782.73,0.217,-0.0328,0.00208,0.3653,0.4148,137.0,0.7365,29,0.2613,3.73,0.038,1.0,665
GIG_4413,courier,hyderabad,scooter,28805.13,0.2792,0.04435,0.01522,0.3588,0.9731,75.0,0.7804,8,0.14,3.07,0.535,1.0,590
GIG_4414,food_delivery,bengaluru,bike,39748.81,0.217,-0.0278,0.00334,0.3928,0.9085,141.0,0.8073,33,0.3268,3.89,0.04,1.0,707
GIG_4415,food_delivery,hyderabad,bike,29806.78,0.2818,0.0113,0.00442,0.3422,0.8626,88.0,0.7053,17,0.2095,3.69,0.03,1.0,539
GIG_4416,courier,delhi,bike,33373.55,0.3765,0.1145,0.01539,0.1616,0.59,106.0,,31,0.1998,3.47,0.36,0.6667,720
GIG_4417,ride_hailing,delhi,bike,30269.52,0.3088,0.0665,-0.01887,0.5256,0.4213,144.0,0.8195,40,0.3837,4.25,-0.521,1.0,575
GIG_4418,food_delivery,hyderabad,bike,11187.47,0.2139,-0.0566,0.00738,0.6616,0.6114,73.0,0.57,26,0.2688,3.69,0.43,1.0,752
GIG_4419,home_services,hyderabad,none,14937.43,0.2063,-0.0302,-0.00221,0.3794,0.9532,82.0,0.6551,27,0.2449,3.2,0.134,1.0,619
GIG_4420,food_delivery,pune,scooter,45136.98,0.2729,0.0103,-0.0121,0.3229,0.7138,108.0,,23,0.2476,3.71,-0.257,0.6667,394
GIG_4421,home_services,pune,none,42374.35,0.1986,-0.0374,-0.00204,0.2043,0.6383,97.0,0.6541,16,0.2181,,,0.6667,470
GIG_4422,food_delivery,mumbai,scooter,42851.01,0.1866,-0.0744,0.00239,0.1559,0.6008,104.0,0.8101,16,0.2249,3.16,-0.022,1.0,512
GIG_4423,courier,pune,scooter,43624.42,0.2651,0.03375,-0.01069,0.469,1.3839,118.0,0.531,29,0.2994,3.36,-0.381,1.0,368
GIG_4424,courier,delhi,car,46831.2,0.2797,0.05425,-0.00105,0.1061,0.3311,106.0,0.7399,20,0.217,2.84,-0.172,1.0,479
GIG_4425,food_delivery,bengaluru,bike,17651.0,0.3328,0.088,0.00595,0.2843,0.9707,76.0,0.8445,12,0.2398,3.11,0.29,1.0,638
GIG_4426,home_services,mumbai,none,34913.18,0.3306,0.0908,-0.00137,0.2566,0.3126,97.0,0.5723,30,0.2352,2.96,-0.03,1.0,531
GIG_4427,home_services,pune,bike,39066.97,0.2628,0.0283,-0.01232,0.5763,0.6219,126.0,,20,0.2448,3.07,-0.519,0.6667,399
GIG_4428,food_delivery,bengaluru,bike,29857.2,0.2961,0.0513,-0.00436,0.2261,0.806,83.0,0.8187,16,0.1811,2.96,0.146,1.0,420
GIG_4429,home_services,mumbai,car,50803.33,0.26,0.0315,-0.01159,0.5938,0.6544,,0.7681,27,0.2517,3.51,-0.375,0.6667,492
GIG_4430,food_delivery,mumbai,bike,43554.52,0.2733,0.0212,-0.00017,0.1739,0.6371,88.0,,6,0.2033,3.25,0.067,0.6667,601
GIG_4431,ride_hailing,delhi,car,39218.61,0.3151,0.0749,0.00783,0.0905,0.9864,122.0,0.7829,23,0.2779,2.85,0.367,1.0,651
GIG_4432,courier,hyderabad,car,39673.18,0.2437,0.0122,0.00358,0.3561,1.17,122.0,0.9961,38,0.2527,4.3,0.171,1.0,527
GIG_4433,home_services,hyderabad,none,13777.79,0.2128,-0.0237,0.00858,0.4329,0.3796,64.0,0.6136,27,0.2537,3.04,0.516,1.0,709
GIG_4434,home_services,pune,none,42596.03,0.3304,0.0944,-0.01347,0.5003,0.7224,129.0,0.818,24,0.2619,3.82,-0.592,1.0,442
GIG_4435,ride_hailing,bengaluru,car,26709.36,0.3312,0.0747,0.00311,0.0904,0.8034,105.0,0.688,33,0.2961,,,0.6667,645
GIG_4436,food_delivery,delhi,scooter,49157.39,0.2884,0.0208,0.01256,0.3477,0.4726,124.0,0.8148,34,0.3186,3.66,0.362,1.0,654
GIG_4437,food_delivery,pune,scooter,53516.69,0.3,0.0374,-0.0048,0.2204,0.252,127.0,,22,0.1889,3.04,-0.074,0.6667,542
GIG_4438,home_services,bengaluru,bike,23335.67,0.2089,-0.0264,-0.0016,0.5092,0.6745,90.0,0.6923,18,0.2269,3.62,0.058,1.0,557
GIG_4439,ride_hailing,delhi,car,33347.96,0.1563,-0.0839,0.00051,0.7039,0.5792,,,18,0.2148,3.48,0.036,0.3333,495
GIG_4440,ride_hailing,delhi,bike,21288.69,0.1944,-0.0479,0.00013,0.4522,0.8563,71.0,0.7894,25,0.2515,3.38,-0.003,1.0,452
GIG_4441,food_delivery,bengaluru,bike,13261.64,0.1978,-0.047,-0.00025,0.613,1.285,92.0,0.7271,26,0.2317,4.11,-0.175,1.0,693
GIG_4442,ride_hailing,pune,car,35827.4,0.1867,-0.0631,0.00162,0.5392,0.606,127.0,0.8335,22,0.2429,3.84,0.093,1.0,598
GIG_4443,courier,delhi,bike,44320.09,0.3424,0.0804,-0.01329,0.161,0.6512,,0.6153,29,0.2972,3.3,-0.286,0.6667,362
GIG_4444,food_delivery,hyderabad,scooter,45467.81,0.2841,0.02175,-0.00989,0.276,0.4595,140.0,0.8298,31,0.3153,3.76,-0.32,1.0,444
GIG_4445,courier,pune,bike,52551.99,0.2326,0.0,-0.00605,0.2235,0.7626,92.0,0.5,25,0.1732,2.94,-0.139,1.0,300
GIG_4446,ride_hailing,delhi,car,51005.37,0.2335,-0.0067,-0.00065,0.238,0.6272,128.0,1.0,17,0.1951,3.3,-0.008,1.0,433
GIG_4447,ride_hailing,bengaluru,car,36860.17,0.1847,-0.0718,0.00413,0.5888,0.7881,102.0,0.5979,14,0.1878,3.46,0.277,1.0,741
GIG_4448,food_delivery,bengaluru,scooter,53135.37,0.2517,-0.0111,0.00056,0.276,0.2966,118.0,0.6531,29,0.2698,3.74,0.077,1.0,487
GIG_4449,home_services,pune,car,14525.47,0.2,-0.0306,0.00121,0.4269,0.5902,71.0,0.6502,25,0.2197,3.19,0.074,1.0,576
GIG_4450,ride_hailing,mumbai,car,14832.57,0.2965,0.0445,-0.00238,0.2419,0.7105,57.0,0.5,23,0.1824,2.69,-0.084,1.0,306
GIG_4451,food_delivery,bengaluru,scooter,42374.29,0.2533,-0.0095,-0.00026,0.3835,0.4884,,0.5583,33,0.2072,3.22,0.069,0.6667,539
GIG_4452,home_services,hyderabad,bike,24185.63,0.2303,0.0,0.00412,0.2242,0.5621,73.0,0.5,17,0.1688,2.92,-0.083,1.0,459
GIG_4453,home_services,pune,car,48162.42,0.3913,0.1607,0.00088,0.1784,0.3279,96.0,0.5,8,0.1132,1.92,-0.087,1.0,481
GIG_4454,food_delivery,bengaluru,scooter,17752.14,0.2033,-0.0595,0.00196,0.533,0.4288,107.0,,25,0.2797,3.32,-0.001,0.6667,725
GIG_4455,courier,pune,scooter,29704.9,0.3378,0.10645,-0.00924,0.259,0.7683,86.0,,8,0.1959,3.51,-0.459,0.6667,333
GIG_4456,food_delivery,pune,scooter,18174.76,0.2145,-0.0481,0.00361,0.3667,0.6799,50.0,,12,0.1976,3.08,0.007,0.6667,546
GIG_4457,courier,mumbai,car,18590.12,0.2978,0.081,0.01326,0.4823,0.5956,105.0,0.7894,31,0.3176,4.49,0.486,1.0,797
GIG_4458,ride_hailing,mumbai,car,43185.39,0.3129,0.0609,-0.0102,0.2161,1.3362,93.0,0.8248,8,0.1798,2.34,-0.432,1.0,413
GIG_4459,home_services,delhi,none,47686.09,0.377,0.1354,-0.02094,0.1896,0.6246,145.0,0.79,37,0.3203,3.98,-0.426,1.0,386
GIG_4460,home_services,pune,none,34046.08,0.3438,0.1078,-0.01226,0.2574,0.4393,101.0,,21,0.2262,2.45,-0.409,0.6667,354
GIG_4461,ride_hailing,mumbai,car,38129.66,0.2417,-0.0103,0.01239,0.6499,0.3958,80.0,0.6191,14,0.1753,3.39,0.26,1.0,722
GIG_4462,ride_hailing,mumbai,car,24375.89,0.3121,0.0601,-0.01291,0.3698,0.8643,114.0,0.7077,26,0.3025,3.61,-0.247,1.0,416
GIG_4463,home_services,mumbai,bike,26082.88,0.3048,0.0865,-0.00085,0.3589,1.0499,122.0,0.7158,41,0.3354,4.03,-0.032,1.0,600
GIG_4464,food_delivery,mumbai,bike,45083.85,0.1669,-0.0852,0.00075,0.5691,0.3881,111.0,0.9928,40,0.3636,4.72,-0.01,1.0,666
GIG_4465,food_delivery,pune,bike,28408.11,0.3243,0.0612,0.00893,0.1822,0.889,66.0,0.6091,8,0.1295,1.76,0.31,1.0,506
GIG_4466,ride_hailing,delhi,car,34323.58,0.2794,0.0392,-0.01302,0.4504,0.5098,129.0,0.8221,39,0.3447,3.83,-0.401,1.0,458
GIG_4467,home_services,mumbai,none,44712.07,0.1503,-0.0895,-0.0028,0.6076,0.5691,98.0,0.6273,27,0.2148,3.31,0.089,1.0,513
GIG_4468,food_delivery,bengaluru,bike,42801.69,0.2498,0.005,0.00267,0.5127,0.908,90.0,0.7605,11,0.1866,,,0.6667,422
GIG_4469,ride_hailing,mumbai,car,18685.31,0.2803,0.0283,0.00119,0.3158,0.4899,72.0,0.6793,32,0.2145,3.56,0.009,1.0,497
GIG_4470,courier,delhi,bike,35545.16,0.3393,0.0773,0.0054,0.1392,0.9709,135.0,0.5194,31,0.2759,3.12,0.15,1.0,454
GIG_4471,food_delivery,delhi,bike,45219.8,0.2351,-0.02645,0.00749,0.5845,0.6246,133.0,0.7607,33,0.297,3.92,0.41,1.0,702
GIG_4472,food_delivery,mumbai,car,46232.21,0.2256,-0.03075,-0.00084,0.4127,0.504,111.0,0.6437,20,0.1954,2.59,-0.134,1.0,520
GIG_4473,home_services,hyderabad,none,31720.78,0.2644,0.0279,0.01207,0.4404,0.5478,109.0,0.9058,25,0.2795,3.44,0.553,1.0,801
GIG_4474,food_delivery,pune,scooter,48045.08,0.1678,-0.0948,0.00249,0.5627,0.7088,104.0,0.7002,20,0.2069,3.27,-0.22,1.0,441
GIG_4475,food_delivery,mumbai,scooter,31347.27,0.2285,-0.0325,-0.00422,0.3218,0.4255,115.0,,36,0.2931,3.51,-0.08,0.6667,540
GIG_4476,courier,mumbai,scooter,17292.62,0.2637,0.0304,-0.01273,0.4659,0.6347,103.0,0.8183,36,0.3391,,,0.6667,591
GIG_4477,courier,pune,scooter,43573.83,0.2623,0.03095,0.00862,0.2788,0.7178,,0.6945,26,0.2358,3.12,0.402,0.6667,630
GIG_4478,home_services,delhi,none,13481.48,0.2301,-0.0115,0.00423,0.3357,0.5061,99.0,0.7311,26,0.3001,3.72,0.242,1.0,522
GIG_4479,courier,delhi,scooter,48423.4,0.2622,0.01075,-0.01285,0.3997,0.6196,88.0,,11,0.1667,2.67,-0.402,0.6667,405
GIG_4480,courier,pune,bike,31635.47,0.2381,0.0055,0.01146,0.3615,0.4394,97.0,,13,0.2322,3.23,0.455,0.6667,567
GIG_4481,courier,bengaluru,bike,28945.22,0.23,-0.0114,-0.00082,0.1624,0.7413,93.0,0.8975,31,0.2714,3.17,0.196,1.0,643
GIG_4482,food_delivery,pune,bike,15926.64,0.2262,-0.0369,0.00165,0.2846,0.7676,97.0,,35,0.2869,3.74,-0.023,0.6667,703
GIG_4483,food_delivery,hyderabad,scooter,13063.26,0.2639,0.00155,-0.00416,0.2701,0.761,50.0,0.7203,10,0.1954,2.8,0.146,1.0,517
GIG_4484,ride_hailing,mumbai,car,12405.01,0.1433,-0.1087,-0.00398,0.6194,0.3358,93.0,0.628,39,0.2328,3.43,0.001,1.0,522
GIG_4485,food_delivery,hyderabad,scooter,44868.84,0.1763,-0.08605,4e-05,0.6706,0.3975,104.0,0.8843,34,0.3193,3.74,0.111,1.0,557
GIG_4486,ride_hailing,mumbai,scooter,26599.08,0.1443,-0.0844,-0.00549,0.7254,0.51,,0.893,35,0.3095,3.71,-0.131,0.6667,594
GIG_4487,courier,pune,scooter,28105.91,0.2441,0.01275,-0.00658,0.3367,0.3752,90.0,0.8605,42,0.2644,3.91,-0.099,1.0,409
GIG_4488,ride_hailing,delhi,car,39006.89,0.2296,-0.0106,-0.01004,0.5219,0.4039,121.0,0.7293,33,0.3106,4.03,-0.323,1.0,505
GIG_4489,courier,hyderabad,scooter,11407.88,0.276,0.04115,0.00268,0.2538,0.9636,71.0,1.0,23,0.2345,2.88,0.18,1.0,575
GIG_4490,ride_hailing,delhi,car,26071.74,0.2589,0.0187,0.00837,0.2456,0.5334,52.0,0.6514,12,0.1703,2.39,0.345,1.0,519
GIG_4491,ride_hailing,mumbai,car,13897.19,0.3796,0.1276,-0.0157,0.2132,0.2573,67.0,,22,0.2259,3.25,-0.353,0.6667,399
GIG_4492,courier,hyderabad,bike,39813.45,0.2369,-0.0019,-0.00274,0.2542,0.5982,89.0,,15,0.2165,3.0,0.006,0.6667,607
GIG_4493,courier,hyderabad,scooter,42738.24,0.1821,-0.05275,0.00296,0.4357,0.4885,101.0,0.8163,28,0.2754,3.96,0.109,1.0,599
GIG_4494,food_delivery,mumbai,bike,15661.1,0.2485,-0.0036,-0.00012,0.3571,0.6089,76.0,0.6319,31,0.2268,3.54,0.006,1.0,528
GIG_4495,food_delivery,mumbai,bike,35620.8,0.1969,-0.0552,3e-05,0.4254,0.4527,118.0,0.7924,47,0.3334,4.15,-0.11,1.0,645
GIG_4496,home_services,delhi,none,44611.54,0.2278,-0.0138,0.00015,0.3063,0.3606,119.0,0.9325,21,0.1905,3.15,-0.07,1.0,621
GIG_4497,courier,mumbai,scooter,12745.06,0.232,-0.0013,0.00015,0.1275,0.9171,46.0,0.6722,15,0.1135,2.83,-0.022,1.0,391
GIG_4498,ride_hailing,bengaluru,car,24605.73,0.1986,-0.0579,0.00052,0.434,0.657,73.0,0.9055,19,0.3139,3.96,-0.224,1.0,701
GIG_4499,ride_hailing,bengaluru,car,26455.22,0.219,-0.0375,0.00417,0.3508,1.1644,73.0,0.5786,18,0.2554,3.27,0.046,1.0,585
GIG_4500,food_delivery,bengaluru,bike,13726.7,0.3002,0.0554,-0.00931,0.3788,0.5791,89.0,0.7387,32,0.3321,4.36,-0.361,1.0,483
GIG_4501,ride_hailing,mumbai,bike,48404.25,0.2717,0.01735,-0.0014,0.1827,0.5422,111.0,0.8847,32,0.2817,3.93,-0.075,1.0,514
GIG_4502,ride_hailing,pune,bike,28457.82,0.1853,-0.05025,0.00204,0.4946,0.4749,96.0,,31,0.2997,4.1,-0.014,0.6667,659
GIG_4503,food_delivery,delhi,bike,19286.07,0.2652,0.00365,-0.00168,0.2585,0.5477,122.0,0.6476,30,0.2436,3.59,0.044,1.0,550
GIG_4504,food_delivery,pune,scooter,41659.49,0.2628,0.0002,-0.00061,0.3902,0.6208,91.0,0.6531,24,0.2762,3.63,-0.033,1.0,523
GIG_4505,food_delivery,hyderabad,bike,47356.04,0.3392,0.0687,0.0064,0.2182,0.9477,118.0,0.8561,30,0.1872,3.47,0.039,1.0,527
GIG_4506,food_delivery,bengaluru,bike,38502.95,0.3303,0.0855,0.01604,0.343,0.7199,104.0,0.7914,20,0.2232,3.11,0.374,1.0,637
GIG_4507,courier,bengaluru,scooter,41966.19,0.2572,0.0257,0.00321,0.2451,0.4281,79.0,0.6658,17,0.2037,3.21,0.001,1.0,589
GIG_4508,home_services,bengaluru,none,25450.03,0.227,-0.00235,0.00582,0.3914,0.5359,125.0,0.9574,39,0.3893,4.38,0.241,1.0,848
GIG_4509,food_delivery,hyderabad,bike,48677.93,0.3668,0.0963,-0.01949,0.3851,0.952,,0.7991,8,0.1929,3.28,-0.484,0.6667,412
GIG_4510,ride_hailing,delhi,car,18580.72,0.358,0.1178,-0.02053,0.3474,0.9165,,0.7039,26,0.2706,3.5,-0.293,0.6667,443
GIG_4511,food_delivery,mumbai,bike,43045.31,0.275,0.0229,0.00411,0.312,0.6044,111.0,0.8319,39,0.2362,,,0.6667,602
GIG_4512,ride_hailing,pune,car,21489.12,0.242,-0.0078,0.00249,0.4137,1.0489,101.0,0.5526,43,0.2147,3.53,0.162,1.0,602
GIG_4513,food_delivery,delhi,scooter,45092.93,0.2161,-0.0515,0.00157,0.3586,0.9673,104.0,0.6876,31,0.2803,3.74,0.077,1.0,513
GIG_4514,food_delivery,mumbai,bike,32379.98,0.2506,-0.0015,0.01113,0.6058,0.5434,96.0,0.6163,23,0.1703,3.03,0.3,1.0,585
GIG_4515,ride_hailing,pune,scooter,37988.9,0.2952,0.0456,0.00861,0.2442,0.8563,81.0,0.8721,14,0.1821,2.8,0.35,1.0,642
GIG_4516,food_delivery,hyderabad,car,10416.39,0.2595,-0.00605,-0.00245,0.3229,0.8119,60.0,0.5,21,0.1538,2.58,-0.065,1.0,505
GIG_4517,home_services,bengaluru,none,23179.42,0.1833,-0.04605,-0.00054,0.3501,0.6676,70.0,,9,0.1762,3.44,-0.132,0.6667,369
GIG_4518,home_services,delhi,none,23945.27,0.3617,0.1201,-0.01973,0.3529,0.6187,99.0,0.7279,26,0.2874,3.64,-0.436,1.0,410
GIG_4519,courier,hyderabad,car,14009.64,0.1733,-0.0582,-0.00081,0.4069,0.4787,97.0,0.7663,28,0.2687,3.64,0.14,1.0,576
GIG_4520,ride_hailing,pune,car,50441.17,0.2875,0.0377,0.01196,0.1999,0.767,103.0,0.584,34,0.2509,2.96,0.218,1.0,561
GIG_4521,food_delivery,delhi,bike,53655.25,0.342,0.08045,0.01019,0.1856,0.6916,,0.8084,23,0.2232,2.73,0.338,0.6667,689
GIG_4522,food_delivery,hyderabad,bike,41747.96,0.2511,-0.0194,0.00132,0.146,0.55,90.0,0.5776,24,0.151,2.61,-0.226,1.0,450
GIG_4523,ride_hailing,pune,car,30468.66,0.3531,0.1033,0.00067,0.0953,0.4919,127.0,0.8959,35,0.3725,4.02,0.065,1.0,408
GIG_4524,food_delivery,delhi,scooter,12835.45,0.2785,0.0109,0.01407,0.5059,0.3476,97.0,0.6955,39,0.2945,4.09,0.602,1.0,866
GIG_4525,ride_hailing,pune,car,14812.59,0.2249,-0.0249,-0.00777,0.3997,0.5038,101.0,0.7147,25,0.3137,3.61,-0.331,1.0,622
GIG_4526,food_delivery,pune,bike,44215.37,0.2885,0.0254,-0.0087,0.437,0.8367,138.0,0.8378,33,0.3187,3.87,-0.196,1.0,531
GIG_4527,food_delivery,hyderabad,bike,26186.86,0.161,-0.1095,0.00082,0.6759,0.4998,84.0,0.6143,30,0.2037,2.81,0.127,1.0,462
GIG_4528,ride_hailing,pune,car,12781.15,0.146,-0.1038,0.00155,0.6101,0.4867,75.0,0.7051,17,0.2458,3.3,-0.061,1.0,642
GIG_4529,food_delivery,mumbai,scooter,15667.34,0.2999,0.0389,0.01312,0.3557,0.8639,95.0,0.9712,23,0.3153,3.85,0.423,1.0,783
GIG_4530,food_delivery,delhi,scooter,51847.1,0.2204,-0.0472,0.0017,0.4575,0.5577,110.0,0.8333,19,0.2265,3.95,0.024,1.0,564
GIG_4531,ride_hailing,bengaluru,car,46323.92,0.2522,-0.0043,0.00636,0.2513,0.6722,130.0,0.9381,39,0.2668,3.98,-0.032,1.0,638
GIG_4532,home_services,hyderabad,none,11028.22,0.2381,0.0016,-0.00498,0.2692,0.4047,109.0,0.8937,46,0.3216,,,0.6667,545
GIG_4533,food_delivery,pune,scooter,51953.78,0.2438,-0.0188,-0.00694,0.408,0.3721,137.0,0.7699,32,0.2896,3.09,-0.355,1.0,464
GIG_4534,ride_hailing,bengaluru,car,22373.65,0.3588,0.1023,-0.01774,0.1303,0.8759,72.0,,29,0.2642,3.03,-0.346,0.6667,476
GIG_4535,courier,pune,scooter,40256.57,0.3943,0.16295,0.01567,0.196,0.6348,101.0,0.6458,37,0.2797,2.95,0.574,1.0,582
GIG_4536,courier,hyderabad,bike,46358.28,0.206,-0.0328,0.00101,0.3313,0.5334,,0.7865,20,0.268,4.12,0.054,0.6667,635
GIG_4537,courier,hyderabad,scooter,11404.91,0.2006,-0.03425,0.0078,0.5421,0.5681,102.0,0.9874,37,0.2964,4.23,0.262,1.0,733
GIG_4538,ride_hailing,bengaluru,car,46752.93,0.1937,-0.0628,0.00281,0.3832,1.1457,108.0,0.6062,38,0.2643,3.08,0.074,1.0,565
GIG_4539,ride_hailing,hyderabad,bike,47552.04,0.2745,0.0476,-0.00071,0.1949,0.7054,129.0,0.8774,41,0.2953,4.0,0.158,1.0,616
GIG_4540,courier,hyderabad,scooter,34938.61,0.1956,-0.03925,0.00012,0.287,0.353,111.0,0.9675,27,0.2687,3.91,-0.121,1.0,592
GIG_4541,home_services,bengaluru,car,39731.89,0.2319,-0.011,0.00492,0.3635,0.5339,116.0,,30,0.3225,3.27,0.178,0.6667,522
GIG_4542,food_delivery,bengaluru,scooter,36722.83,0.223,-0.0398,0.00269,0.2915,0.507,110.0,0.5,31,0.2246,2.9,-0.11,1.0,398
GIG_4543,home_services,bengaluru,none,22341.35,0.2249,-0.00445,0.00966,0.3168,0.7349,88.0,0.7265,29,0.2252,3.57,0.515,1.0,685
GIG_4544,food_delivery,mumbai,bike,17768.33,0.3187,0.0666,-0.01715,0.5522,0.7874,75.0,0.6586,19,0.1988,3.31,-0.412,1.0,397
GIG_4545,courier,mumbai,bike,47393.38,0.278,0.0595,-0.00037,0.1452,0.4869,89.0,,11,0.1787,2.4,-0.025,0.6667,378
GIG_4546,food_delivery,mumbai,bike,34777.52,0.3296,0.0775,0.00629,0.3408,0.3632,117.0,0.9425,36,0.3096,3.71,0.68,1.0,759
GIG_4547,home_services,bengaluru,bike,23021.6,0.2659,0.0306,-0.00449,0.086,0.6897,,,18,0.2027,3.22,-0.35,0.3333,384
GIG_4548,ride_hailing,hyderabad,car,37901.17,0.1781,-0.0621,-0.00247,0.5089,0.5681,88.0,0.7812,27,0.232,3.62,-0.076,1.0,650
GIG_4549,home_services,pune,none,21244.06,0.336,0.1,0.01765,0.2814,0.9231,65.0,0.8137,17,0.1957,3.0,0.474,1.0,716
GIG_4550,ride_hailing,pune,car,26916.14,0.2161,-0.0337,7e-05,0.3132,0.938,98.0,0.7561,28,0.2714,3.72,0.135,1.0,639
GIG_4551,courier,delhi,bike,51545.73,0.1555,-0.1065,-6e-05,0.7476,0.3339,138.0,0.7103,46,0.3042,3.17,0.026,1.0,548
GIG_4552,food_delivery,bengaluru,scooter,14684.2,0.4674,0.2046,-0.02305,0.1548,0.3375,51.0,0.9124,16,0.2258,2.88,-0.323,1.0,342
GIG_4553,courier,mumbai,bike,12371.32,0.2757,0.0572,0.00542,0.1564,0.579,73.0,0.8231,15,0.2365,3.01,0.087,1.0,526
GIG_4554,food_delivery,hyderabad,scooter,35846.57,0.2662,0.00385,-0.00835,0.3947,0.2736,90.0,0.8405,20,0.2337,2.83,-0.248,1.0,473
GIG_4555,food_delivery,bengaluru,scooter,24845.52,0.3608,0.098,-0.01748,0.271,1.2983,86.0,0.9251,19,0.1974,3.68,-0.348,1.0,300
GIG_4556,food_delivery,delhi,scooter,33427.94,0.2323,-0.0353,-0.00549,0.5981,0.5874,,0.5926,19,0.2391,3.46,-0.213,0.6667,493
GIG_4557,food_delivery,delhi,scooter,30372.11,0.3063,0.0387,0.00534,0.139,1.3113,,0.6547,25,0.1748,2.55,-0.066,0.6667,394
GIG_4558,ride_hailing,hyderabad,scooter,11124.1,0.2639,0.0335,-0.00178,0.3419,0.5885,85.0,,33,0.2978,3.46,-0.104,0.6667,565
GIG_4559,courier,bengaluru,bike,35478.46,0.2399,-0.0015,0.00196,0.3442,1.3867,114.0,0.6603,39,0.2601,3.96,-0.032,1.0,418
GIG_4560,ride_hailing,mumbai,car,47063.56,0.2223,-0.0297,0.00402,0.2857,0.9111,122.0,0.6044,33,0.2626,3.78,-0.177,1.0,603
GIG_4561,ride_hailing,hyderabad,car,13894.22,0.1771,-0.0631,0.0052,0.3654,0.4434,61.0,0.642,11,0.1404,2.65,0.063,1.0,489
GIG_4562,food_delivery,delhi,scooter,15740.78,0.24,-0.0276,-0.00954,0.5945,0.7899,55.0,0.7119,16,0.1729,3.02,-0.36,1.0,343
GIG_4563,home_services,hyderabad,none,20318.04,0.1573,-0.0792,0.00095,0.4547,0.5654,117.0,0.6419,33,0.3487,3.54,0.176,1.0,660
GIG_4564,home_services,delhi,none,35117.32,0.2648,0.0232,-0.0163,0.461,0.3759,80.0,,26,0.2462,3.16,-0.602,0.6667,454
GIG_4565,food_delivery,bengaluru,scooter,16985.81,0.2602,-0.0026,0.00346,0.3989,0.7877,,,18,0.225,3.35,0.05,0.3333,644
GIG_4566,home_services,bengaluru,bike,36163.23,0.1769,-0.0584,-0.00248,0.2593,0.785,98.0,0.7028,17,0.1712,2.7,-0.112,1.0,459
GIG_4567,ride_hailing,bengaluru,car,11213.07,0.3893,0.1328,0.01758,0.2073,0.7858,68.0,0.8054,31,0.2428,3.47,0.312,1.0,653
GIG_4568,ride_hailing,mumbai,car,25413.71,0.1876,-0.0644,-0.00049,0.4798,0.6434,77.0,,21,0.201,3.37,0.053,0.6667,585
GIG_4569,food_delivery,bengaluru,bike,14554.91,0.2927,0.0479,-0.0128,0.6329,0.7929,88.0,0.7624,32,0.3262,3.72,-0.598,1.0,536
GIG_4570,food_delivery,hyderabad,scooter,22047.22,0.1961,-0.06625,-0.00134,0.5034,0.7285,,0.8176,41,0.3571,4.08,-0.072,0.6667,582
GIG_4571,food_delivery,hyderabad,bike,18828.23,0.2648,-0.0057,-0.00763,0.3495,0.8359,,0.6362,12,0.1683,3.01,-0.142,0.6667,427
GIG_4572,food_delivery,delhi,bike,26535.26,0.3085,0.04695,0.00362,0.2109,0.5771,80.0,0.761,31,0.3061,3.6,0.066,1.0,510
GIG_4573,food_delivery,pune,scooter,38127.71,0.2322,-0.0304,0.00197,0.5203,0.5156,81.0,0.6646,16,0.1636,3.4,0.098,1.0,620
GIG_4574,ride_hailing,hyderabad,car,50021.51,0.3313,0.0911,-0.01919,0.2771,0.3358,136.0,,28,0.3319,4.46,-0.553,0.6667,491
GIG_4575,food_delivery,hyderabad,scooter,17313.56,0.1687,-0.09365,-0.00307,0.2177,0.4833,87.0,0.7518,29,0.2546,2.74,0.018,1.0,504
GIG_4576,home_services,mumbai,none,15877.8,0.3628,0.123,-0.01485,0.1537,0.4208,93.0,0.6747,34,0.2427,2.87,-0.324,1.0,300
GIG_4577,courier,pune,bike,18912.37,0.1706,-0.062,0.00349,0.5968,0.4822,84.0,0.7958,22,0.2236,3.63,0.132,1.0,559
GIG_4578,ride_hailing,pune,car,52321.79,0.1718,-0.078,-0.00747,0.7417,0.5512,100.0,0.6285,21,0.1435,3.0,-0.193,1.0,442
GIG_4579,food_delivery,pune,bike,36740.22,0.2618,-0.0013,-0.0001,0.4009,0.9364,110.0,0.7377,31,0.2763,3.63,-0.086,1.0,475
GIG_4580,food_delivery,pune,scooter,46561.61,0.2728,0.0102,-0.00418,0.146,0.7879,,0.7543,28,0.2646,3.29,-0.227,0.6667,427
GIG_4581,ride_hailing,mumbai,car,53554.01,0.2649,0.0129,-0.01159,0.3228,0.6916,124.0,0.9343,30,0.2955,3.44,-0.407,1.0,459
GIG_4582,food_delivery,hyderabad,car,54372.28,0.1831,-0.08245,-0.00205,0.3697,0.6445,131.0,0.9157,19,0.2528,3.15,-0.057,1.0,595
GIG_4583,food_delivery,pune,scooter,33820.11,0.2172,-0.0454,-0.00899,0.5859,0.5242,114.0,,36,0.2645,3.67,-0.324,0.6667,530
GIG_4584,ride_hailing,hyderabad,car,49388.72,0.1621,-0.0781,-0.00154,0.5176,0.7366,116.0,0.9477,25,0.2654,,,0.6667,590
GIG_4585,ride_hailing,hyderabad,scooter,39188.79,0.2404,0.01,0.00172,0.37,0.4285,110.0,0.9023,16,0.1877,3.03,0.079,1.0,471
GIG_4586,ride_hailing,delhi,car,53175.28,0.2275,-0.0127,0.00748,0.5735,0.6783,129.0,0.6207,32,0.2691,3.92,0.148,1.0,709
GIG_4587,ride_hailing,mumbai,car,27059.52,0.2506,-0.0014,-0.00427,0.3647,0.7203,104.0,,24,0.2573,,,0.3333,560
GIG_4588,courier,mumbai,scooter,53410.21,0.1875,-0.0458,-0.00714,0.5107,0.3486,117.0,0.8077,33,0.2597,3.77,-0.316,1.0,527
GIG_4589,courier,bengaluru,car,35116.38,0.1971,-0.0489,-0.00119,0.533,1.0307,82.0,0.5944,11,0.176,,,0.6667,589
GIG_4590,food_delivery,bengaluru,bike,40543.71,0.2377,-0.0071,0.00084,0.3137,0.7319,121.0,,30,0.3519,3.62,-0.318,0.6667,590
GIG_4591,food_delivery,delhi,bike,18581.86,0.2909,0.02935,-0.01128,0.5142,0.7335,89.0,0.6359,37,0.2823,3.4,-0.294,1.0,573
GIG_4592,home_services,bengaluru,car,42640.45,0.1862,-0.0567,-0.00489,0.2774,0.4884,78.0,0.8116,11,0.1289,2.64,-0.181,1.0,344
GIG_4593,ride_hailing,hyderabad,car,18467.57,0.1656,-0.0746,-0.00638,0.5745,0.5335,89.0,0.8462,20,0.2681,3.84,-0.295,1.0,661
GIG_4594,ride_hailing,bengaluru,car,32184.08,0.2932,0.0367,-0.00308,0.304,1.4322,90.0,0.5208,21,0.1806,2.94,-0.174,1.0,476
GIG_4595,home_services,hyderabad,none,32267.74,0.1867,-0.0498,-0.00663,0.4163,0.5191,80.0,0.8627,15,0.1946,3.16,-0.143,1.0,570
GIG_4596,courier,mumbai,bike,49043.61,0.2189,0.0004,-0.00131,0.2368,0.9289,141.0,0.7449,42,0.309,3.84,0.228,1.0,533
GIG_4597,ride_hailing,bengaluru,car,27670.69,0.1371,-0.1194,0.00014,0.6335,0.4144,107.0,,24,0.2654,3.65,0.067,0.6667,659
GIG_4598,ride_hailing,delhi,car,20423.41,0.1725,-0.0677,-0.00176,0.3997,1.0757,73.0,0.9289,25,0.3127,4.12,-0.004,1.0,564
GIG_4599,food_delivery,bengaluru,bike,15077.34,0.2335,-0.0113,-0.00393,0.3312,0.6674,102.0,0.6831,32,0.3082,3.65,-0.357,1.0,542
GIG_4600,home_services,hyderabad,none,45777.56,0.2675,0.031,0.00894,0.3098,0.5901,128.0,0.8062,43,0.3286,3.65,0.378,1.0,625
GIG_4601,food_delivery,mumbai,car,27821.06,0.3453,0.08895,-0.01549,0.2917,0.4356,,0.6157,31,0.2388,3.15,-0.511,0.6667,415
GIG_4602,courier,bengaluru,bike,34152.85,0.3247,0.0833,0.00794,0.2016,0.6661,121.0,0.7159,39,0.2835,3.43,0.11,1.0,587
GIG_4603,food_delivery,bengaluru,bike,31491.11,0.239,-0.0058,0.005,0.3854,0.7156,103.0,0.6146,34,0.2732,3.25,0.116,1.0,598
GIG_4604,food_delivery,mumbai,scooter,13879.85,0.2832,0.0222,-0.00273,0.3077,0.4398,91.0,0.7557,32,0.2568,3.48,-0.076,1.0,474
GIG_4605,food_delivery,delhi,scooter,42730.48,0.2084,-0.0592,-0.00242,0.573,0.6798,101.0,0.8387,18,0.2105,,,0.6667,519
GIG_4606,ride_hailing,delhi,car,21577.89,0.3364,0.0962,-0.01674,0.4431,0.5273,,0.9568,11,0.1969,3.22,-0.475,0.6667,544
GIG_4607,food_delivery,mumbai,scooter,47489.11,0.3733,0.1123,0.01165,0.1974,1.1109,131.0,0.9145,43,0.2971,3.78,0.462,1.0,661
GIG_4608,courier,delhi,scooter,16363.01,0.2655,0.01405,-0.00443,0.2699,0.608,67.0,0.7994,15,0.2107,2.7,0.249,1.0,562
GIG_4609,courier,bengaluru,bike,31740.05,0.2631,0.0217,-0.01414,0.3882,0.4322,87.0,0.8319,17,0.2292,3.65,-0.509,1.0,509
GIG_4610,food_delivery,mumbai,scooter,48282.57,0.2263,-0.0347,0.00703,0.4957,0.7928,114.0,0.7705,28,0.27,3.17,0.3,1.0,600
GIG_4611,food_delivery,pune,bike,18172.13,0.1903,-0.0728,0.00141,0.5676,0.8312,72.0,0.8173,24,0.2445,3.68,0.135,1.0,514
GIG_4612,home_services,mumbai,none,11447.43,0.2086,-0.0312,-0.00343,0.2656,0.4661,94.0,0.9405,30,0.295,3.73,-0.19,1.0,542
GIG_4613,food_delivery,delhi,bike,25447.68,0.3325,0.07095,0.0038,0.1523,0.2633,87.0,0.7188,27,0.2813,3.71,0.328,1.0,486
GIG_4614,food_delivery,delhi,bike,37648.76,0.3053,0.04375,0.00116,0.2267,0.9095,101.0,0.8929,27,0.2319,3.66,-0.075,1.0,559
GIG_4615,home_services,pune,car,51621.79,0.2371,0.0065,-0.0132,0.3622,0.7231,,0.7109,8,0.1893,3.16,-0.49,0.6667,407
GIG_4616,courier,bengaluru,car,17259.4,0.1546,-0.0914,-0.00072,0.3933,0.4577,64.0,0.6682,22,0.2434,2.67,0.159,1.0,622
GIG_4617,food_delivery,bengaluru,bike,18513.73,0.2259,-0.0189,0.00614,0.2354,0.285,65.0,1.0,8,0.1731,3.26,0.149,1.0,645
GIG_4618,food_delivery,mumbai,bike,38278.77,0.3873,0.1352,-0.01496,0.2935,0.9696,125.0,0.5689,36,0.266,,,0.6667,343
GIG_4619,ride_hailing,pune,car,32131.16,0.193,-0.0568,-0.00659,0.6022,0.3649,,0.7779,24,0.1851,3.43,-0.352,0.6667,535
GIG_4620,food_delivery,bengaluru,scooter,39274.15,0.4666,0.2038,-0.02042,0.1838,0.7301,115.0,0.8065,25,0.2292,3.31,-0.587,1.0,300
GIG_4621,courier,delhi,scooter,34931.53,0.2373,-0.01415,-0.0013,0.1928,0.5246,85.0,0.8482,16,0.1948,2.87,-0.072,1.0,451
GIG_4622,ride_hailing,hyderabad,car,17937.29,0.2011,-0.0391,-0.00323,0.5602,0.698,86.0,0.8118,28,0.2953,3.58,-0.128,1.0,597
GIG_4623,courier,hyderabad,bike,31661.23,0.2051,-0.0337,0.00202,0.4324,0.8816,82.0,0.7269,21,0.2457,3.19,0.056,1.0,561
GIG_4624,ride_hailing,pune,car,27793.05,0.1837,-0.0661,0.00202,0.5047,0.7189,109.0,,21,0.2794,4.14,0.01,0.6667,628
GIG_4625,food_delivery,bengaluru,scooter,45663.02,0.3126,0.0498,0.01208,0.3067,0.6324,,0.6203,20,0.2382,3.26,0.558,0.6667,757
GIG_4626,courier,mumbai,scooter,16530.38,0.1853,-0.048,-0.00023,0.5858,0.7065,99.0,,38,0.2657,3.51,0.054,0.6667,620
GIG_4627,ride_hailing,bengaluru,car,25322.26,0.1558,-0.1007,0.00128,0.5841,0.6246,101.0,0.6991,37,0.2953,4.15,-0.042,1.0,632
GIG_4628,ride_hailing,mumbai,car,12762.11,0.1991,-0.0529,0.00709,0.285,0.5559,,0.7511,12,0.1955,3.16,0.429,0.6667,547
GIG_4629,ride_hailing,hyderabad,car,47026.01,0.2742,0.034,-0.00276,0.3127,0.7447,85.0,0.909,19,0.2232,3.73,0.085,1.0,581
GIG_4630,ride_hailing,pune,car,22237.65,0.3023,0.0525,0.01548,0.2796,0.2826,109.0,0.6364,32,0.2947,4.22,0.18,1.0,706
GIG_4631,courier,delhi,bike,16620.24,0.2726,0.0106,0.00463,0.22,0.3959,85.0,,22,0.2456,3.12,-0.032,0.6667,489
GIG_4632,food_delivery,bengaluru,scooter,22533.35,0.2801,0.0173,0.00064,0.3408,0.7439,75.0,,22,0.2463,3.15,0.059,0.6667,601
GIG_4633,courier,delhi,bike,43518.98,0.3825,0.1205,-0.01392,0.2086,0.6653,131.0,0.8025,32,0.2961,3.8,-0.513,1.0,403
GIG_4634,ride_hailing,bengaluru,car,33979.69,0.2092,-0.0473,-0.00011,0.4821,0.5242,118.0,0.8137,24,0.2367,3.61,-0.128,1.0,595
GIG_4635,ride_hailing,delhi,car,31105.68,0.1634,-0.0768,0.00235,0.5243,0.4667,117.0,0.7943,35,0.3514,4.25,0.084,1.0,710
GIG_4636,food_delivery,mumbai,scooter,28443.98,0.2559,-0.0051,0.00256,0.1889,0.5737,69.0,0.8868,9,0.1671,3.6,-0.09,1.0,626
GIG_4637,ride_hailing,pune,car,24738.57,0.3038,0.054,0.00987,0.3157,0.4592,104.0,0.8595,41,0.294,4.63,0.484,1.0,692
GIG_4638,home_services,bengaluru,none,34657.34,0.1581,-0.07125,0.0017,0.5836,0.9202,114.0,0.8497,22,0.3183,4.05,-0.076,1.0,706
GIG_4639,courier,mumbai,bike,15198.79,0.1569,-0.0616,-0.00174,0.4837,0.4385,,0.695,20,0.2257,3.13,0.065,0.6667,707
GIG_4640,food_delivery,bengaluru,bike,28967.19,0.2629,0.0181,0.00843,0.3675,0.531,94.0,0.9179,25,0.2464,3.72,0.124,1.0,704
GIG_4641,food_delivery,mumbai,bike,42239.83,0.4122,0.1601,-0.02335,0.5595,1.7644,,0.7354,19,0.1806,3.32,-0.459,0.6667,300
GIG_4642,food_delivery,hyderabad,bike,42250.61,0.3257,0.0552,0.01606,0.476,0.5156,103.0,0.6099,13,0.2197,,,0.6667,698
GIG_4643,home_services,pune,none,31566.27,0.2505,0.0145,-0.00949,0.2868,0.9937,,0.7414,33,0.2466,3.81,-0.179,0.6667,526
GIG_4644,ride_hailing,pune,car,13642.34,0.204,-0.0458,0.00017,0.0816,0.7269,80.0,0.8437,40,0.3265,3.61,-0.119,1.0,502
GIG_4645,ride_hailing,pune,car,21543.85,0.2967,0.0469,-0.01007,0.1458,0.8698,100.0,0.8841,26,0.2511,3.25,-0.342,1.0,393
GIG_4646,courier,hyderabad,scooter,28697.16,0.2345,-0.00035,0.00202,0.2055,0.7926,91.0,0.5979,18,0.1977,3.07,0.342,1.0,408
GIG_4647,food_delivery,bengaluru,bike,31381.99,0.2164,-0.0284,0.00443,0.4046,0.6182,107.0,0.589,37,0.2994,3.35,0.13,1.0,573
GIG_4648,ride_hailing,pune,car,51164.17,0.3048,0.055,-0.01319,0.3232,1.3233,130.0,0.5042,29,0.3031,3.23,-0.178,1.0,410
GIG_4649,food_delivery,hyderabad,scooter,16725.06,0.2434,-0.01895,0.00939,0.4928,0.9887,100.0,0.8111,36,0.2879,3.95,0.234,1.0,709
GIG_4650,ride_hailing,delhi,car,19125.4,0.2254,-0.0148,0.00048,0.2385,0.8421,89.0,0.8335,19,0.213,3.35,-0.184,1.0,569
GIG_4651,ride_hailing,bengaluru,car,24738.76,0.2999,0.0434,0.00084,0.1404,0.7144,115.0,0.9074,34,0.3277,3.75,0.051,1.0,641
GIG_4652,home_services,delhi,bike,21856.14,0.1886,-0.0278,-0.00045,0.4662,0.8175,67.0,0.682,23,0.1918,2.62,-0.113,1.0,509
GIG_4653,ride_hailing,delhi,car,31067.95,0.2947,0.0545,0.00384,0.176,0.761,94.0,0.821,31,0.2649,3.33,-0.06,1.0,487
GIG_4654,food_delivery,bengaluru,scooter,14951.6,0.3011,0.0383,0.01033,0.3464,0.7319,,0.5012,16,0.2072,3.44,0.256,0.6667,438
GIG_4655,ride_hailing,hyderabad,car,15579.36,0.2198,-0.0204,-0.01038,0.4695,0.4662,85.0,0.8512,22,0.1665,4.1,-0.446,1.0,472
GIG_4656,food_delivery,hyderabad,bike,16753.88,0.2128,-0.0577,0.00101,0.3591,0.3869,115.0,0.6843,39,0.3362,4.03,0.196,1.0,690
GIG_4657,courier,hyderabad,scooter,47096.17,0.3627,0.12785,-0.01381,0.1633,0.9199,105.0,1.0,24,0.247,3.93,-0.465,1.0,342
GIG_4658,food_delivery,hyderabad,scooter,31037.69,0.2855,0.02315,-0.00256,0.2738,0.7225,115.0,0.8767,29,0.2843,4.05,0.047,1.0,676
GIG_4659,food_delivery,delhi,car,50887.68,0.3164,0.0233,0.00909,0.4483,1.0056,129.0,0.6379,26,0.2661,3.87,0.298,1.0,667
GIG_4660,food_delivery,pune,bike,46875.25,0.2685,0.0054,-0.01192,0.3896,1.0809,95.0,0.6112,21,0.1438,,,0.6667,458
GIG_4661,food_delivery,mumbai,scooter,40493.49,0.2198,-0.0412,-0.00201,0.4123,0.6345,102.0,0.6468,16,0.2496,3.56,-0.044,1.0,574
GIG_4662,food_delivery,pune,scooter,31950.75,0.3254,0.0628,0.01033,0.2982,0.6674,107.0,,31,0.2578,3.07,0.5,0.6667,596
GIG_4663,food_delivery,bengaluru,bike,14169.82,0.3278,0.083,0.00117,0.2407,0.6531,,0.6301,35,0.3065,3.31,-0.176,0.6667,460
GIG_4664,food_delivery,hyderabad,scooter,26033.73,0.1937,-0.06865,-0.00063,0.6049,0.4978,111.0,0.902,32,0.3402,4.68,0.082,1.0,693
GIG_4665,food_delivery,bengaluru,bike,15534.29,0.2839,0.0391,-0.0007,0.1998,0.6578,75.0,0.9666,21,0.212,3.96,-0.01,1.0,526
GIG_4666,ride_hailing,pune,car,47355.81,0.2682,0.0184,-0.00729,0.1167,0.685,100.0,0.8134,24,0.2212,3.4,-0.242,1.0,367
GIG_4667,home_services,bengaluru,none,51483.22,0.195,-0.03435,-0.00398,0.5593,1.1484,119.0,0.85,30,0.334,4.48,-0.157,1.0,614
GIG_4668,food_delivery,delhi,bike,54426.83,0.1919,-0.06965,0.00347,0.4257,0.775,,0.6734,21,0.2701,3.16,-0.03,0.6667,688
GIG_4669,ride_hailing,hyderabad,car,11112.08,0.2238,-0.0164,0.01083,0.5817,0.9411,100.0,0.9377,43,0.3165,4.0,0.441,1.0,817
GIG_4670,home_services,hyderabad,none,18461.97,0.1646,-0.0719,-0.00244,0.3177,0.4178,70.0,0.9175,12,0.2044,3.1,-0.052,1.0,542
GIG_4671,ride_hailing,hyderabad,car,43634.82,0.2928,0.0526,0.01586,0.3714,0.4169,117.0,0.6855,20,0.2837,3.42,0.457,1.0,665
GIG_4672,ride_hailing,delhi,car,12371.14,0.2178,-0.0224,-0.00795,0.6609,0.4692,85.0,0.7629,28,0.2855,3.91,-0.409,1.0,521
GIG_4673,food_delivery,delhi,scooter,41284.92,0.2535,-0.0141,0.00456,0.2961,0.317,113.0,0.7759,27,0.2864,3.71,0.02,1.0,669
GIG_4674,home_services,pune,none,30559.34,0.2362,0.0002,-0.00916,0.5612,0.6709,73.0,0.577,25,0.1775,3.35,-0.418,1.0,415
GIG_4675,food_delivery,delhi,bike,35940.09,0.2616,5e-05,0.01038,0.4603,0.3552,92.0,0.7624,30,0.2173,3.44,0.297,1.0,599
GIG_4676,food_delivery,pune,scooter,27927.51,0.2865,0.0239,0.00736,0.329,0.7853,113.0,0.5183,35,0.287,3.43,-0.087,1.0,571
GIG_4677,courier,bengaluru,scooter,46456.99,0.2254,-0.0061,0.00811,0.3526,0.6595,,,13,0.2157,2.19,0.383,0.3333,658
GIG_4678,food_delivery,hyderabad,scooter,44930.52,0.2102,-0.05215,-0.00042,0.2912,0.7928,96.0,,16,0.141,2.59,-0.124,0.6667,518
GIG_4679,courier,hyderabad,scooter,20718.38,0.1566,-0.07825,0.00439,0.745,0.5896,106.0,0.6739,41,0.3161,4.31,0.176,1.0,665
GIG_4680,home_services,hyderabad,none,32291.2,0.3234,0.0869,0.01351,0.279,0.8113,65.0,0.812,7,0.1736,2.99,0.49,1.0,680
GIG_4681,ride_hailing,bengaluru,car,42315.1,0.2635,0.007,-0.00794,0.2089,0.5924,82.0,0.5721,13,0.1545,2.78,-0.427,1.0,397
GIG_4682,ride_hailing,mumbai,car,31372.25,0.2158,-0.0362,-0.00071,0.4495,0.5955,81.0,0.5282,26,0.2284,3.47,0.025,1.0,498
GIG_4683,courier,pune,bike,30567.78,0.1622,-0.0704,-0.00241,0.4782,0.874,96.0,0.5,25,0.2297,3.56,0.033,1.0,605
GIG_4684,ride_hailing,pune,bike,16245.79,0.1763,-0.05925,0.0001,0.5298,0.6596,89.0,0.8895,32,0.2691,4.32,0.012,1.0,650
GIG_4685,food_delivery,hyderabad,bike,24677.65,0.3021,0.0316,-0.00895,0.4929,0.8397,72.0,0.6994,9,0.1854,3.16,-0.369,1.0,587
GIG_4686,ride_hailing,pune,car,36958.51,0.1868,-0.063,0.00132,0.546,0.9983,118.0,0.5093,43,0.3006,3.63,0.012,1.0,589
GIG_4687,food_delivery,pune,bike,37464.62,0.2776,0.0145,0.00046,0.2943,0.4105,98.0,0.6383,23,0.2045,3.07,-0.268,1.0,508
GIG_4688,food_delivery,hyderabad,scooter,48869.81,0.3038,0.04145,-0.01373,0.4894,0.3025,128.0,0.7016,32,0.3097,4.65,-0.581,1.0,517
GIG_4689,ride_hailing,bengaluru,car,42779.76,0.2114,-0.0451,0.0064,0.2024,0.6372,124.0,0.9036,25,0.2498,3.38,0.268,1.0,587
GIG_4690,home_services,delhi,none,22008.39,0.2429,0.0013,0.00494,0.304,0.9954,71.0,0.9722,16,0.2284,3.41,0.073,1.0,561
GIG_4691,courier,delhi,bike,21293.38,0.1675,-0.0945,0.00245,0.3793,1.0582,108.0,0.618,31,0.2433,3.79,0.107,1.0,622
GIG_4692,food_delivery,bengaluru,bike,30493.13,0.2238,-0.021,-0.00029,0.3595,0.5635,81.0,0.6587,22,0.2218,3.7,0.073,1.0,598
GIG_4693,food_delivery,pune,car,53843.95,0.2554,-0.0199,-0.00643,0.2707,0.8371,130.0,0.5855,37,0.2801,3.07,-0.226,1.0,492
GIG_4694,food_delivery,delhi,scooter,39413.28,0.4076,0.14,-0.01967,0.1876,0.607,115.0,0.6513,25,0.2294,3.46,-0.526,1.0,390
GIG_4695,food_delivery,pune,bike,23004.26,0.2644,0.0013,0.00193,0.2977,0.681,102.0,0.6951,21,0.1847,3.48,-0.069,1.0,598
GIG_4696,ride_hailing,bengaluru,car,53107.46,0.3652,0.1087,-0.01896,0.4299,0.401,134.0,0.7558,30,0.2363,3.92,-0.303,1.0,346
GIG_4697,home_services,pune,none,32167.22,0.2672,0.0312,0.00607,0.2437,0.9608,83.0,,17,0.1433,2.48,0.113,0.6667,484
GIG_4698,ride_hailing,delhi,car,15636.72,0.2418,0.0016,0.00218,0.433,0.3917,87.0,0.9873,34,0.2922,4.06,-0.012,1.0,674
GIG_4699,courier,hyderabad,scooter,38267.07,0.2314,-0.00345,0.00158,0.2428,0.754,107.0,0.6543,32,0.2503,3.49,-0.09,1.0,615
GIG_4700,courier,delhi,scooter,48431.05,0.2496,-0.00185,0.01421,0.6111,0.4621,108.0,0.9607,16,0.2404,3.59,0.276,1.0,836
GIG_4701,ride_hailing,mumbai,car,42125.33,0.1807,-0.0713,-0.0001,0.398,0.36,125.0,,34,0.317,3.61,0.12,0.6667,711
GIG_4702,food_delivery,delhi,scooter,16332.61,0.1929,-0.0747,0.00119,0.5977,1.0626,,0.637,10,0.1963,3.12,-0.149,0.6667,658
GIG_4703,ride_hailing,pune,car,10984.74,0.1781,-0.0717,0.00105,0.3342,0.6239,70.0,0.8156,9,0.2046,3.93,-0.036,1.0,579
GIG_4704,ride_hailing,hyderabad,scooter,21245.62,0.2631,0.0327,-0.01253,0.326,0.6898,83.0,0.7125,23,0.3316,,,0.6667,396
GIG_4705,ride_hailing,mumbai,car,47967.85,0.2155,-0.0365,-0.0055,0.3364,0.3213,115.0,0.694,28,0.2415,3.85,-0.033,1.0,541
GIG_4706,home_services,hyderabad,none,49452.77,0.2472,0.0107,0.00904,0.1867,0.3831,,0.7289,33,0.2615,3.87,0.313,0.6667,525
GIG_4707,home_services,delhi,none,30587.43,0.3693,0.1277,0.00584,0.1302,0.4146,80.0,0.6873,26,0.1827,2.62,-0.016,1.0,497
GIG_4708,food_delivery,hyderabad,scooter,44714.49,0.2709,0.00855,-0.0136,0.5627,0.8108,109.0,0.8765,34,0.3113,4.26,-0.514,1.0,461
GIG_4709,ride_hailing,delhi,car,25611.2,0.1764,-0.0638,-0.00384,0.6661,1.0047,,0.9582,34,0.3074,4.04,-0.052,0.6667,650
GIG_4710,ride_hailing,hyderabad,car,32174.7,0.2879,0.0477,-0.00038,0.172,0.322,101.0,0.6994,33,0.2687,3.2,-0.075,1.0,490
GIG_4711,food_delivery,pune,scooter,36112.72,0.2626,0.0,0.01234,0.2581,0.407,98.0,0.8886,20,0.2624,3.42,0.323,1.0,636
GIG_4712,courier,bengaluru,bike,26883.64,0.229,-0.0124,0.0041,0.2023,0.7328,112.0,0.5464,31,0.2771,3.46,-0.085,1.0,499
GIG_4713,ride_hailing,mumbai,car,27544.37,0.2469,-0.0051,0.01192,0.3664,0.7044,116.0,0.6606,28,0.2918,3.68,0.38,1.0,847
GIG_4714,ride_hailing,mumbai,car,48957.55,0.2457,-0.0063,-0.01304,0.5338,0.6233,125.0,,38,0.3106,4.2,-0.35,0.6667,504
GIG_4715,food_delivery,mumbai,bike,31217.21,0.2978,0.0457,0.00751,0.3446,0.7302,102.0,,25,0.2148,3.29,0.314,0.6667,636
GIG_4716,food_delivery,hyderabad,bike,24532.57,0.3478,0.0773,-0.01659,0.2839,0.6007,87.0,0.8707,14,0.1555,3.57,-0.426,1.0,326
GIG_4717,food_delivery,bengaluru,bike,48572.38,0.1977,-0.0471,0.007,0.3427,0.4073,108.0,0.9458,24,0.2494,3.52,0.204,1.0,616
GIG_4718,courier,delhi,car,45011.59,0.2635,0.03805,0.00555,0.3085,0.7933,99.0,0.5,30,0.2343,2.94,0.194,1.0,612
GIG_4719,home_services,hyderabad,none,46419.27,0.2942,0.0577,-0.01407,0.2799,0.6624,113.0,0.7313,20,0.2432,2.99,-0.523,1.0,459
GIG_4720,home_services,hyderabad,none,46465.41,0.1922,-0.0443,-0.00472,0.3661,0.8608,110.0,0.7204,22,0.2329,3.23,0.073,1.0,478
GIG_4721,ride_hailing,delhi,car,42749.71,0.1592,-0.081,-0.00147,0.5484,0.4694,86.0,0.5138,16,0.1838,2.98,-0.001,1.0,535
GIG_4722,ride_hailing,bengaluru,car,50802.84,0.3379,0.0814,-0.01944,0.5583,0.869,110.0,0.5552,26,0.267,3.44,-0.506,1.0,342
GIG_4723,food_delivery,pune,scooter,53036.26,0.3065,0.0439,0.01351,0.5414,0.5691,116.0,0.6177,19,0.208,3.62,0.392,1.0,680
GIG_4724,food_delivery,bengaluru,scooter,47290.53,0.1626,-0.1002,-0.00193,0.4567,0.5072,93.0,,19,0.1936,3.02,-0.171,0.6667,556
GIG_4725,home_services,mumbai,car,34620.52,0.1841,-0.0444,0.001,0.4275,0.6071,96.0,,16,0.2092,3.15,-0.279,0.6667,534
GIG_4726,courier,pune,bike,51295.12,0.2297,-0.0029,0.0031,0.4812,0.9448,117.0,0.9722,21,0.2211,3.36,0.081,1.0,623
GIG_4727,ride_hailing,delhi,car,34310.19,0.3151,0.0749,-0.00444,0.1679,0.5791,109.0,0.6748,29,0.2415,2.9,-0.167,1.0,469
GIG_4728,food_delivery,pune,bike,29078.86,0.2391,-0.024,-0.00915,0.4572,0.6677,107.0,0.8742,33,0.3187,3.78,-0.278,1.0,554
GIG_4729,courier,hyderabad,bike,34693.25,0.3159,0.0771,0.01327,0.2826,0.9381,107.0,0.7965,31,0.2874,3.26,0.516,1.0,635
GIG_4730,food_delivery,pune,bike,39757.01,0.2403,-0.0228,-0.00993,0.3518,0.6752,142.0,0.6923,31,0.3196,,,0.6667,302
GIG_4731,food_delivery,delhi,bike,35822.95,0.3836,0.12205,-0.01864,0.255,0.7285,123.0,0.7551,31,0.2782,4.27,-0.326,1.0,458
GIG_4732,courier,delhi,bike,28629.57,0.248,-0.014,-0.00809,0.2786,0.6719,70.0,0.7155,17,0.1656,2.39,-0.237,1.0,378
GIG_4733,food_delivery,delhi,bike,17225.78,0.3715,0.10995,-0.01848,0.408,0.6909,90.0,0.7433,28,0.2563,3.29,-0.26,1.0,540
GIG_4734,courier,delhi,bike,41793.17,0.2635,0.0015,-0.00972,0.2468,1.3864,124.0,0.5999,35,0.2866,3.39,-0.348,1.0,348
GIG_4735,ride_hailing,mumbai,car,15961.91,0.2541,0.0021,0.00591,0.3909,0.9684,,0.7185,25,0.2325,3.51,0.157,0.6667,606
GIG_4736,food_delivery,hyderabad,bike,52959.85,0.3009,0.0304,-0.00384,0.1045,0.7862,129.0,0.8391,25,0.3078,3.72,-0.16,1.0,383
GIG_4737,home_services,mumbai,none,32298.52,0.2878,0.048,0.00304,0.1223,1.029,109.0,0.8958,31,0.2629,2.95,0.041,1.0,533
GIG_4738,ride_hailing,pune,car,16284.06,0.2627,0.0129,0.01219,0.5614,0.403,63.0,0.8376,22,0.2476,3.91,0.652,1.0,840
GIG_4739,food_delivery,bengaluru,scooter,46717.33,0.2908,0.028,-0.00163,0.1454,0.6438,101.0,0.8776,15,0.2302,2.89,-0.039,1.0,649
GIG_4740,food_delivery,bengaluru,bike,12582.37,0.402,0.1572,-0.01669,0.2473,1.0307,69.0,0.7248,19,0.2381,3.03,-0.282,1.0,425
GIG_4741,courier,hyderabad,bike,48621.88,0.3077,0.0689,-0.00203,0.3423,0.338,139.0,0.8994,26,0.2719,,,0.6667,563
GIG_4742,ride_hailing,pune,car,26595.79,0.2358,-0.014,0.00331,0.2537,0.841,102.0,0.9795,29,0.3196,3.39,-0.005,1.0,570
GIG_4743,home_services,pune,none,23925.55,0.2247,-0.0113,-0.01109,0.3242,0.3226,,0.8837,10,0.1818,3.02,-0.491,0.6667,381
GIG_4744,home_services,mumbai,car,55780.08,0.2978,0.0693,0.01376,0.3485,0.4758,154.0,,33,0.3776,4.36,0.47,0.6667,852
GIG_4745,ride_hailing,delhi,scooter,19540.72,0.26,0.0002,0.00789,0.2928,0.8082,,1.0,29,0.2836,4.08,0.211,0.6667,700
GIG_4746,ride_hailing,mumbai,car,38343.94,0.2166,-0.0354,-0.00187,0.2805,1.2064,98.0,0.7793,25,0.2843,3.16,-0.158,1.0,568
GIG_4747,courier,bengaluru,scooter,24008.71,0.138,-0.0935,0.00037,0.6021,0.5596,111.0,,34,0.3138,3.18,0.122,0.6667,523
GIG_4748,home_services,delhi,car,18351.73,0.2722,0.0694,-0.00028,0.2724,0.49,63.0,0.8368,20,0.2208,3.04,0.019,1.0,418
GIG_4749,courier,hyderabad,bike,20387.05,0.1339,-0.1049,0.00017,0.6458,0.5129,89.0,0.8343,18,0.2394,3.6,0.091,1.0,492
GIG_4750,ride_hailing,hyderabad,car,52628.59,0.2271,-0.0131,-0.01062,0.6891,0.8461,142.0,0.5507,45,0.2936,3.56,-0.429,1.0,481
GIG_4751,food_delivery,pune,bike,12974.1,0.3423,0.0792,-0.0017,0.1714,0.8098,89.0,,29,0.2685,3.14,-0.011,0.6667,378
GIG_4752,food_delivery,bengaluru,scooter,32134.92,0.4011,0.1383,-0.01072,0.3044,1.1161,103.0,0.7183,19,0.2367,2.74,-0.364,1.0,362
GIG_4753,courier,pune,bike,53405.51,0.3292,0.0966,-0.01867,0.5593,0.9316,144.0,0.6722,35,0.284,3.14,-0.5,1.0,320
GIG_4754,food_delivery,pune,bike,33767.93,0.3972,0.1341,-0.02111,0.2212,0.7838,120.0,,33,0.2708,3.45,-0.379,0.6667,423
GIG_4755,courier,hyderabad,scooter,21974.87,0.179,-0.05585,0.00039,0.2901,0.8994,88.0,0.6559,24,0.2712,3.46,-0.063,1.0,498
GIG_4756,ride_hailing,bengaluru,scooter,43202.2,0.3428,0.121,-0.01715,0.3962,0.7384,125.0,0.846,26,0.2617,3.83,-0.532,1.0,394
GIG_4757,courier,mumbai,car,21209.28,0.3447,0.1279,-0.00837,0.3374,0.9208,111.0,0.7119,26,0.2641,3.59,-0.32,1.0,439
GIG_4758,courier,bengaluru,scooter,46644.88,0.2015,-0.03,0.00303,0.4688,1.2958,122.0,0.7426,35,0.3299,4.42,0.064,1.0,708
GIG_4759,home_services,pune,none,53632.2,0.1987,-0.0373,0.00542,0.3539,0.2565,108.0,0.6494,17,0.2039,3.19,0.381,1.0,669
GIG_4760,courier,pune,scooter,52195.25,0.1621,-0.06925,-0.00099,0.5404,0.3279,145.0,0.8501,33,0.3224,4.04,-0.054,1.0,694
GIG_4761,ride_hailing,delhi,car,12604.42,0.1885,-0.0517,0.00887,0.4779,0.2691,81.0,0.6407,30,0.2884,3.34,0.342,1.0,561
GIG_4762,ride_hailing,delhi,car,47383.66,0.2169,-0.0233,0.00578,0.4215,1.3508,98.0,0.7073,27,0.1681,3.34,0.107,1.0,667
GIG_4763,ride_hailing,hyderabad,bike,45851.91,0.231,0.0041,-0.0011,0.3962,0.5188,98.0,,24,0.1745,3.27,0.158,0.6667,519
GIG_4764,food_delivery,hyderabad,bike,45849.24,0.2771,0.0066,0.00559,0.319,0.4108,101.0,0.8352,19,0.2063,3.6,0.159,1.0,607
GIG_4765,courier,bengaluru,bike,13812.03,0.2171,-0.0243,-0.00035,0.4414,0.9327,68.0,0.8068,23,0.2589,3.47,0.037,1.0,572
GIG_4766,food_delivery,bengaluru,bike,31918.73,0.2282,-0.0166,-0.00028,0.3493,0.6541,114.0,0.8488,20,0.2694,3.46,0.111,1.0,469
GIG_4767,food_delivery,mumbai,scooter,37914.51,0.2812,0.0202,0.00612,0.2894,0.9837,86.0,0.7325,14,0.1888,3.18,0.264,1.0,515
GIG_4768,food_delivery,mumbai,bike,11690.29,0.4318,0.1797,-0.0178,0.1328,0.7455,63.0,0.6138,17,0.179,2.64,-0.442,1.0,387
GIG_4769,food_delivery,pune,scooter,53481.39,0.2269,-0.0357,-0.00056,0.4726,0.8963,115.0,,21,0.1699,3.1,-0.142,0.6667,461
GIG_4770,food_delivery,bengaluru,bike,19308.88,0.2795,0.0347,-0.00193,0.2632,0.6745,116.0,,29,0.2996,3.63,-0.105,0.6667,606
GIG_4771,courier,bengaluru,scooter,35376.57,0.1954,-0.0361,-0.00692,0.5434,1.1804,110.0,,22,0.2722,3.82,-0.307,0.6667,529
GIG_4772,ride_hailing,hyderabad,car,35137.69,0.2062,-0.034,0.00217,0.444,0.6374,144.0,0.8595,38,0.2807,4.22,0.347,1.0,786
GIG_4773,food_delivery,bengaluru,bike,11781.78,0.3058,0.061,0.01533,0.4458,0.5227,54.0,,8,0.2076,3.24,0.482,0.6667,720
GIG_4774,courier,mumbai,car,19425.68,0.2744,0.0576,-0.00303,0.2475,0.3011,104.0,0.7505,38,0.3098,3.61,0.117,1.0,377
GIG_4775,food_delivery,delhi,bike,46675.97,0.2122,-0.04935,8e-05,0.5302,0.3618,117.0,,20,0.2249,3.53,-0.048,0.6667,548
GIG_4776,courier,mumbai,car,16387.3,0.1334,-0.0834,0.00029,0.4639,0.4933,62.0,0.5819,26,0.2235,3.26,-0.051,1.0,568
GIG_4777,ride_hailing,delhi,bike,29438.49,0.1767,-0.0656,0.00104,0.6214,0.9113,79.0,0.9583,12,0.2374,3.48,0.041,1.0,568
GIG_4778,courier,pune,bike,11191.51,0.2018,-0.0308,-0.0012,0.3181,0.8611,89.0,,31,0.2842,2.8,-0.023,0.6667,476
GIG_4779,food_delivery,pune,scooter,34680.51,0.2441,-0.0185,0.00152,0.3155,0.6269,118.0,0.6795,40,0.3376,4.31,-0.072,1.0,649
GIG_4780,ride_hailing,mumbai,car,12464.54,0.1737,-0.0783,-0.00243,0.6793,0.6974,80.0,0.8421,21,0.2479,3.54,-0.101,1.0,501
GIG_4781,food_delivery,mumbai,bike,17161.98,0.3375,0.0854,0.01828,0.3246,0.6244,89.0,0.898,34,0.2726,3.31,0.222,1.0,764
GIG_4782,home_services,mumbai,none,50237.33,0.3492,0.1094,-0.00485,0.171,0.4196,130.0,,29,0.3185,3.06,0.049,0.6667,406
GIG_4783,home_services,hyderabad,bike,44699.66,0.2217,-0.0086,-0.00191,0.3039,0.5651,112.0,,28,0.2057,3.21,0.097,0.6667,547
GIG_4784,food_delivery,delhi,scooter,20082.55,0.2561,-0.0115,-0.00641,0.3586,0.5217,79.0,0.882,28,0.2776,3.58,-0.253,1.0,535
GIG_4785,home_services,mumbai,none,17819.95,0.2664,0.0266,-0.01253,0.3869,0.3508,89.0,0.828,37,0.2205,3.6,-0.332,1.0,394
GIG_4786,ride_hailing,bengaluru,car,53385.69,0.3354,0.0789,-0.01611,0.2793,0.4392,110.0,0.5326,19,0.247,3.64,-0.355,1.0,425
GIG_4787,ride_hailing,pune,car,34337.67,0.2158,-0.034,-0.00579,0.4664,0.8432,68.0,,11,0.1957,2.53,-0.011,0.6667,354
GIG_4788,home_services,hyderabad,none,43676.87,0.1868,-0.0497,-0.00338,0.6111,0.8356,111.0,,36,0.2628,3.85,-0.077,0.6667,646
GIG_4789,courier,hyderabad,bike,24001.48,0.3974,0.1586,-0.02236,0.2179,0.6981,70.0,0.5181,15,0.2294,2.42,-0.288,1.0,427
GIG_4790,ride_hailing,mumbai,car,23740.91,0.2592,0.0072,0.00673,0.2613,0.8043,,0.5,20,0.1958,3.11,0.231,0.6667,636
GIG_4791,ride_hailing,mumbai,bike,55416.46,0.1866,-0.06775,-0.00372,0.2624,0.3796,126.0,0.8379,19,0.1934,3.25,0.047,1.0,589
GIG_4792,food_delivery,delhi,scooter,26853.04,0.3011,0.0335,-0.00217,0.1827,0.7285,90.0,0.6829,25,0.226,2.87,-0.078,1.0,460
GIG_4793,courier,mumbai,scooter,24028.56,0.1636,-0.0697,0.00026,0.5074,0.2873,89.0,0.9014,29,0.267,3.78,-0.047,1.0,576
GIG_4794,food_delivery,bengaluru,bike,13334.0,0.201,-0.0438,0.00047,0.4571,0.6866,80.0,0.612,29,0.2193,2.98,0.097,1.0,521
GIG_4795,food_delivery,pune,bike,33553.24,0.1822,-0.0809,-0.00156,0.234,0.4203,,0.7778,8,0.1719,2.67,-0.123,0.6667,452
GIG_4796,food_delivery,mumbai,bike,45445.67,0.261,0.0089,-0.01191,0.387,0.5219,,0.789,24,0.2398,4.37,-0.351,0.6667,373
GIG_4797,ride_hailing,hyderabad,car,12861.4,0.211,-0.0292,0.00434,0.2089,0.3045,75.0,0.7442,24,0.1807,3.2,0.18,1.0,625
GIG_4798,food_delivery,pune,bike,49820.54,0.2323,-0.0308,-0.00603,0.4605,0.504,107.0,,13,0.1677,3.02,-0.366,0.6667,527
GIG_4799,ride_hailing,hyderabad,car,36957.13,0.2015,-0.0387,0.00073,0.1531,0.4144,85.0,0.9466,13,0.2064,2.78,-0.077,1.0,525
GIG_4800,food_delivery,mumbai,bike,17833.67,0.3736,0.1215,-0.01866,0.3703,1.0074,73.0,,15,0.2125,3.45,-0.632,0.6667,412
GIG_4801,courier,bengaluru,scooter,47065.61,0.2405,0.009,0.01333,0.511,0.3537,116.0,,33,0.2639,3.62,0.532,0.6667,638
GIG_4802,home_services,pune,car,37149.06,0.2711,0.0405,-2e-05,0.117,0.5298,129.0,0.9734,28,0.2979,3.44,0.083,1.0,587
GIG_4803,food_delivery,pune,scooter,22217.82,0.2976,0.035,-0.01586,0.5342,0.2457,79.0,0.7779,19,0.2402,3.04,-0.274,1.0,456
GIG_4804,courier,pune,scooter,33043.66,0.1692,-0.06215,-0.00058,0.4005,0.504,97.0,0.7864,29,0.2741,3.59,0.102,1.0,538
GIG_4805,food_delivery,hyderabad,scooter,29730.09,0.3127,0.05035,0.01215,0.2601,0.478,87.0,0.77,9,0.1734,3.1,0.213,1.0,663
GIG_4806,ride_hailing,mumbai,car,10537.47,0.2572,0.0052,0.00186,0.2998,0.4154,77.0,0.6698,21,0.2218,2.91,0.18,1.0,502
GIG_4807,food_delivery,delhi,scooter,36615.15,0.2869,0.0193,0.00022,0.1829,0.7031,135.0,0.7684,32,0.2757,3.72,0.078,1.0,512
GIG_4808,food_delivery,pune,bike,18861.84,0.3038,0.0407,0.01113,0.3677,0.9492,84.0,,34,0.2372,3.56,0.343,0.6667,731
GIG_4809,food_delivery,hyderabad,bike,15987.07,0.1963,-0.0742,0.00051,0.5766,0.51,72.0,,26,0.2227,3.57,0.286,0.6667,603
GIG_4810,courier,delhi,scooter,14906.93,0.2265,-0.02495,0.00388,0.2233,0.4655,,0.5311,6,0.1277,2.85,-0.066,0.6667,583
GIG_4811,ride_hailing,bengaluru,car,49145.73,0.3022,0.0457,0.00894,0.185,0.2929,124.0,,24,0.2391,2.87,0.274,0.6667,666
GIG_4812,courier,pune,bike,33124.23,0.3419,0.1093,-0.0188,0.255,0.4694,129.0,0.7059,39,0.3087,3.56,-0.484,1.0,496
GIG_4813,home_services,pune,none,17744.32,0.2243,-0.0117,0.00457,0.3307,1.0316,109.0,0.8968,36,0.3429,3.71,-0.149,1.0,636
GIG_4814,food_delivery,delhi,bike,48192.18,0.2424,-0.01915,0.00507,0.4672,0.3406,121.0,0.6857,36,0.2918,3.97,-0.058,1.0,603
GIG_4815,courier,delhi,bike,13499.56,0.2213,-0.0407,0.00221,0.437,0.5708,,0.7585,23,0.237,4.07,0.138,0.6667,669
GIG_4816,home_services,hyderabad,none,44480.56,0.1361,-0.1004,-0.00393,0.533,0.3687,139.0,0.9616,42,0.3567,4.0,-0.044,1.0,675
GIG_4817,food_delivery,hyderabad,scooter,16895.59,0.2843,0.02195,0.00022,0.2267,0.6032,90.0,0.9611,19,0.2436,3.65,0.114,1.0,459
GIG_4818,food_delivery,delhi,scooter,48295.67,0.3877,0.1201,0.0171,0.147,0.5973,146.0,0.5823,27,0.2865,3.25,0.437,1.0,674
GIG_4819,courier,mumbai,bike,38112.13,0.2992,0.0807,-0.01153,0.5246,0.3153,100.0,0.7129,22,0.2107,3.21,-0.429,1.0,451
GIG_4820,courier,delhi,scooter,29843.87,0.2246,-0.02685,0.00048,0.2428,0.8329,91.0,,25,0.2451,3.07,-0.029,0.6667,510
GIG_4821,ride_hailing,bengaluru,car,38584.36,0.2109,-0.0456,-0.0038,0.5458,0.5094,108.0,0.6913,25,0.2369,2.84,-0.292,1.0,489
GIG_4822,courier,hyderabad,bike,49337.46,0.2479,0.0091,0.01388,0.3318,0.5002,119.0,0.5409,20,0.2241,3.12,0.383,1.0,688
GIG_4823,ride_hailing,bengaluru,car,46195.66,0.2519,-0.0046,0.00362,0.3299,0.7745,119.0,,17,0.2553,3.54,-0.115,0.6667,569
GIG_4824,home_services,hyderabad,none,38612.3,0.2551,0.0186,0.01052,0.4935,0.4024,144.0,0.7056,32,0.3292,3.86,0.35,1.0,700
GIG_4825,ride_hailing,pune,bike,30606.93,0.222,-0.01355,0.00192,0.4084,0.8874,67.0,,9,0.1639,2.79,-0.134,0.6667,567
GIG_4826,food_delivery,pune,bike,27120.2,0.3048,0.0417,0.01355,0.4015,0.5854,105.0,,31,0.2588,3.41,0.573,0.6667,727
GIG_4827,food_delivery,delhi,bike,23662.9,0.2615,-5e-05,0.00971,0.5743,0.467,83.0,0.7368,30,0.2736,4.37,0.335,1.0,726
GIG_4828,ride_hailing,pune,car,48651.9,0.2586,0.0088,-0.008,0.384,0.8254,132.0,0.6199,35,0.3,3.12,-0.254,1.0,514
GIG_4829,courier,hyderabad,scooter,53479.35,0.264,0.02915,0.00914,0.211,1.0037,112.0,0.6403,25,0.2338,2.8,0.358,1.0,682
GIG_4830,food_delivery,mumbai,scooter,37401.48,0.2014,-0.0596,-0.00254,0.4163,0.6323,103.0,0.9655,32,0.3026,4.1,0.196,1.0,650
GIG_4831,food_delivery,delhi,scooter,44430.53,0.3303,0.0627,0.01123,0.219,0.5763,123.0,0.7739,16,0.1795,3.31,0.554,1.0,640
GIG_4832,ride_hailing,bengaluru,bike,14348.41,0.3112,0.05495,0.01221,0.4379,0.783,100.0,0.6207,35,0.3093,3.4,0.388,1.0,792
GIG_4833,food_delivery,pune,bike,23214.34,0.1888,-0.0743,-0.00152,0.5773,0.9904,127.0,0.735,42,0.2954,4.17,0.028,1.0,618
GIG_4834,courier,hyderabad,car,16252.0,0.1975,-0.034,-0.00366,0.3052,0.5532,,0.697,26,0.2261,2.74,-0.078,0.6667,407
GIG_4835,food_delivery,delhi,scooter,28505.87,0.2447,-0.0229,0.00474,0.2371,0.7228,89.0,0.6776,21,0.2022,3.32,0.12,1.0,424
GIG_4836,courier,hyderabad,scooter,33897.05,0.327,0.09215,-0.01635,0.1325,0.777,59.0,0.606,10,0.1285,2.34,-0.469,1.0,300
GIG_4837,food_delivery,delhi,bike,33237.05,0.1769,-0.08465,0.00057,0.503,0.5056,109.0,,37,0.3395,4.66,0.02,0.6667,616
GIG_4838,home_services,bengaluru,none,17184.13,0.2051,-0.02425,-0.00012,0.2287,0.3272,113.0,0.6977,33,0.2592,3.16,0.108,1.0,481
GIG_4839,food_delivery,bengaluru,bike,48083.55,0.3684,0.1236,-0.01801,0.236,0.8152,98.0,0.6353,26,0.259,2.65,-0.358,1.0,332
GIG_4840,home_services,bengaluru,none,30150.25,0.3468,0.11745,-0.01537,0.1241,0.8727,,0.8614,23,0.2389,3.76,-0.483,0.6667,330
GIG_4841,ride_hailing,mumbai,car,46938.65,0.1587,-0.0933,-0.00177,0.6402,0.5009,104.0,,12,0.2027,3.72,-0.13,0.6667,574
GIG_4842,ride_hailing,bengaluru,car,48129.47,0.4081,0.1516,0.01343,0.2168,0.4491,104.0,0.5821,19,0.1394,2.29,0.374,1.0,639
GIG_4843,ride_hailing,delhi,bike,14507.73,0.3082,0.0659,0.00396,0.1556,0.4334,121.0,0.6483,34,0.3176,3.48,-0.038,1.0,455
GIG_4844,food_delivery,bengaluru,scooter,14148.59,0.2584,-0.0044,-0.00978,0.3749,0.6962,93.0,0.7691,33,0.2934,3.79,-0.306,1.0,420
GIG_4845,ride_hailing,hyderabad,car,38105.86,0.2179,-0.0223,0.00305,0.3134,0.4979,93.0,,28,0.2636,3.13,0.156,0.6667,469
GIG_4846,courier,pune,scooter,45828.76,0.1764,-0.05495,0.00031,0.3681,0.4713,84.0,0.896,18,0.2022,,,0.6667,500
GIG_4847,ride_hailing,bengaluru,car,48782.63,0.2929,0.0364,-0.00116,0.3059,0.528,119.0,0.8449,25,0.2962,3.63,0.12,1.0,580
GIG_4848,courier,pune,bike,25644.84,0.2957,0.0631,0.00474,0.1534,0.4451,91.0,,33,0.2717,2.76,0.143,0.6667,626
GIG_4849,home_services,mumbai,none,16266.74,0.2681,0.0283,-0.00108,0.2638,0.4324,85.0,0.6505,27,0.2427,3.15,-0.182,1.0,491
GIG_4850,food_delivery,pune,bike,40035.23,0.2934,0.0303,0.01156,0.2205,0.4413,86.0,0.5605,12,0.176,2.97,0.329,1.0,603
GIG_4851,ride_hailing,hyderabad,car,51763.98,0.2054,-0.0348,-0.00085,0.35,0.3021,122.0,0.9476,26,0.3141,3.7,-0.02,1.0,559
GIG_4852,food_delivery,bengaluru,scooter,42578.52,0.2692,0.0064,0.01062,0.4256,0.3912,95.0,0.8163,27,0.2685,3.69,0.22,1.0,758
GIG_4853,ride_hailing,bengaluru,car,30464.76,0.3093,0.0528,0.01167,0.4701,1.7347,111.0,0.8545,24,0.3375,4.22,0.511,1.0,748
GIG_4854,food_delivery,delhi,bike,25742.23,0.2198,-0.04175,-0.00053,0.432,0.4976,102.0,0.7888,29,0.2967,3.66,-0.25,1.0,630
GIG_4855,home_services,pune,none,53761.14,0.2404,0.0044,0.01137,0.5732,0.3428,117.0,0.8255,36,0.2917,4.01,0.521,1.0,772
GIG_4856,courier,hyderabad,car,35977.04,0.317,0.0855,-0.01409,0.2023,0.689,102.0,0.8692,21,0.1943,2.81,-0.366,1.0,300
GIG_4857,food_delivery,delhi,scooter,50375.36,0.2739,0.0063,0.00895,0.3488,0.5765,124.0,0.6362,20,0.232,2.99,0.128,1.0,628
GIG_4858,ride_hailing,mumbai,car,38141.69,0.4087,0.1567,-0.01612,0.1894,0.4608,101.0,0.945,27,0.2433,3.62,-0.577,1.0,300
GIG_4859,ride_hailing,delhi,car,49867.09,0.256,0.0158,-0.0039,0.4241,0.6207,117.0,,15,0.2333,3.35,-0.266,0.6667,476
GIG_4860,courier,hyderabad,car,48861.79,0.226,-0.0055,0.00887,0.6144,0.6334,95.0,0.6816,7,0.1682,3.24,0.241,1.0,646
GIG_4861,food_delivery,bengaluru,bike,24342.73,0.2249,-0.0199,0.00837,0.5166,0.3759,,0.7234,30,0.2912,3.47,0.366,0.6667,674
GIG_4862,ride_hailing,hyderabad,car,15568.76,0.2091,-0.0311,7e-05,0.3983,0.4208,89.0,0.6131,23,0.2112,3.02,-0.029,1.0,564
GIG_4863,ride_hailing,pune,car,45029.08,0.2404,-0.0094,-0.00419,0.3172,1.3702,123.0,0.9331,36,0.3307,4.07,0.065,1.0,536
GIG_4864,ride_hailing,pune,car,14387.95,0.4352,0.1854,-0.02175,0.2531,0.5258,86.0,0.8673,20,0.2755,3.46,-0.442,1.0,461
GIG_4865,ride_hailing,mumbai,car,24066.39,0.1754,-0.0766,-0.00238,0.5241,0.7149,91.0,0.975,23,0.198,3.95,-0.075,1.0,557
GIG_4866,food_delivery,pune,scooter,23403.49,0.374,0.1114,0.01518,0.271,0.7137,101.0,0.5,27,0.2329,2.9,0.446,1.0,673
GIG_4867,courier,delhi,bike,19166.04,0.1805,-0.0815,0.00074,0.3839,0.8083,120.0,0.8396,37,0.3038,4.18,-0.145,1.0,596
GIG_4868,ride_hailing,mumbai,car,19777.12,0.2478,-0.0042,-0.00383,0.4175,0.4495,127.0,0.8513,33,0.3076,3.87,-0.336,1.0,489
GIG_4869,food_delivery,delhi,scooter,47402.72,0.2731,0.0055,-0.00272,0.2272,0.6971,123.0,,17,0.2294,,,0.3333,366
GIG_4870,food_delivery,pune,scooter,15301.72,0.2037,-0.0589,0.00318,0.2932,0.389,65.0,0.6881,27,0.26,,,0.6667,599
GIG_4871,home_services,pune,car,17229.65,0.2979,0.0673,-0.00799,0.2712,0.6596,100.0,0.9429,30,0.2957,4.16,-0.207,1.0,595
GIG_4872,ride_hailing,delhi,car,51941.49,0.2169,-0.0233,0.00278,0.3533,0.4904,109.0,0.7363,24,0.2182,3.04,-0.02,1.0,493
GIG_4873,courier,bengaluru,car,20918.7,0.2973,0.0513,-0.00322,0.1889,0.2889,81.0,0.5463,32,0.2394,3.21,0.05,1.0,473
GIG_4874,home_services,hyderabad,none,21436.12,0.2411,0.0046,-0.01379,0.5289,0.4455,89.0,0.7435,25,0.2892,3.89,-0.457,1.0,509
GIG_4875,ride_hailing,bengaluru,car,13228.92,0.2973,0.0408,-0.01607,0.3262,0.5473,86.0,0.6853,20,0.2178,3.77,-0.476,1.0,416
GIG_4876,ride_hailing,bengaluru,car,52766.05,0.229,-0.0275,-0.00221,0.2232,1.2069,138.0,,40,0.2873,3.94,-0.033,0.6667,492
GIG_4877,courier,delhi,bike,45474.1,0.2823,0.0203,-0.00422,0.1487,0.4342,107.0,0.5836,19,0.2039,3.04,0.064,1.0,414
GIG_4878,food_delivery,hyderabad,scooter,15745.73,0.1838,-0.07855,0.00025,0.5621,0.3721,118.0,0.7835,38,0.3119,3.85,0.114,1.0,667
GIG_4879,ride_hailing,pune,car,38957.79,0.2799,0.0301,0.00404,0.2615,1.184,105.0,0.6438,18,0.1972,3.2,0.074,1.0,405
GIG_4880,food_delivery,bengaluru,bike,51507.51,0.2873,0.0425,0.00154,0.2948,0.715,139.0,0.5347,33,0.241,3.45,0.048,1.0,573
GIG_4881,home_services,bengaluru,car,30544.05,0.2364,-0.0065,0.00255,0.2778,0.5475,92.0,0.519,35,0.3061,2.85,0.068,1.0,661
GIG_4882,food_delivery,bengaluru,bike,43661.32,0.1839,-0.0609,0.0,0.4052,0.5395,106.0,0.7198,18,0.2645,4.31,-0.032,1.0,754
GIG_4883,home_services,hyderabad,none,40879.46,0.2311,-0.0054,-0.00565,0.2739,0.6517,102.0,0.8562,32,0.2697,3.3,-0.245,1.0,515
GIG_4884,food_delivery,bengaluru,bike,29557.52,0.3046,0.0598,-0.0105,0.1656,0.4324,96.0,0.56,31,0.2043,2.65,-0.282,1.0,335
GIG_4885,ride_hailing,hyderabad,car,21783.96,0.2773,0.0371,0.01008,0.4197,0.7853,96.0,0.6609,29,0.2448,3.24,0.315,1.0,708
GIG_4886,ride_hailing,pune,car,14519.77,0.2857,0.0359,0.00646,0.1689,0.6969,81.0,0.9223,18,0.238,3.82,-0.109,1.0,431
GIG_4887,courier,mumbai,scooter,19139.75,0.2067,-0.0266,-0.0005,0.1458,0.6233,,0.5083,7,0.1208,2.51,-0.038,0.6667,365
GIG_4888,courier,mumbai,scooter,48324.9,0.2674,0.0341,0.00356,0.1402,1.0784,124.0,0.5,22,0.2268,2.53,-0.077,1.0,496
GIG_4889,food_delivery,hyderabad,scooter,41988.13,0.2025,-0.05985,-0.00046,0.5036,0.7373,88.0,0.8151,14,0.1888,3.59,-0.145,1.0,573
GIG_4890,courier,hyderabad,car,15934.96,0.272,0.0405,0.00243,0.2277,0.6587,95.0,0.5282,34,0.2573,3.66,0.223,1.0,625
GIG_4891,home_services,hyderabad,none,34667.41,0.2643,0.0278,-0.00844,0.4269,0.7103,123.0,,39,0.3128,3.83,-0.178,0.6667,407
GIG_4892,home_services,pune,none,33895.15,0.1764,-0.0596,0.00239,0.5653,0.778,109.0,0.883,35,0.2691,4.2,0.007,1.0,511
GIG_4893,ride_hailing,delhi,car,43271.77,0.1616,-0.0786,-0.00124,0.5823,0.737,120.0,0.652,36,0.2933,3.64,-0.081,1.0,650
GIG_4894,ride_hailing,hyderabad,car,37508.13,0.2185,-0.0217,0.01098,0.6714,0.3925,111.0,0.769,35,0.2901,4.53,0.44,1.0,724
GIG_4895,ride_hailing,mumbai,car,27483.22,0.3802,0.1282,-0.01709,0.1349,0.8092,86.0,,14,0.1372,2.35,-0.643,0.6667,317
GIG_4896,ride_hailing,mumbai,car,33069.93,0.2005,-0.0515,-0.00187,0.1519,0.3404,98.0,0.7399,26,0.2635,3.44,-0.035,1.0,486
GIG_4897,ride_hailing,delhi,bike,29602.7,0.2435,0.0012,0.00819,0.3706,0.8522,86.0,0.6374,27,0.2574,3.42,0.145,1.0,555
GIG_4898,food_delivery,hyderabad,bike,20330.74,0.2179,-0.0526,-0.00564,0.433,0.7327,100.0,,47,0.3097,3.66,-0.288,0.6667,504
GIG_4899,food_delivery,delhi,bike,19500.89,0.5454,0.28385,0.02058,0.1955,1.0246,,0.8736,20,0.2797,3.05,0.342,0.6667,633
GIG_4900,food_delivery,bengaluru,bike,32995.69,0.3093,0.0645,-0.00052,0.1705,0.7029,,,18,0.2209,3.01,-0.115,0.3333,428
GIG_4901,food_delivery,pune,bike,24140.02,0.4319,0.1688,0.0136,0.1987,1.4928,78.0,,31,0.2789,4.02,0.533,0.6667,682
GIG_4902,food_delivery,bengaluru,car,50594.22,0.2317,-0.0287,-0.00758,0.4938,0.7234,136.0,0.961,27,0.2896,3.73,-0.578,1.0,588
GIG_4903,ride_hailing,hyderabad,car,36343.34,0.2397,-0.0005,-0.01178,0.2993,0.8937,103.0,0.5938,19,0.2467,3.22,-0.417,1.0,399
GIG_4904,ride_hailing,mumbai,car,40610.77,0.1491,-0.1029,0.00198,0.6215,0.2097,96.0,0.5,23,0.2602,3.34,0.193,1.0,567
GIG_4905,food_delivery,mumbai,scooter,16320.5,0.2857,0.0247,-0.00279,0.2384,1.0055,,,25,0.2319,3.2,-0.044,0.3333,439
GIG_4906,home_services,delhi,none,51749.24,0.1997,-0.0419,-0.00144,0.5371,0.7926,133.0,,29,0.256,3.03,0.146,0.6667,606
GIG_4907,ride_hailing,hyderabad,car,32601.5,0.2101,-0.0301,0.00073,0.2465,0.7498,105.0,0.8151,38,0.3144,3.65,-0.136,1.0,542
GIG_4908,ride_hailing,mumbai,car,48738.63,0.3802,0.1282,-0.01831,0.3068,0.6155,149.0,0.8514,36,0.3308,3.57,-0.466,1.0,447
GIG_4909,home_services,pune,none,32394.69,0.2448,0.0088,0.00634,0.4194,0.592,120.0,0.5994,30,0.2587,3.58,0.219,1.0,667
GIG_4910,courier,delhi,scooter,32372.18,0.2405,-0.01095,-0.01062,0.4753,0.6776,,0.7245,13,0.2109,2.84,-0.619,0.6667,414
GIG_4911,food_delivery,hyderabad,bike,11257.73,0.3271,0.0566,-0.01738,0.292,0.7245,75.0,0.7339,28,0.3104,3.78,-0.376,1.0,382
GIG_4912,home_services,delhi,none,16429.53,0.2786,0.037,0.00903,0.3337,0.3759,78.0,0.8786,22,0.2273,3.21,0.282,1.0,679
GIG_4913,home_services,bengaluru,car,26768.76,0.1675,-0.0754,0.00455,0.4795,0.3581,106.0,0.6635,21,0.2403,3.0,0.036,1.0,657
GIG_4914,courier,hyderabad,car,45930.76,0.2049,-0.0266,-0.00139,0.543,0.5898,138.0,0.5244,41,0.339,4.22,-0.115,1.0,709
GIG_4915,courier,hyderabad,scooter,34663.76,0.1835,-0.05135,0.00425,0.372,0.4559,78.0,0.94,14,0.2221,3.4,0.271,1.0,642
GIG_4916,food_delivery,delhi,bike,22227.85,0.205,-0.05655,0.00023,0.4513,0.429,88.0,0.7275,21,0.1761,3.19,-0.086,1.0,571
GIG_4917,food_delivery,pune,bike,20052.27,0.3012,0.0381,-0.00535,0.2074,0.5006,95.0,0.5997,30,0.2559,3.06,-0.057,1.0,483
GIG_4918,food_delivery,bengaluru,scooter,33599.72,0.2156,-0.0472,0.00283,0.3678,0.5137,86.0,0.7223,22,0.207,3.67,0.072,1.0,524
GIG_4919,ride_hailing,hyderabad,car,56042.43,0.1627,-0.0775,-0.0053,0.5578,0.3838,138.0,1.0,24,0.2844,4.1,-0.287,1.0,706
GIG_4920,food_delivery,mumbai,scooter,40961.68,0.3056,0.0446,0.01187,0.4665,1.145,118.0,0.5,36,0.2834,3.61,0.324,1.0,591
GIG_4921,food_delivery,hyderabad,bike,27509.17,0.192,-0.0785,-0.00124,0.401,0.4651,71.0,0.6824,10,0.1642,,,0.6667,484
GIG_4922,ride_hailing,bengaluru,car,19351.91,0.3464,0.0899,-0.01287,0.2126,0.763,,,32,0.2935,3.6,-0.204,0.3333,411
GIG_4923,ride_hailing,hyderabad,car,32370.9,0.1758,-0.0644,-0.00257,0.4576,0.4178,109.0,0.6824,39,0.3448,4.31,0.098,1.0,692
GIG_4924,ride_hailing,hyderabad,car,23712.37,0.3627,0.1225,-0.01992,0.3149,0.466,135.0,0.9218,32,0.3734,4.11,-0.37,1.0,576
GIG_4925,ride_hailing,hyderabad,car,37774.08,0.2902,0.05,0.01139,0.3166,0.3515,120.0,0.7746,38,0.2483,3.09,0.499,1.0,693
GIG_4926,home_services,hyderabad,none,38717.28,0.2462,0.0097,4e-05,0.3094,0.9041,88.0,0.5897,22,0.1934,,,0.6667,562
GIG_4927,courier,mumbai,scooter,17027.54,0.2746,0.0413,-0.00657,0.2203,0.5624,75.0,0.8083,21,0.2799,3.19,-0.042,1.0,573
GIG_4928,courier,mumbai,car,15870.65,0.1697,-0.0471,-0.00255,0.3952,0.5508,92.0,0.574,30,0.2954,3.71,-0.019,1.0,572
GIG_4929,courier,bengaluru,bike,12816.32,0.214,-0.0274,-0.00097,0.3321,0.5873,62.0,0.9051,26,0.2752,3.75,0.073,1.0,622
GIG_4930,ride_hailing,mumbai,car,49557.57,0.2907,0.0387,-0.00561,0.2509,0.4882,76.0,0.5,19,0.1565,2.3,-0.309,1.0,441
GIG_4931,ride_hailing,hyderabad,car,35733.43,0.1949,-0.0453,0.00144,0.475,0.545,113.0,0.8372,22,0.2371,4.2,0.214,1.0,619
GIG_4932,ride_hailing,delhi,car,32489.3,0.2033,-0.0369,0.00494,0.4496,1.1587,79.0,0.5513,19,0.1953,3.23,0.03,1.0,611
GIG_4933,courier,pune,scooter,16239.13,0.1963,-0.03505,-0.00415,0.4044,0.3119,87.0,0.9567,27,0.3717,3.83,-0.296,1.0,662
GIG_4934,food_delivery,pune,car,15328.06,0.228,-0.0473,-0.00219,0.3497,0.619,45.0,0.7225,8,0.1707,,,0.6667,495
GIG_4935,ride_hailing,bengaluru,car,37345.07,0.3762,0.1197,-0.01672,0.2211,0.6599,104.0,,36,0.2567,3.2,-0.534,0.6667,404
GIG_4936,ride_hailing,pune,car,25087.18,0.1989,-0.0509,0.00233,0.2733,0.8192,116.0,0.787,18,0.2443,3.11,-0.063,1.0,506
GIG_4937,home_services,pune,bike,39776.4,0.4037,0.1692,-0.01424,0.2455,1.3124,98.0,0.8137,26,0.261,3.14,-0.567,1.0,321
GIG_4938,courier,hyderabad,scooter,38774.82,0.2564,0.02155,0.00666,0.235,0.6959,128.0,0.7944,35,0.2804,3.06,0.308,1.0,605
GIG_4939,ride_hailing,hyderabad,car,43803.34,0.2801,0.0399,-0.00356,0.2519,0.5626,84.0,0.6759,24,0.1368,2.65,0.231,1.0,528
GIG_4940,home_services,delhi,none,41059.71,0.2375,-0.0041,0.00398,0.3347,0.7651,94.0,,16,0.1988,3.21,0.263,0.6667,437
GIG_4941,food_delivery,bengaluru,scooter,29974.53,0.1947,-0.0681,-0.00217,0.4109,0.4785,111.0,0.8297,31,0.3353,3.88,-0.104,1.0,668
GIG_4942,ride_hailing,bengaluru,car,40260.49,0.332,0.0755,-0.01742,0.3841,0.9248,92.0,0.7117,25,0.2576,3.32,-0.342,1.0,370
GIG_4943,ride_hailing,delhi,car,43692.31,0.2048,-0.0354,0.00537,0.44,0.7802,136.0,0.6262,35,0.2739,3.2,0.069,1.0,443
GIG_4944,ride_hailing,mumbai,car,51929.74,0.2945,0.0425,-0.01424,0.4912,0.7988,154.0,0.6078,27,0.2643,3.55,-0.526,1.0,308
GIG_4945,ride_hailing,mumbai,car,50294.64,0.1867,-0.0653,-0.0006,0.5983,0.4559,98.0,,7,0.169,3.29,0.146,0.6667,650
GIG_4946,ride_hailing,bengaluru,car,47291.86,0.3426,0.0861,-0.01943,0.2712,0.2351,86.0,0.7199,14,0.1689,2.62,-0.35,1.0,403
GIG_4947,home_services,delhi,car,50147.27,0.1832,-0.0196,-0.00606,0.5922,0.5686,99.0,,24,0.2552,3.96,-0.268,0.6667,455
GIG_4948,courier,hyderabad,bike,27738.94,0.157,-0.0818,0.00195,0.4527,0.4634,74.0,0.6529,34,0.2857,3.68,-0.093,1.0,607
GIG_4949,courier,pune,bike,20056.12,0.3291,0.0965,-0.01588,0.482,0.7971,38.0,0.6404,10,0.176,3.06,-0.613,1.0,421
GIG_4950,courier,mumbai,bike,42920.54,0.3314,0.1129,-0.00108,0.0969,1.0031,92.0,,21,0.2339,2.69,0.073,0.6667,329
GIG_4951,home_services,bengaluru,bike,14041.92,0.2741,0.0388,-0.00878,0.3264,0.8626,53.0,0.6697,15,0.1627,2.74,-0.288,1.0,414
GIG_4952,food_delivery,delhi,scooter,54912.94,0.21,-0.0576,0.00519,0.4114,0.442,145.0,0.8174,27,0.2867,4.04,-0.061,1.0,676
GIG_4953,food_delivery,hyderabad,scooter,31416.05,0.1911,-0.07125,0.00016,0.6762,0.9692,115.0,1.0,34,0.293,4.76,-0.068,1.0,680
GIG_4954,courier,mumbai,bike,18739.64,0.2784,0.0599,-0.01445,0.3132,0.6819,74.0,0.594,22,0.1617,,,0.6667,300
GIG_4955,food_delivery,delhi,scooter,14067.94,0.179,-0.0886,0.00439,0.6257,0.5426,,0.6114,27,0.2326,3.38,0.032,0.6667,725
GIG_4956,food_delivery,mumbai,bike,16528.43,0.2448,-0.0073,-0.00282,0.2221,0.7256,107.0,0.8856,30,0.2996,3.96,-0.272,1.0,675
GIG_4957,ride_hailing,bengaluru,car,20429.14,0.2951,0.0386,0.00072,0.2998,0.7779,,0.614,20,0.18,3.24,0.16,0.6667,521
GIG_4958,food_delivery,pune,bike,21691.49,0.2785,0.0154,-0.01281,0.5319,0.4483,81.0,0.6181,22,0.2256,3.12,-0.496,1.0,483
GIG_4959,food_delivery,bengaluru,scooter,39396.32,0.2612,-0.0016,-0.01127,0.5214,0.8661,76.0,0.6477,11,0.1562,3.63,-0.294,1.0,479
GIG_4960,food_delivery,mumbai,scooter,30629.04,0.238,-0.023,0.00011,0.4207,0.4743,112.0,0.7422,30,0.309,4.11,-0.016,1.0,647
GIG_4961,ride_hailing,delhi,car,14478.36,0.1419,-0.0983,-0.00389,0.6926,0.3132,90.0,0.5,25,0.2594,3.06,-0.06,1.0,618
GIG_4962,food_delivery,bengaluru,bike,52662.14,0.2063,-0.0385,-0.00319,0.4108,0.5689,126.0,0.7219,23,0.2135,3.36,0.11,1.0,584
GIG_4963,food_delivery,mumbai,scooter,15952.02,0.2397,-0.0213,0.00675,0.2814,0.7335,82.0,1.0,24,0.2558,3.62,0.223,1.0,777
GIG_4964,courier,bengaluru,scooter,49135.77,0.1704,-0.0611,0.00058,0.5668,0.6004,123.0,0.6142,29,0.2811,,,0.6667,641
GIG_4965,courier,hyderabad,scooter,40766.51,0.325,0.09015,-0.01709,0.2979,1.094,129.0,0.8752,36,0.2818,3.29,-0.312,1.0,465
GIG_4966,home_services,bengaluru,none,35401.89,0.2956,0.06625,0.01211,0.2213,0.7624,104.0,0.5522,40,0.2205,,,0.6667,683
GIG_4967,courier,pune,scooter,48910.48,0.1752,-0.05615,0.0004,0.4131,0.65,94.0,0.7442,17,0.2307,3.79,0.042,1.0,562
GIG_4968,ride_hailing,hyderabad,car,48297.62,0.277,0.0368,-0.01096,0.3894,0.6766,80.0,0.6673,11,0.1931,2.85,-0.445,1.0,572
GIG_4969,courier,pune,scooter,31641.15,0.1516,-0.07975,-0.00222,0.6854,0.657,101.0,0.8159,15,0.2691,3.91,0.033,1.0,586
GIG_4970,food_delivery,mumbai,scooter,41129.3,0.2636,0.0026,0.0132,0.5125,0.7838,98.0,0.5965,18,0.1882,3.05,0.499,1.0,720
GIG_4971,courier,hyderabad,bike,37738.3,0.1633,-0.0755,0.00059,0.4464,1.1056,71.0,0.9876,13,0.2247,3.47,-0.018,1.0,572
GIG_4972,courier,pune,scooter,18257.99,0.246,0.01465,0.0086,0.3773,1.1704,75.0,,8,0.1587,2.56,0.26,0.6667,637
GIG_4973,food_delivery,hyderabad,bike,33410.45,0.2273,-0.0432,-3e-05,0.2888,0.9322,102.0,0.7335,20,0.2617,3.17,-0.042,1.0,597
GIG_4974,ride_hailing,mumbai,scooter,25482.34,0.2856,0.0569,0.0126,0.3351,0.6115,97.0,0.9126,21,0.2263,3.37,0.582,1.0,698
GIG_4975,food_delivery,hyderabad,scooter,19108.54,0.327,0.06465,0.00736,0.1651,0.767,73.0,0.8874,13,0.2145,3.48,-0.152,1.0,535
GIG_4976,home_services,mumbai,car,48969.91,0.3912,0.1627,-0.01994,0.2379,0.8111,140.0,,43,0.3113,3.94,-0.542,0.6667,440
GIG_4977,ride_hailing,bengaluru,car,34860.74,0.1874,-0.0691,-0.00011,0.5061,0.8481,112.0,0.5396,34,0.2598,3.56,-0.024,1.0,470
GIG_4978,courier,mumbai,bike,13835.94,0.2764,0.0579,-0.00408,0.1637,0.6294,84.0,0.794,17,0.2401,2.88,-0.121,1.0,473
GIG_4979,ride_hailing,hyderabad,car,38569.1,0.3081,0.0679,-0.01647,0.2631,0.5882,113.0,,36,0.2941,3.79,-0.337,0.6667,421
GIG_4980,home_services,delhi,none,27035.56,0.3168,0.0752,-0.01592,0.2743,0.6772,92.0,0.7077,29,0.2438,3.07,-0.495,1.0,403
GIG_4981,ride_hailing,hyderabad,car,20988.51,0.3661,0.1259,0.0057,0.2248,0.407,59.0,0.7885,26,0.1422,2.33,0.188,1.0,485
GIG_4982,home_services,hyderabad,none,21884.58,0.1961,-0.0404,-0.00234,0.3149,0.7061,75.0,0.8575,14,0.2308,3.45,-0.155,1.0,598
GIG_4983,food_delivery,mumbai,bike,43035.84,0.1787,-0.0734,-0.00302,0.5898,0.7246,,0.634,11,0.1707,3.7,0.037,0.6667,674
GIG_4984,food_delivery,hyderabad,bike,31722.4,0.3038,0.0333,0.00034,0.1496,0.6127,91.0,0.7559,19,0.201,3.36,0.153,1.0,484
GIG_4985,courier,mumbai,scooter,27983.0,0.2898,0.0565,0.00556,0.3104,0.7032,122.0,0.977,40,0.3612,4.59,0.211,1.0,696
GIG_4986,food_delivery,bengaluru,scooter,21657.75,0.3188,0.056,0.01478,0.24,0.5718,78.0,0.6838,31,0.2658,2.82,0.381,1.0,556
GIG_4987,ride_hailing,bengaluru,bike,35598.91,0.3155,0.05925,0.01367,0.2676,0.3645,96.0,0.6921,31,0.2855,2.6,0.4,1.0,709
GIG_4988,food_delivery,hyderabad,bike,38648.84,0.2541,-0.0164,0.00143,0.2577,0.4094,75.0,0.8753,26,0.2032,2.77,-0.033,1.0,545
GIG_4989,courier,pune,scooter,48117.27,0.1907,-0.04065,-0.00395,0.6484,0.5772,94.0,,21,0.2397,3.31,-0.151,0.6667,611
GIG_4990,ride_hailing,bengaluru,car,30008.35,0.1821,-0.0744,0.0047,0.6053,0.3268,117.0,0.8675,32,0.3349,4.19,0.17,1.0,765
GIG_4991,ride_hailing,delhi,car,35696.83,0.2836,0.0434,0.00202,0.1788,0.554,91.0,1.0,15,0.2049,3.34,0.213,1.0,375
GIG_4992,food_delivery,pune,bike,34302.76,0.2837,0.0206,0.01158,0.5867,0.9103,116.0,0.6904,32,0.3238,,,0.6667,611
GIG_4993,home_services,pune,bike,35074.32,0.2831,0.0486,0.01031,0.2203,0.2573,86.0,0.7868,17,0.1442,3.1,0.346,1.0,607
GIG_4994,home_services,hyderabad,car,16296.14,0.1938,-0.0416,-0.00487,0.4006,0.5397,60.0,,25,0.1912,3.44,0.048,0.6667,528
GIG_4995,food_delivery,hyderabad,bike,36104.33,0.27,-0.0005,0.00727,0.3114,0.7605,100.0,,34,0.2759,3.54,0.336,0.6667,728
GIG_4996,ride_hailing,hyderabad,car,13932.59,0.2687,0.0285,0.00832,0.406,0.3698,76.0,0.5913,31,0.209,3.66,0.646,1.0,749
GIG_4997,courier,mumbai,scooter,10314.86,0.4658,0.2325,-0.01378,0.1118,0.9666,,0.5522,27,0.1869,2.38,-0.488,0.6667,300
GIG_4998,food_delivery,pune,scooter,17005.43,0.188,-0.0746,0.00366,0.5656,0.9979,70.0,0.7024,21,0.2328,3.55,-0.094,1.0,704
GIG_4999,courier,hyderabad,bike,26845.67,0.2617,0.0229,0.01451,0.3131,0.3353,117.0,,31,0.2735,2.88,0.472,0.6667,705
GIG_5000,ride_hailing,mumbai,car,16568.15,0.2243,-0.0277,0.00055,0.4793,0.4978,115.0,,35,0.2703,,,0.3333,619
TWIN_HEALTHY,food_delivery,delhi,bike,30000.0,0.38,0.11845,0.0027,0.728,0.3046,110.0,0.9,26,0.17,4.55,0.12,1.0,712
TWIN_RISKY,food_delivery,delhi,bike,30000.0,0.38,0.11845,-0.01316,0.2491,2.9583,110.0,0.9,26,0.17,4.55,-0.22,1.0,300
